signal_month,period,model,decile,return,stocks
2018-01-31,development,ols,1,-0.04409042515848342,206
2018-01-31,development,ols,2,-0.050243700088075,242
2018-01-31,development,ols,3,-0.05293500889841305,239
2018-01-31,development,ols,4,-0.03148734342467767,239
2018-01-31,development,ols,5,-0.06280444934528485,259
2018-01-31,development,ols,6,-0.03760800530235863,223
2018-01-31,development,ols,7,-0.0368307699240695,234
2018-01-31,development,ols,8,-0.03759051265237567,244
2018-01-31,development,ols,9,-0.04921240854466535,237
2018-01-31,development,ols,10,-0.038596679639278014,278
2018-01-31,development,ridge,1,-0.044881912002633834,206
2018-01-31,development,ridge,2,-0.0456406271373612,242
2018-01-31,development,ridge,3,-0.05207803684618051,239
2018-01-31,development,ridge,4,-0.03565748806515608,239
2018-01-31,development,ridge,5,-0.05250244990751465,259
2018-01-31,development,ridge,6,-0.04921795654836514,223
2018-01-31,development,ridge,7,-0.032635853089611006,234
2018-01-31,development,ridge,8,-0.038887700136836664,244
2018-01-31,development,ridge,9,-0.0523742919673709,237
2018-01-31,development,ridge,10,-0.03915055828670111,278
2018-01-31,development,huber,1,-0.04409042515848342,206
2018-01-31,development,huber,2,-0.049495098355019904,242
2018-01-31,development,huber,3,-0.05347896797521408,239
2018-01-31,development,huber,4,-0.03169521314875985,239
2018-01-31,development,huber,5,-0.06291200134249822,259
2018-01-31,development,huber,6,-0.03570372535393849,223
2018-01-31,development,huber,7,-0.038614685737386724,234
2018-01-31,development,huber,8,-0.03706036240855627,244
2018-01-31,development,huber,9,-0.04948638739458984,237
2018-01-31,development,huber,10,-0.03875948672183658,278
2018-01-31,development,tabm_experimental,1,-0.06509586022200589,206
2018-01-31,development,tabm_experimental,2,-0.05091553540488794,242
2018-01-31,development,tabm_experimental,3,-0.053761672855351945,239
2018-01-31,development,tabm_experimental,4,-0.04943870317898143,239
2018-01-31,development,tabm_experimental,5,-0.04887057127532286,259
2018-01-31,development,tabm_experimental,6,-0.030790857716666457,223
2018-01-31,development,tabm_experimental,7,-0.03815088692889366,234
2018-01-31,development,tabm_experimental,8,-0.042186853048933506,244
2018-01-31,development,tabm_experimental,9,-0.036803405886342025,237
2018-01-31,development,tabm_experimental,10,-0.030186485715255795,278
2018-01-31,development,retrieval_experimental,1,-0.050057001339096616,206
2018-01-31,development,retrieval_experimental,2,-0.05157907503155464,242
2018-01-31,development,retrieval_experimental,3,-0.04774484036405965,239
2018-01-31,development,retrieval_experimental,4,-0.051799543173138944,239
2018-01-31,development,retrieval_experimental,5,-0.05046757019038279,259
2018-01-31,development,retrieval_experimental,6,-0.048526879288163134,223
2018-01-31,development,retrieval_experimental,7,-0.03460940210193947,234
2018-01-31,development,retrieval_experimental,8,-0.045980522525056154,244
2018-01-31,development,retrieval_experimental,9,-0.029072735832925186,237
2018-01-31,development,retrieval_experimental,10,-0.034422730023133674,278
2018-02-28,development,ols,1,0.0574223173235352,197
2018-02-28,development,ols,2,0.03967207638170424,226
2018-02-28,development,ols,3,0.04007724052977579,221
2018-02-28,development,ols,4,0.05496766927606918,235
2018-02-28,development,ols,5,0.04450367382059034,238
2018-02-28,development,ols,6,0.03797259420589637,217
2018-02-28,development,ols,7,0.042365366668650296,227
2018-02-28,development,ols,8,0.04373679839874745,229
2018-02-28,development,ols,9,0.03644891252289325,218
2018-02-28,development,ols,10,0.040741802628592415,269
2018-02-28,development,ridge,1,0.06068980920730163,197
2018-02-28,development,ridge,2,0.04210686919862886,226
2018-02-28,development,ridge,3,0.038549954016704586,221
2018-02-28,development,ridge,4,0.05839135131588604,235
2018-02-28,development,ridge,5,0.034814828690997404,238
2018-02-28,development,ridge,6,0.043254429967239494,217
2018-02-28,development,ridge,7,0.04663404317479915,227
2018-02-28,development,ridge,8,0.045144961057588855,229
2018-02-28,development,ridge,9,0.030023232927214275,218
2018-02-28,development,ridge,10,0.039285044558049764,269
2018-02-28,development,huber,1,0.05691349360438185,197
2018-02-28,development,huber,2,0.03819581197802596,226
2018-02-28,development,huber,3,0.044438305508803025,221
2018-02-28,development,huber,4,0.04933123462846426,235
2018-02-28,development,huber,5,0.046211318955312226,238
2018-02-28,development,huber,6,0.03896095634356631,217
2018-02-28,development,huber,7,0.043130770561991466,227
2018-02-28,development,huber,8,0.04362849938594447,229
2018-02-28,development,huber,9,0.03475770579973138,218
2018-02-28,development,huber,10,0.042204566716254756,269
2018-02-28,development,tabm_experimental,1,0.050113855939112974,197
2018-02-28,development,tabm_experimental,2,0.05286506131487707,226
2018-02-28,development,tabm_experimental,3,0.06426685366209936,221
2018-02-28,development,tabm_experimental,4,0.04925029999336504,235
2018-02-28,development,tabm_experimental,5,0.04825057436037797,238
2018-02-28,development,tabm_experimental,6,0.04810746882275953,217
2018-02-28,development,tabm_experimental,7,0.04471368624636007,227
2018-02-28,development,tabm_experimental,8,0.0383227871697666,229
2018-02-28,development,tabm_experimental,9,0.028870695308367438,218
2018-02-28,development,tabm_experimental,10,0.01740942655706989,269
2018-02-28,development,retrieval_experimental,1,0.07587644228915699,197
2018-02-28,development,retrieval_experimental,2,0.06751885039384113,226
2018-02-28,development,retrieval_experimental,3,0.06849350588615997,221
2018-02-28,development,retrieval_experimental,4,0.05638770382227904,235
2018-02-28,development,retrieval_experimental,5,0.04802316318546033,238
2018-02-28,development,retrieval_experimental,6,0.037488671744084705,217
2018-02-28,development,retrieval_experimental,7,0.027419696809831088,227
2018-02-28,development,retrieval_experimental,8,0.027868407583880095,229
2018-02-28,development,retrieval_experimental,9,0.02144314859932107,218
2018-02-28,development,retrieval_experimental,10,0.014803592547472495,269
2018-03-31,development,ols,1,-0.07527133732769853,207
2018-03-31,development,ols,2,-0.04989328734192707,242
2018-03-31,development,ols,3,-0.03974194220006111,235
2018-03-31,development,ols,4,-0.04760238946691832,247
2018-03-31,development,ols,5,-0.04620933810009668,251
2018-03-31,development,ols,6,-0.037038541017892786,227
2018-03-31,development,ols,7,-0.029544737395155243,236
2018-03-31,development,ols,8,-0.04112006368647536,246
2018-03-31,development,ols,9,-0.037413891340644226,231
2018-03-31,development,ols,10,-0.03409737398515192,284
2018-03-31,development,ridge,1,-0.07362707343771903,207
2018-03-31,development,ridge,2,-0.04708906213834929,242
2018-03-31,development,ridge,3,-0.04443159360261031,235
2018-03-31,development,ridge,4,-0.04732168716546436,247
2018-03-31,development,ridge,5,-0.04317329108130676,251
2018-03-31,development,ridge,6,-0.041523041496981536,227
2018-03-31,development,ridge,7,-0.027078157511830892,236
2018-03-31,development,ridge,8,-0.04210860706458702,246
2018-03-31,development,ridge,9,-0.04205824462559976,231
2018-03-31,development,ridge,10,-0.030563579192684032,284
2018-03-31,development,huber,1,-0.07505563663627314,207
2018-03-31,development,huber,2,-0.04995226786556499,242
2018-03-31,development,huber,3,-0.03878494903519757,235
2018-03-31,development,huber,4,-0.04900686783795652,247
2018-03-31,development,huber,5,-0.04584425440488224,251
2018-03-31,development,huber,6,-0.03660651946676973,227
2018-03-31,development,huber,7,-0.028227096950940216,236
2018-03-31,development,huber,8,-0.04344172724025006,246
2018-03-31,development,huber,9,-0.03672341063485919,231
2018-03-31,development,huber,10,-0.0340882325969387,284
2018-03-31,development,tabm_experimental,1,-0.040017036239588036,207
2018-03-31,development,tabm_experimental,2,-0.04941234224551563,242
2018-03-31,development,tabm_experimental,3,-0.04923603917982494,235
2018-03-31,development,tabm_experimental,4,-0.045715309540819225,247
2018-03-31,development,tabm_experimental,5,-0.03766006463071648,251
2018-03-31,development,tabm_experimental,6,-0.05116382226871391,227
2018-03-31,development,tabm_experimental,7,-0.045243499294605805,236
2018-03-31,development,tabm_experimental,8,-0.04091212033786588,246
2018-03-31,development,tabm_experimental,9,-0.043444571098198576,231
2018-03-31,development,tabm_experimental,10,-0.03248333531769767,284
2018-03-31,development,retrieval_experimental,1,-0.048086696537497864,207
2018-03-31,development,retrieval_experimental,2,-0.05213634883982552,242
2018-03-31,development,retrieval_experimental,3,-0.05044283236141795,235
2018-03-31,development,retrieval_experimental,4,-0.04007036004309646,247
2018-03-31,development,retrieval_experimental,5,-0.04392008077080944,251
2018-03-31,development,retrieval_experimental,6,-0.04070375694767551,227
2018-03-31,development,retrieval_experimental,7,-0.03877471116740633,236
2018-03-31,development,retrieval_experimental,8,-0.04588199967243446,246
2018-03-31,development,retrieval_experimental,9,-0.041362651977345996,231
2018-03-31,development,retrieval_experimental,10,-0.033783386818110966,284
2018-04-30,development,ols,1,-0.027789443937434852,210
2018-04-30,development,ols,2,-0.01614850871314554,241
2018-04-30,development,ols,3,-0.02208287071691328,242
2018-04-30,development,ols,4,0.0010627461627621521,247
2018-04-30,development,ols,5,0.0010230039198037538,260
2018-04-30,development,ols,6,-0.013905476201309906,223
2018-04-30,development,ols,7,0.003536279357747813,243
2018-04-30,development,ols,8,0.0003007430425766368,246
2018-04-30,development,ols,9,-0.013455234767065484,237
2018-04-30,development,ols,10,-0.003769629857390309,285
2018-04-30,development,ridge,1,-0.03308910447206358,210
2018-04-30,development,ridge,2,-0.010435613106724957,241
2018-04-30,development,ridge,3,-0.01024320159773994,242
2018-04-30,development,ridge,4,-0.004558973010647542,247
2018-04-30,development,ridge,5,-0.009626569077639884,260
2018-04-30,development,ridge,6,-0.0031580693598959575,223
2018-04-30,development,ridge,7,0.0005071529222404769,243
2018-04-30,development,ridge,8,-0.008091805531559606,246
2018-04-30,development,ridge,9,-0.004271694192124665,237
2018-04-30,development,ridge,10,-0.006380688135910386,285
2018-04-30,development,huber,1,-0.028482162572711512,210
2018-04-30,development,huber,2,-0.015843957960335622,241
2018-04-30,development,huber,3,-0.021952332590070435,242
2018-04-30,development,huber,4,0.00048783421553770675,247
2018-04-30,development,huber,5,0.0008372773480078459,260
2018-04-30,development,huber,6,-0.012821079107119045,223
2018-04-30,development,huber,7,0.0036879825831019246,243
2018-04-30,development,huber,8,0.002234444770130614,246
2018-04-30,development,huber,9,-0.014671716810861483,237
2018-04-30,development,huber,10,-0.004595218283523372,285
2018-04-30,development,tabm_experimental,1,-0.014812163998497623,210
2018-04-30,development,tabm_experimental,2,-0.023238485424719915,241
2018-04-30,development,tabm_experimental,3,0.0034635746960636833,242
2018-04-30,development,tabm_experimental,4,-0.0116614042227993,247
2018-04-30,development,tabm_experimental,5,0.013569126349862303,260
2018-04-30,development,tabm_experimental,6,-0.013184184233769094,223
2018-04-30,development,tabm_experimental,7,-0.002117506404776824,243
2018-04-30,development,tabm_experimental,8,-0.010967617939900405,246
2018-04-30,development,tabm_experimental,9,-0.020866182952899274,237
2018-04-30,development,tabm_experimental,10,-0.00930112993790089,285
2018-04-30,development,retrieval_experimental,1,-0.00570752153057294,210
2018-04-30,development,retrieval_experimental,2,-0.007481908677537705,241
2018-04-30,development,retrieval_experimental,3,-0.025032909877765328,242
2018-04-30,development,retrieval_experimental,4,-0.009732478021747024,247
2018-04-30,development,retrieval_experimental,5,-0.0007100671801805009,260
2018-04-30,development,retrieval_experimental,6,-0.021982597356291395,223
2018-04-30,development,retrieval_experimental,7,0.004351438830862764,243
2018-04-30,development,retrieval_experimental,8,-0.011493364793459875,246
2018-04-30,development,retrieval_experimental,9,-0.0051834667539338705,237
2018-04-30,development,retrieval_experimental,10,-0.005000753378021509,285
2018-05-31,development,ols,1,-0.09831747359773071,220
2018-05-31,development,ols,2,-0.09640932671136836,254
2018-05-31,development,ols,3,-0.11010066211000231,245
2018-05-31,development,ols,4,-0.11085729967005953,255
2018-05-31,development,ols,5,-0.11628584617635505,259
2018-05-31,development,ols,6,-0.1149337321044607,243
2018-05-31,development,ols,7,-0.10536563064945714,243
2018-05-31,development,ols,8,-0.1026630080936073,257
2018-05-31,development,ols,9,-0.10572360699746502,242
2018-05-31,development,ols,10,-0.10571783391543718,292
2018-05-31,development,ridge,1,-0.0981920483716432,220
2018-05-31,development,ridge,2,-0.0978073066113282,254
2018-05-31,development,ridge,3,-0.10901613366200938,245
2018-05-31,development,ridge,4,-0.10880548512320153,255
2018-05-31,development,ridge,5,-0.11608520571325165,259
2018-05-31,development,ridge,6,-0.11080192509781961,243
2018-05-31,development,ridge,7,-0.10817352279689159,243
2018-05-31,development,ridge,8,-0.10184309051585654,257
2018-05-31,development,ridge,9,-0.1079083702014365,242
2018-05-31,development,ridge,10,-0.1074887659264247,292
2018-05-31,development,huber,1,-0.09729003134870572,220
2018-05-31,development,huber,2,-0.09798032654436209,254
2018-05-31,development,huber,3,-0.1089220566868292,245
2018-05-31,development,huber,4,-0.11118247248779768,255
2018-05-31,development,huber,5,-0.1147359451044466,259
2018-05-31,development,huber,6,-0.11615985218344392,243
2018-05-31,development,huber,7,-0.1041306408144712,243
2018-05-31,development,huber,8,-0.10475479946563583,257
2018-05-31,development,huber,9,-0.10748653040034792,242
2018-05-31,development,huber,10,-0.10391031500990033,292
2018-05-31,development,tabm_experimental,1,-0.10682617141613303,220
2018-05-31,development,tabm_experimental,2,-0.11265841982149881,254
2018-05-31,development,tabm_experimental,3,-0.09647568787413281,245
2018-05-31,development,tabm_experimental,4,-0.10364753036334108,255
2018-05-31,development,tabm_experimental,5,-0.1090116198570204,259
2018-05-31,development,tabm_experimental,6,-0.10481420548703639,243
2018-05-31,development,tabm_experimental,7,-0.11414636006056006,243
2018-05-31,development,tabm_experimental,8,-0.10289395665598841,257
2018-05-31,development,tabm_experimental,9,-0.10288080848780565,242
2018-05-31,development,tabm_experimental,10,-0.11261982873608435,292
2018-05-31,development,retrieval_experimental,1,-0.11199911967676267,220
2018-05-31,development,retrieval_experimental,2,-0.12116622302746972,254
2018-05-31,development,retrieval_experimental,3,-0.10162025319956224,245
2018-05-31,development,retrieval_experimental,4,-0.09931414272289132,255
2018-05-31,development,retrieval_experimental,5,-0.10757881840827496,259
2018-05-31,development,retrieval_experimental,6,-0.1120584297532245,243
2018-05-31,development,retrieval_experimental,7,-0.10036495007929047,243
2018-05-31,development,retrieval_experimental,8,-0.10619248394401704,257
2018-05-31,development,retrieval_experimental,9,-0.09959185146294466,242
2018-05-31,development,retrieval_experimental,10,-0.10732326196523581,292
2018-06-30,development,ols,1,-0.07331206413161183,220
2018-06-30,development,ols,2,-0.028619921946398563,256
2018-06-30,development,ols,3,-0.010625941707785577,252
2018-06-30,development,ols,4,-0.005514167617516516,254
2018-06-30,development,ols,5,0.0033014459712137952,268
2018-06-30,development,ols,6,0.003001937870492035,243
2018-06-30,development,ols,7,0.010351043308239506,247
2018-06-30,development,ols,8,0.0072650067773632095,259
2018-06-30,development,ols,9,0.021804732317856658,249
2018-06-30,development,ols,10,0.018302080155443535,294
2018-06-30,development,ridge,1,-0.07398464775532601,220
2018-06-30,development,ridge,2,-0.026136325013539748,256
2018-06-30,development,ridge,3,-0.015571448110611957,252
2018-06-30,development,ridge,4,-0.005612741018679862,254
2018-06-30,development,ridge,5,0.005317492270949023,268
2018-06-30,development,ridge,6,0.011859057223260161,243
2018-06-30,development,ridge,7,0.001428689722100367,247
2018-06-30,development,ridge,8,0.010295020794519473,259
2018-06-30,development,ridge,9,0.017441226611662274,249
2018-06-30,development,ridge,10,0.020330832042983,294
2018-06-30,development,huber,1,-0.07318165784164536,220
2018-06-30,development,huber,2,-0.027985024140747813,256
2018-06-30,development,huber,3,-0.014346238723147546,252
2018-06-30,development,huber,4,-0.003068125544646209,254
2018-06-30,development,huber,5,0.0026024004522970778,268
2018-06-30,development,huber,6,0.005508154906024828,243
2018-06-30,development,huber,7,0.009844689355500492,247
2018-06-30,development,huber,8,0.006839427379176204,259
2018-06-30,development,huber,9,0.02160847476404528,249
2018-06-30,development,huber,10,0.018259539407532506,294
2018-06-30,development,tabm_experimental,1,-0.03028548228832144,220
2018-06-30,development,tabm_experimental,2,-0.032413102171853225,256
2018-06-30,development,tabm_experimental,3,-0.0050485655958520705,252
2018-06-30,development,tabm_experimental,4,-0.005916059794176467,254
2018-06-30,development,tabm_experimental,5,-0.013501041065865194,268
2018-06-30,development,tabm_experimental,6,0.0027009627489379497,243
2018-06-30,development,tabm_experimental,7,0.010585286778188548,247
2018-06-30,development,tabm_experimental,8,0.00014142965052610753,259
2018-06-30,development,tabm_experimental,9,0.011296085471642216,249
2018-06-30,development,tabm_experimental,10,0.015519062634397606,294
2018-06-30,development,retrieval_experimental,1,-0.015029278605405968,220
2018-06-30,development,retrieval_experimental,2,-0.010945999932492484,256
2018-06-30,development,retrieval_experimental,3,-0.004306201833351886,252
2018-06-30,development,retrieval_experimental,4,-0.013895960477114704,254
2018-06-30,development,retrieval_experimental,5,-0.009650230049458244,268
2018-06-30,development,retrieval_experimental,6,0.008404018704930023,243
2018-06-30,development,retrieval_experimental,7,0.001311369581657016,247
2018-06-30,development,retrieval_experimental,8,0.009919420109907845,259
2018-06-30,development,retrieval_experimental,9,0.003041845274885909,249
2018-06-30,development,retrieval_experimental,10,-0.010387467979033983,294
2018-07-31,development,ols,1,-0.09883454541012886,226
2018-07-31,development,ols,2,-0.10223750378559986,259
2018-07-31,development,ols,3,-0.09236269842428596,261
2018-07-31,development,ols,4,-0.07902307080860102,258
2018-07-31,development,ols,5,-0.091527015389281,276
2018-07-31,development,ols,6,-0.08465397642893263,246
2018-07-31,development,ols,7,-0.0885628396863207,253
2018-07-31,development,ols,8,-0.07498948637122137,266
2018-07-31,development,ols,9,-0.07850715356364255,254
2018-07-31,development,ols,10,-0.06744771347939904,298
2018-07-31,development,ridge,1,-0.09883454541012886,226
2018-07-31,development,ridge,2,-0.10223750378559986,259
2018-07-31,development,ridge,3,-0.09236269842428596,261
2018-07-31,development,ridge,4,-0.07902307080860102,258
2018-07-31,development,ridge,5,-0.09223016572147293,276
2018-07-31,development,ridge,6,-0.08386507605622949,246
2018-07-31,development,ridge,7,-0.0885628396863207,253
2018-07-31,development,ridge,8,-0.07498948637122137,266
2018-07-31,development,ridge,9,-0.07850715356364255,254
2018-07-31,development,ridge,10,-0.06744771347939904,298
2018-07-31,development,huber,1,-0.0993293806802454,226
2018-07-31,development,huber,2,-0.1013845132862447,259
2018-07-31,development,huber,3,-0.09214533308670737,261
2018-07-31,development,huber,4,-0.07876012598990262,258
2018-07-31,development,huber,5,-0.09274549494049657,276
2018-07-31,development,huber,6,-0.08447897766234222,246
2018-07-31,development,huber,7,-0.08746880562458378,253
2018-07-31,development,huber,8,-0.07552240516020775,266
2018-07-31,development,huber,9,-0.07873392997307568,254
2018-07-31,development,huber,10,-0.06750760018012936,298
2018-07-31,development,tabm_experimental,1,-0.08665736723640106,226
2018-07-31,development,tabm_experimental,2,-0.09202975897443048,259
2018-07-31,development,tabm_experimental,3,-0.09602193655682967,261
2018-07-31,development,tabm_experimental,4,-0.09215444706465378,258
2018-07-31,development,tabm_experimental,5,-0.08696979792773456,276
2018-07-31,development,tabm_experimental,6,-0.0837898372120598,246
2018-07-31,development,tabm_experimental,7,-0.07930403080596594,253
2018-07-31,development,tabm_experimental,8,-0.08419610919429255,266
2018-07-31,development,tabm_experimental,9,-0.07642142563026284,254
2018-07-31,development,tabm_experimental,10,-0.07733547886298503,298
2018-07-31,development,retrieval_experimental,1,-0.09385697955289947,226
2018-07-31,development,retrieval_experimental,2,-0.08577582880476553,259
2018-07-31,development,retrieval_experimental,3,-0.08180516527403271,261
2018-07-31,development,retrieval_experimental,4,-0.08906730142262274,258
2018-07-31,development,retrieval_experimental,5,-0.08899124123565241,276
2018-07-31,development,retrieval_experimental,6,-0.09358944655862572,246
2018-07-31,development,retrieval_experimental,7,-0.08434632592351092,253
2018-07-31,development,retrieval_experimental,8,-0.08082754036444165,266
2018-07-31,development,retrieval_experimental,9,-0.07491379877827792,254
2018-07-31,development,retrieval_experimental,10,-0.08248437155772892,298
2018-08-31,development,ols,1,-0.021767833555210815,229
2018-08-31,development,ols,2,-0.012277246915670486,267
2018-08-31,development,ols,3,-0.002224920561203584,259
2018-08-31,development,ols,4,-0.0004919048509712872,264
2018-08-31,development,ols,5,-0.0003830812775348471,274
2018-08-31,development,ols,6,-0.005002988930522894,254
2018-08-31,development,ols,7,0.00015204786005199077,256
2018-08-31,development,ols,8,0.006625746121677011,267
2018-08-31,development,ols,9,-0.007315241102898488,259
2018-08-31,development,ols,10,-0.002452467133031666,303
2018-08-31,development,ridge,1,-0.021767833555210815,229
2018-08-31,development,ridge,2,-0.012277246915670486,267
2018-08-31,development,ridge,3,-0.002224920561203584,259
2018-08-31,development,ridge,4,-0.0004919048509712872,264
2018-08-31,development,ridge,5,-0.0003830812775348471,274
2018-08-31,development,ridge,6,-0.005002988930522894,254
2018-08-31,development,ridge,7,0.00015204786005199077,256
2018-08-31,development,ridge,8,0.00698337033155221,267
2018-08-31,development,ridge,9,-0.007870729024281445,259
2018-08-31,development,ridge,10,-0.002292778329066291,303
2018-08-31,development,huber,1,-0.021802202285105286,229
2018-08-31,development,huber,2,-0.011271907182196162,267
2018-08-31,development,huber,3,-0.005635850242089668,259
2018-08-31,development,huber,4,0.003031737130446821,264
2018-08-31,development,huber,5,-0.0014001127990707258,274
2018-08-31,development,huber,6,-0.003458614479115325,254
2018-08-31,development,huber,7,-0.0016133429252579378,256
2018-08-31,development,huber,8,0.006623977470060331,267
2018-08-31,development,huber,9,-0.008405197270699329,259
2018-08-31,development,huber,10,-0.0014170200066685413,303
2018-08-31,development,tabm_experimental,1,-0.009301856902549496,229
2018-08-31,development,tabm_experimental,2,-0.01576070254150293,267
2018-08-31,development,tabm_experimental,3,-0.011177487845936805,259
2018-08-31,development,tabm_experimental,4,0.0015840991657443614,264
2018-08-31,development,tabm_experimental,5,-0.007953877127514263,274
2018-08-31,development,tabm_experimental,6,-0.004849340977596174,254
2018-08-31,development,tabm_experimental,7,0.005245575651640152,256
2018-08-31,development,tabm_experimental,8,0.003236245316362051,267
2018-08-31,development,tabm_experimental,9,-0.0032695169766428535,259
2018-08-31,development,tabm_experimental,10,-0.0010181225802459134,303
2018-08-31,development,retrieval_experimental,1,-0.006597052166171616,229
2018-08-31,development,retrieval_experimental,2,-0.009977238302191566,267
2018-08-31,development,retrieval_experimental,3,-0.01252376514482021,259
2018-08-31,development,retrieval_experimental,4,-0.005251137654400094,264
2018-08-31,development,retrieval_experimental,5,-0.008461955044809844,274
2018-08-31,development,retrieval_experimental,6,-0.0038815191437847826,254
2018-08-31,development,retrieval_experimental,7,-0.0045840080540952765,256
2018-08-31,development,retrieval_experimental,8,-0.001890519033290636,267
2018-08-31,development,retrieval_experimental,9,0.008804032432642231,259
2018-08-31,development,retrieval_experimental,10,0.0010979167629021614,303
2018-09-30,development,ols,1,-0.11475957038507897,231
2018-09-30,development,ols,2,-0.11397754123142438,270
2018-09-30,development,ols,3,-0.09906279471615494,262
2018-09-30,development,ols,4,-0.09796134068385236,270
2018-09-30,development,ols,5,-0.09015220466159152,275
2018-09-30,development,ols,6,-0.0912099125350676,258
2018-09-30,development,ols,7,-0.1049394841458488,257
2018-09-30,development,ols,8,-0.09510438400301845,275
2018-09-30,development,ols,9,-0.08915508067790898,257
2018-09-30,development,ols,10,-0.09305318414417948,307
2018-09-30,development,ridge,1,-0.11475957038507897,231
2018-09-30,development,ridge,2,-0.11397754123142438,270
2018-09-30,development,ridge,3,-0.09906279471615494,262
2018-09-30,development,ridge,4,-0.09796134068385236,270
2018-09-30,development,ridge,5,-0.09015220466159152,275
2018-09-30,development,ridge,6,-0.09075196100220205,258
2018-09-30,development,ridge,7,-0.1053992175912936,257
2018-09-30,development,ridge,8,-0.09510438400301845,275
2018-09-30,development,ridge,9,-0.08915508067790898,257
2018-09-30,development,ridge,10,-0.09305318414417948,307
2018-09-30,development,huber,1,-0.11543756020791394,231
2018-09-30,development,huber,2,-0.11252526824899294,270
2018-09-30,development,huber,3,-0.09866305415068786,262
2018-09-30,development,huber,4,-0.09945727612147326,270
2018-09-30,development,huber,5,-0.08956985393843209,275
2018-09-30,development,huber,6,-0.09305838283163695,258
2018-09-30,development,huber,7,-0.10267623204478654,257
2018-09-30,development,huber,8,-0.09496521382743053,275
2018-09-30,development,huber,9,-0.09008612658551708,257
2018-09-30,development,huber,10,-0.09305389234787552,307
2018-09-30,development,tabm_experimental,1,-0.09931724721737696,231
2018-09-30,development,tabm_experimental,2,-0.09650925717214215,270
2018-09-30,development,tabm_experimental,3,-0.09407484456389369,262
2018-09-30,development,tabm_experimental,4,-0.1003369695434591,270
2018-09-30,development,tabm_experimental,5,-0.10024563405180759,275
2018-09-30,development,tabm_experimental,6,-0.09245162617687762,258
2018-09-30,development,tabm_experimental,7,-0.09795337880150208,257
2018-09-30,development,tabm_experimental,8,-0.10883497442716518,275
2018-09-30,development,tabm_experimental,9,-0.0978862651285447,257
2018-09-30,development,tabm_experimental,10,-0.09835801670669077,307
2018-09-30,development,retrieval_experimental,1,-0.10056586667404728,231
2018-09-30,development,retrieval_experimental,2,-0.0964984281015032,270
2018-09-30,development,retrieval_experimental,3,-0.09824267269025322,262
2018-09-30,development,retrieval_experimental,4,-0.10158435664169638,270
2018-09-30,development,retrieval_experimental,5,-0.0945354587070379,275
2018-09-30,development,retrieval_experimental,6,-0.08879374181466525,258
2018-09-30,development,retrieval_experimental,7,-0.09125184819271952,257
2018-09-30,development,retrieval_experimental,8,-0.11061035282678085,275
2018-09-30,development,retrieval_experimental,9,-0.10237404571051367,257
2018-09-30,development,retrieval_experimental,10,-0.10122597876275155,307
2018-10-31,development,ols,1,0.0249272754672786,234
2018-10-31,development,ols,2,0.03736753108181044,275
2018-10-31,development,ols,3,0.05091174660867851,260
2018-10-31,development,ols,4,0.0542985269699778,274
2018-10-31,development,ols,5,0.049320462354196085,280
2018-10-31,development,ols,6,0.06027727634043865,254
2018-10-31,development,ols,7,0.06038703725271164,266
2018-10-31,development,ols,8,0.05965582212546451,268
2018-10-31,development,ols,9,0.05726328554861309,267
2018-10-31,development,ols,10,0.057628872136284065,310
2018-10-31,development,ridge,1,0.0249272754672786,234
2018-10-31,development,ridge,2,0.03736753108181044,275
2018-10-31,development,ridge,3,0.05078056426947821,260
2018-10-31,development,ridge,4,0.055000112198348675,274
2018-10-31,development,ridge,5,0.04875572326711915,280
2018-10-31,development,ridge,6,0.06027727634043865,254
2018-10-31,development,ridge,7,0.06038703725271164,266
2018-10-31,development,ridge,8,0.05965582212546451,268
2018-10-31,development,ridge,9,0.05726328554861309,267
2018-10-31,development,ridge,10,0.057628872136284065,310
2018-10-31,development,huber,1,0.02492579934768408,234
2018-10-31,development,huber,2,0.03680021506095153,275
2018-10-31,development,huber,3,0.04960208444031242,260
2018-10-31,development,huber,4,0.05605383453598738,274
2018-10-31,development,huber,5,0.04914164807735286,280
2018-10-31,development,huber,6,0.05869345996709022,254
2018-10-31,development,huber,7,0.06403634174961202,266
2018-10-31,development,huber,8,0.058157814870961375,268
2018-10-31,development,huber,9,0.056992223196369755,267
2018-10-31,development,huber,10,0.057536604913176914,310
2018-10-31,development,tabm_experimental,1,0.04552414414683459,234
2018-10-31,development,tabm_experimental,2,0.05012933359245745,275
2018-10-31,development,tabm_experimental,3,0.059364630845136865,260
2018-10-31,development,tabm_experimental,4,0.045245572479560806,274
2018-10-31,development,tabm_experimental,5,0.04379700080766959,280
2018-10-31,development,tabm_experimental,6,0.051560402776770674,254
2018-10-31,development,tabm_experimental,7,0.054813659537087306,266
2018-10-31,development,tabm_experimental,8,0.06196195928468941,268
2018-10-31,development,tabm_experimental,9,0.05316160883190853,267
2018-10-31,development,tabm_experimental,10,0.05012523724174879,310
2018-10-31,development,retrieval_experimental,1,0.046435625179966245,234
2018-10-31,development,retrieval_experimental,2,0.045776468631813574,275
2018-10-31,development,retrieval_experimental,3,0.05323030336309346,260
2018-10-31,development,retrieval_experimental,4,0.04998495188081477,274
2018-10-31,development,retrieval_experimental,5,0.05165353199491499,280
2018-10-31,development,retrieval_experimental,6,0.051113493145660355,254
2018-10-31,development,retrieval_experimental,7,0.05650817492004118,266
2018-10-31,development,retrieval_experimental,8,0.04846407317662373,268
2018-10-31,development,retrieval_experimental,9,0.061690808716465664,267
2018-10-31,development,retrieval_experimental,10,0.05039352376305324,310
2018-11-30,development,ols,1,-0.059112848829033914,238
2018-11-30,development,ols,2,-0.05112659209801467,279
2018-11-30,development,ols,3,-0.04792313647712897,264
2018-11-30,development,ols,4,-0.04132898143699954,278
2018-11-30,development,ols,5,-0.04873665909118628,278
2018-11-30,development,ols,6,-0.04426015133221063,268
2018-11-30,development,ols,7,-0.04086964284448897,265
2018-11-30,development,ols,8,-0.04189051018250026,277
2018-11-30,development,ols,9,-0.033909548022261024,266
2018-11-30,development,ols,10,-0.03433943843730196,310
2018-11-30,development,ridge,1,-0.059112848829033914,238
2018-11-30,development,ridge,2,-0.05112659209801467,279
2018-11-30,development,ridge,3,-0.04792313647712897,264
2018-11-30,development,ridge,4,-0.04132898143699954,278
2018-11-30,development,ridge,5,-0.04873665909118628,278
2018-11-30,development,ridge,6,-0.04426015133221063,268
2018-11-30,development,ridge,7,-0.04086964284448897,265
2018-11-30,development,ridge,8,-0.04189051018250026,277
2018-11-30,development,ridge,9,-0.033909548022261024,266
2018-11-30,development,ridge,10,-0.03433943843730196,310
2018-11-30,development,huber,1,-0.05872049747289595,238
2018-11-30,development,huber,2,-0.0515846572341385,279
2018-11-30,development,huber,3,-0.048476426753792254,264
2018-11-30,development,huber,4,-0.04034272194710972,278
2018-11-30,development,huber,5,-0.04853301276172657,278
2018-11-30,development,huber,6,-0.0456942221032056,268
2018-11-30,development,huber,7,-0.04064646332479915,265
2018-11-30,development,huber,8,-0.04162277149068377,277
2018-11-30,development,huber,9,-0.033351479278108935,266
2018-11-30,development,huber,10,-0.03449339374114429,310
2018-11-30,development,tabm_experimental,1,-0.050140084223634945,238
2018-11-30,development,tabm_experimental,2,-0.05280804447911741,279
2018-11-30,development,tabm_experimental,3,-0.06083264552402431,264
2018-11-30,development,tabm_experimental,4,-0.04385034386320257,278
2018-11-30,development,tabm_experimental,5,-0.04020190950232634,278
2018-11-30,development,tabm_experimental,6,-0.041043338820876685,268
2018-11-30,development,tabm_experimental,7,-0.034711229953331486,265
2018-11-30,development,tabm_experimental,8,-0.03932239283505088,277
2018-11-30,development,tabm_experimental,9,-0.03739130390066135,266
2018-11-30,development,tabm_experimental,10,-0.04146624687400764,310
2018-11-30,development,retrieval_experimental,1,-0.06501633587173238,238
2018-11-30,development,retrieval_experimental,2,-0.05210207910093449,279
2018-11-30,development,retrieval_experimental,3,-0.03520211529774706,264
2018-11-30,development,retrieval_experimental,4,-0.03430055027081957,278
2018-11-30,development,retrieval_experimental,5,-0.0435461344250409,278
2018-11-30,development,retrieval_experimental,6,-0.04902147640792971,268
2018-11-30,development,retrieval_experimental,7,-0.04573443956086019,265
2018-11-30,development,retrieval_experimental,8,-0.03824274762725656,277
2018-11-30,development,retrieval_experimental,9,-0.03720141166782771,266
2018-11-30,development,retrieval_experimental,10,-0.04288013769767965,310
2018-12-31,development,ols,1,-0.08710991052459184,242
2018-12-31,development,ols,2,-0.051410863470561736,277
2018-12-31,development,ols,3,-0.04444283549666407,263
2018-12-31,development,ols,4,-0.035941511935890486,282
2018-12-31,development,ols,5,-0.013514618943934556,283
2018-12-31,development,ols,6,-0.010116227981630904,260
2018-12-31,development,ols,7,-0.009794456730863946,273
2018-12-31,development,ols,8,-0.0001694527811834242,272
2018-12-31,development,ols,9,-0.0038014633334267755,268
2018-12-31,development,ols,10,0.0006268839388485144,316
2018-12-31,development,ridge,1,-0.08710991052459184,242
2018-12-31,development,ridge,2,-0.05155710488994557,277
2018-12-31,development,ridge,3,-0.044197065912105864,263
2018-12-31,development,ridge,4,-0.0360270740903922,282
2018-12-31,development,ridge,5,-0.013514618943934556,283
2018-12-31,development,ridge,6,-0.010116227981630904,260
2018-12-31,development,ridge,7,-0.009794456730863946,273
2018-12-31,development,ridge,8,-0.00046995000036411766,272
2018-12-31,development,ridge,9,-0.0034964810811239817,268
2018-12-31,development,ridge,10,0.0006268839388485144,316
2018-12-31,development,huber,1,-0.08686402271762993,242
2018-12-31,development,huber,2,-0.05222416259285783,277
2018-12-31,development,huber,3,-0.04474403782928941,263
2018-12-31,development,huber,4,-0.035072734556203605,282
2018-12-31,development,huber,5,-0.013959241926636492,283
2018-12-31,development,huber,6,-0.008588571163195518,260
2018-12-31,development,huber,7,-0.009867177638860428,273
2018-12-31,development,huber,8,-0.0002252987171881216,272
2018-12-31,development,huber,9,-0.004997085876041127,268
2018-12-31,development,huber,10,0.0008930462021662714,316
2018-12-31,development,tabm_experimental,1,-0.02696793455344894,242
2018-12-31,development,tabm_experimental,2,-0.042053439184700184,277
2018-12-31,development,tabm_experimental,3,-0.032111252437293736,263
2018-12-31,development,tabm_experimental,4,-0.03277509791464681,282
2018-12-31,development,tabm_experimental,5,-0.030218266883226156,283
2018-12-31,development,tabm_experimental,6,-0.021132262823823893,260
2018-12-31,development,tabm_experimental,7,-0.020105762888015532,273
2018-12-31,development,tabm_experimental,8,-0.016473441987060668,272
2018-12-31,development,tabm_experimental,9,-0.018462375504350908,268
2018-12-31,development,tabm_experimental,10,-0.007323756182376127,316
2018-12-31,development,retrieval_experimental,1,-0.04433217252218995,242
2018-12-31,development,retrieval_experimental,2,-0.047542486393133666,277
2018-12-31,development,retrieval_experimental,3,-0.042868280673819086,263
2018-12-31,development,retrieval_experimental,4,-0.026696996435029638,282
2018-12-31,development,retrieval_experimental,5,-0.018860595262689506,283
2018-12-31,development,retrieval_experimental,6,-0.013398206116192241,260
2018-12-31,development,retrieval_experimental,7,-0.016381485593849266,273
2018-12-31,development,retrieval_experimental,8,-0.017400841039744395,272
2018-12-31,development,retrieval_experimental,9,-0.01289488661509637,268
2018-12-31,development,retrieval_experimental,10,-0.009361580612022368,316
2019-01-31,development,ols,1,0.2722019895724042,241
2019-01-31,development,ols,2,0.2511138298321655,282
2019-01-31,development,ols,3,0.24581601855438812,264
2019-01-31,development,ols,4,0.24270155488597406,282
2019-01-31,development,ols,5,0.23451140376199328,285
2019-01-31,development,ols,6,0.22930413432331884,266
2019-01-31,development,ols,7,0.22713125294383496,270
2019-01-31,development,ols,8,0.21923468112599262,276
2019-01-31,development,ols,9,0.21857979743814118,270
2019-01-31,development,ols,10,0.194262809462579,315
2019-01-31,development,ridge,1,0.2722019895724042,241
2019-01-31,development,ridge,2,0.2511138298321655,282
2019-01-31,development,ridge,3,0.24581601855438812,264
2019-01-31,development,ridge,4,0.24270155488597406,282
2019-01-31,development,ridge,5,0.23451140376199328,285
2019-01-31,development,ridge,6,0.22930413432331884,266
2019-01-31,development,ridge,7,0.22713125294383496,270
2019-01-31,development,ridge,8,0.21923468112599262,276
2019-01-31,development,ridge,9,0.21857979743814118,270
2019-01-31,development,ridge,10,0.194262809462579,315
2019-01-31,development,huber,1,0.2725214451536754,241
2019-01-31,development,huber,2,0.25062047661019315,282
2019-01-31,development,huber,3,0.24565808164624076,264
2019-01-31,development,huber,4,0.24153311255230897,282
2019-01-31,development,huber,5,0.2364616542510991,285
2019-01-31,development,huber,6,0.22891131259943054,266
2019-01-31,development,huber,7,0.22626898264016435,270
2019-01-31,development,huber,8,0.22039692475603198,276
2019-01-31,development,huber,9,0.2200405187876792,270
2019-01-31,development,huber,10,0.19267436838397065,315
2019-01-31,development,tabm_experimental,1,0.23755563271545765,241
2019-01-31,development,tabm_experimental,2,0.23580773641991298,282
2019-01-31,development,tabm_experimental,3,0.23198870914005695,264
2019-01-31,development,tabm_experimental,4,0.23562147979670395,282
2019-01-31,development,tabm_experimental,5,0.22158451847398655,285
2019-01-31,development,tabm_experimental,6,0.23444628042531238,266
2019-01-31,development,tabm_experimental,7,0.2307579346533088,270
2019-01-31,development,tabm_experimental,8,0.22624005921290805,276
2019-01-31,development,tabm_experimental,9,0.23139267244624856,270
2019-01-31,development,tabm_experimental,10,0.23952397766433445,315
2019-01-31,development,retrieval_experimental,1,0.27294883588859115,241
2019-01-31,development,retrieval_experimental,2,0.24056097094222087,282
2019-01-31,development,retrieval_experimental,3,0.2410263685236437,264
2019-01-31,development,retrieval_experimental,4,0.2140636507498885,282
2019-01-31,development,retrieval_experimental,5,0.22245343347974522,285
2019-01-31,development,retrieval_experimental,6,0.23518145241423022,266
2019-01-31,development,retrieval_experimental,7,0.22388334132872323,270
2019-01-31,development,retrieval_experimental,8,0.23246927783698357,276
2019-01-31,development,retrieval_experimental,9,0.2228207310612592,270
2019-01-31,development,retrieval_experimental,10,0.22628999391692517,315
2019-02-28,development,ols,1,0.08440926551528495,244
2019-02-28,development,ols,2,0.10179732333270884,282
2019-02-28,development,ols,3,0.10246746538916646,263
2019-02-28,development,ols,4,0.10081317675236089,286
2019-02-28,development,ols,5,0.10629020119905468,279
2019-02-28,development,ols,6,0.1049160287126698,270
2019-02-28,development,ols,7,0.10248610024904153,271
2019-02-28,development,ols,8,0.11090389137585857,278
2019-02-28,development,ols,9,0.10307839641732651,267
2019-02-28,development,ols,10,0.10456379374678676,319
2019-02-28,development,ridge,1,0.08440926551528495,244
2019-02-28,development,ridge,2,0.10179732333270884,282
2019-02-28,development,ridge,3,0.10246746538916646,263
2019-02-28,development,ridge,4,0.10081317675236089,286
2019-02-28,development,ridge,5,0.10629020119905468,279
2019-02-28,development,ridge,6,0.1049160287126698,270
2019-02-28,development,ridge,7,0.10248610024904153,271
2019-02-28,development,ridge,8,0.11090389137585857,278
2019-02-28,development,ridge,9,0.10307839641732651,267
2019-02-28,development,ridge,10,0.10456379374678676,319
2019-02-28,development,huber,1,0.08445797685003927,244
2019-02-28,development,huber,2,0.10429569533690729,282
2019-02-28,development,huber,3,0.09935125558182521,263
2019-02-28,development,huber,4,0.10183130410020196,286
2019-02-28,development,huber,5,0.10488978054705345,279
2019-02-28,development,huber,6,0.1054864029941635,270
2019-02-28,development,huber,7,0.10356721104678729,271
2019-02-28,development,huber,8,0.11024432787424049,278
2019-02-28,development,huber,9,0.10404781208825208,267
2019-02-28,development,huber,10,0.10356132426720314,319
2019-02-28,development,tabm_experimental,1,0.09929805187571901,244
2019-02-28,development,tabm_experimental,2,0.08910082878659342,282
2019-02-28,development,tabm_experimental,3,0.08409013492993828,263
2019-02-28,development,tabm_experimental,4,0.10201663294657436,286
2019-02-28,development,tabm_experimental,5,0.09094052841230034,279
2019-02-28,development,tabm_experimental,6,0.10156726353552559,270
2019-02-28,development,tabm_experimental,7,0.10532055480900968,271
2019-02-28,development,tabm_experimental,8,0.1100395781232103,278
2019-02-28,development,tabm_experimental,9,0.12027616968039648,267
2019-02-28,development,tabm_experimental,10,0.11868184632317909,319
2019-02-28,development,retrieval_experimental,1,0.09298022617836839,244
2019-02-28,development,retrieval_experimental,2,0.10529449336588455,282
2019-02-28,development,retrieval_experimental,3,0.10024959408230522,263
2019-02-28,development,retrieval_experimental,4,0.10169011821125071,286
2019-02-28,development,retrieval_experimental,5,0.09615268182975736,279
2019-02-28,development,retrieval_experimental,6,0.09608575854502976,270
2019-02-28,development,retrieval_experimental,7,0.11497401381670466,271
2019-02-28,development,retrieval_experimental,8,0.09544350964696711,278
2019-02-28,development,retrieval_experimental,9,0.11567932565828873,267
2019-02-28,development,retrieval_experimental,10,0.10461656124230105,319
2019-03-31,development,ols,1,-0.07667556113345504,244
2019-03-31,development,ols,2,-0.07240046145289752,278
2019-03-31,development,ols,3,-0.06419745585383405,273
2019-03-31,development,ols,4,-0.04861422514430447,281
2019-03-31,development,ols,5,-0.04814763403515817,283
2019-03-31,development,ols,6,-0.04337056824069403,268
2019-03-31,development,ols,7,-0.029081294282616913,272
2019-03-31,development,ols,8,-0.024566162366064077,282
2019-03-31,development,ols,9,-0.017145060460665027,269
2019-03-31,development,ols,10,-0.023815656353971443,315
2019-03-31,development,ridge,1,-0.07667556113345504,244
2019-03-31,development,ridge,2,-0.07151454639145433,278
2019-03-31,development,ridge,3,-0.06509959646585314,273
2019-03-31,development,ridge,4,-0.04861422514430447,281
2019-03-31,development,ridge,5,-0.04814763403515817,283
2019-03-31,development,ridge,6,-0.04337056824069403,268
2019-03-31,development,ridge,7,-0.029081294282616913,272
2019-03-31,development,ridge,8,-0.024566162366064077,282
2019-03-31,development,ridge,9,-0.017145060460665027,269
2019-03-31,development,ridge,10,-0.023815656353971443,315
2019-03-31,development,huber,1,-0.07768719045650657,244
2019-03-31,development,huber,2,-0.07220168134830413,278
2019-03-31,development,huber,3,-0.06278607277500559,273
2019-03-31,development,huber,4,-0.04884603699890411,281
2019-03-31,development,huber,5,-0.048388935084505647,283
2019-03-31,development,huber,6,-0.04401551898261165,268
2019-03-31,development,huber,7,-0.028793673273203667,272
2019-03-31,development,huber,8,-0.024264329236860026,282
2019-03-31,development,huber,9,-0.01674409609231383,269
2019-03-31,development,huber,10,-0.024319358067981692,315
2019-03-31,development,tabm_experimental,1,-0.05723610037785872,244
2019-03-31,development,tabm_experimental,2,-0.06291616704368247,278
2019-03-31,development,tabm_experimental,3,-0.05431104961991715,273
2019-03-31,development,tabm_experimental,4,-0.04763983285698975,281
2019-03-31,development,tabm_experimental,5,-0.050054667561859126,283
2019-03-31,development,tabm_experimental,6,-0.03665664392174422,268
2019-03-31,development,tabm_experimental,7,-0.03707653051884313,272
2019-03-31,development,tabm_experimental,8,-0.028317069963269343,282
2019-03-31,development,tabm_experimental,9,-0.031712791569758564,269
2019-03-31,development,tabm_experimental,10,-0.03797793180518616,315
2019-03-31,development,retrieval_experimental,1,-0.07237772625740507,244
2019-03-31,development,retrieval_experimental,2,-0.05581235061367098,278
2019-03-31,development,retrieval_experimental,3,-0.04496692370088135,273
2019-03-31,development,retrieval_experimental,4,-0.04115231869749061,281
2019-03-31,development,retrieval_experimental,5,-0.039225296848750014,283
2019-03-31,development,retrieval_experimental,6,-0.05259346669193072,268
2019-03-31,development,retrieval_experimental,7,-0.03171359936017356,272
2019-03-31,development,retrieval_experimental,8,-0.040230477945434245,282
2019-03-31,development,retrieval_experimental,9,-0.03488506074396594,269
2019-03-31,development,retrieval_experimental,10,-0.033830888419077096,315
2019-04-30,development,ols,1,-0.08476529850503794,241
2019-04-30,development,ols,2,-0.0681603138142057,277
2019-04-30,development,ols,3,-0.04936147017556593,267
2019-04-30,development,ols,4,-0.04314271855728515,282
2019-04-30,development,ols,5,-0.06223430244779122,285
2019-04-30,development,ols,6,-0.04279172491546358,259
2019-04-30,development,ols,7,-0.050633381158720146,273
2019-04-30,development,ols,8,-0.05057611574580336,276
2019-04-30,development,ols,9,-0.050352512871227835,268
2019-04-30,development,ols,10,-0.03569288734297923,317
2019-04-30,development,ridge,1,-0.08456134605334974,241
2019-04-30,development,ridge,2,-0.07031820466021224,277
2019-04-30,development,ridge,3,-0.0531603609682848,267
2019-04-30,development,ridge,4,-0.04222700606448577,282
2019-04-30,development,ridge,5,-0.053322975308908775,285
2019-04-30,development,ridge,6,-0.04725809750195902,259
2019-04-30,development,ridge,7,-0.05574971668062402,273
2019-04-30,development,ridge,8,-0.04641694264912673,276
2019-04-30,development,ridge,9,-0.0486881229169317,268
2019-04-30,development,ridge,10,-0.03656200493749049,317
2019-04-30,development,huber,1,-0.08508800167124356,241
2019-04-30,development,huber,2,-0.06811829682206309,277
2019-04-30,development,huber,3,-0.04959475789549929,267
2019-04-30,development,huber,4,-0.04144514856096793,282
2019-04-30,development,huber,5,-0.0625849425738204,285
2019-04-30,development,huber,6,-0.04311720268969457,259
2019-04-30,development,huber,7,-0.0517114405029032,273
2019-04-30,development,huber,8,-0.049967323160750664,276
2019-04-30,development,huber,9,-0.0482855424775711,268
2019-04-30,development,huber,10,-0.03756584507192447,317
2019-04-30,development,tabm_experimental,1,-0.059589760661993035,241
2019-04-30,development,tabm_experimental,2,-0.05666877008831416,277
2019-04-30,development,tabm_experimental,3,-0.0634354945071056,267
2019-04-30,development,tabm_experimental,4,-0.05091077327499072,282
2019-04-30,development,tabm_experimental,5,-0.04882625844680791,285
2019-04-30,development,tabm_experimental,6,-0.06014105504666098,259
2019-04-30,development,tabm_experimental,7,-0.047268707830907794,273
2019-04-30,development,tabm_experimental,8,-0.045773501149767144,276
2019-04-30,development,tabm_experimental,9,-0.055134479649491135,268
2019-04-30,development,tabm_experimental,10,-0.047025482586058244,317
2019-04-30,development,retrieval_experimental,1,-0.06650234224251401,241
2019-04-30,development,retrieval_experimental,2,-0.05982117759528486,277
2019-04-30,development,retrieval_experimental,3,-0.05163281887457265,267
2019-04-30,development,retrieval_experimental,4,-0.04656676487260347,282
2019-04-30,development,retrieval_experimental,5,-0.05734919442879139,285
2019-04-30,development,retrieval_experimental,6,-0.05111984183360607,259
2019-04-30,development,retrieval_experimental,7,-0.049131070914309655,273
2019-04-30,development,retrieval_experimental,8,-0.04849373540699049,276
2019-04-30,development,retrieval_experimental,9,-0.04905694253791848,268
2019-04-30,development,retrieval_experimental,10,-0.05369489381469581,317
2019-05-31,development,ols,1,-0.04275336969408688,242
2019-05-31,development,ols,2,-0.023123118392271047,279
2019-05-31,development,ols,3,0.001158156380671939,264
2019-05-31,development,ols,4,0.009895579163065634,282
2019-05-31,development,ols,5,0.017739072807395475,280
2019-05-31,development,ols,6,0.01703775017794641,265
2019-05-31,development,ols,7,0.013298813230241041,269
2019-05-31,development,ols,8,0.014324322045174044,277
2019-05-31,development,ols,9,0.015522989092164296,266
2019-05-31,development,ols,10,0.02051922238442013,313
2019-05-31,development,ridge,1,-0.0485520390369139,242
2019-05-31,development,ridge,2,-0.012936604179373846,279
2019-05-31,development,ridge,3,-0.0017867027165664288,264
2019-05-31,development,ridge,4,0.009750388720109658,282
2019-05-31,development,ridge,5,0.016908201447832436,280
2019-05-31,development,ridge,6,0.014145964785902637,265
2019-05-31,development,ridge,7,0.016077996556368445,269
2019-05-31,development,ridge,8,0.013688016237240367,277
2019-05-31,development,ridge,9,0.014893085192615037,266
2019-05-31,development,ridge,10,0.020438727058762117,313
2019-05-31,development,huber,1,-0.04305482181602009,242
2019-05-31,development,huber,2,-0.02230999814486156,279
2019-05-31,development,huber,3,0.0008216101095831546,264
2019-05-31,development,huber,4,0.00932682284487553,282
2019-05-31,development,huber,5,0.01824357426805308,280
2019-05-31,development,huber,6,0.015293008141763322,265
2019-05-31,development,huber,7,0.014025808083333247,269
2019-05-31,development,huber,8,0.015338863076177758,277
2019-05-31,development,huber,9,0.01565736512648195,266
2019-05-31,development,huber,10,0.020212804129415965,313
2019-05-31,development,tabm_experimental,1,-0.022559754520551475,242
2019-05-31,development,tabm_experimental,2,-0.00026428776367605375,279
2019-05-31,development,tabm_experimental,3,0.0085617399305555,264
2019-05-31,development,tabm_experimental,4,0.004826565563895023,282
2019-05-31,development,tabm_experimental,5,0.012524469327659537,280
2019-05-31,development,tabm_experimental,6,0.0013448356290906196,265
2019-05-31,development,tabm_experimental,7,0.0030342856155151266,269
2019-05-31,development,tabm_experimental,8,0.01363499816042596,277
2019-05-31,development,tabm_experimental,9,0.010399228751971818,266
2019-05-31,development,tabm_experimental,10,0.014590083039767795,313
2019-05-31,development,retrieval_experimental,1,-0.01041677769114441,242
2019-05-31,development,retrieval_experimental,2,-0.005627529330873173,279
2019-05-31,development,retrieval_experimental,3,0.006642496184259758,264
2019-05-31,development,retrieval_experimental,4,0.0018698057082063956,282
2019-05-31,development,retrieval_experimental,5,0.01465316761293168,280
2019-05-31,development,retrieval_experimental,6,0.0057801696615243005,265
2019-05-31,development,retrieval_experimental,7,0.006654095201699404,269
2019-05-31,development,retrieval_experimental,8,0.010041577952341472,277
2019-05-31,development,retrieval_experimental,9,0.013416450708328606,266
2019-05-31,development,retrieval_experimental,10,0.006110527681785532,313
2019-06-30,development,ols,1,-0.05437998732347635,245
2019-06-30,development,ols,2,-0.03377471035665661,277
2019-06-30,development,ols,3,-0.015361617678319202,272
2019-06-30,development,ols,4,-0.009925233194105201,275
2019-06-30,development,ols,5,-0.009809315578161651,285
2019-06-30,development,ols,6,-0.00515188089577885,269
2019-06-30,development,ols,7,-0.017852344382987675,264
2019-06-30,development,ols,8,-0.007922226368358572,283
2019-06-30,development,ols,9,-0.014518792821140145,266
2019-06-30,development,ols,10,-0.010036095194306613,318
2019-06-30,development,ridge,1,-0.054783683686890204,245
2019-06-30,development,ridge,2,-0.03353083947094929,277
2019-06-30,development,ridge,3,-0.014732205312031125,272
2019-06-30,development,ridge,4,-0.008954964458828544,275
2019-06-30,development,ridge,5,-0.012462266366244923,285
2019-06-30,development,ridge,6,-0.003890217692486619,269
2019-06-30,development,ridge,7,-0.019123971340424706,264
2019-06-30,development,ridge,8,-0.008650404403620958,283
2019-06-30,development,ridge,9,-0.011458228214298032,266
2019-06-30,development,ridge,10,-0.010860917219134339,318
2019-06-30,development,huber,1,-0.05474365265403393,245
2019-06-30,development,huber,2,-0.0335701575011461,277
2019-06-30,development,huber,3,-0.015335576542623564,272
2019-06-30,development,huber,4,-0.009549714905788258,275
2019-06-30,development,huber,5,-0.00985540997811272,285
2019-06-30,development,huber,6,-0.005853116681323594,269
2019-06-30,development,huber,7,-0.017220658294690272,264
2019-06-30,development,huber,8,-0.007837510814810883,283
2019-06-30,development,huber,9,-0.01410806737565649,266
2019-06-30,development,huber,10,-0.010589985509878157,318
2019-06-30,development,tabm_experimental,1,-0.020881529099234058,245
2019-06-30,development,tabm_experimental,2,-0.024569804223370274,277
2019-06-30,development,tabm_experimental,3,-0.022459076933643445,272
2019-06-30,development,tabm_experimental,4,-0.010852519302963383,275
2019-06-30,development,tabm_experimental,5,-0.013341911901794592,285
2019-06-30,development,tabm_experimental,6,-0.01253602048663004,269
2019-06-30,development,tabm_experimental,7,-0.007488945454651521,264
2019-06-30,development,tabm_experimental,8,-0.021189705407053457,283
2019-06-30,development,tabm_experimental,9,-0.023300115472943906,266
2019-06-30,development,tabm_experimental,10,-0.01702871811270729,318
2019-06-30,development,retrieval_experimental,1,-0.026291526867036792,245
2019-06-30,development,retrieval_experimental,2,-0.022781848076358524,277
2019-06-30,development,retrieval_experimental,3,-0.021286229277608912,272
2019-06-30,development,retrieval_experimental,4,-0.009613375182249608,275
2019-06-30,development,retrieval_experimental,5,-0.015099515939318733,285
2019-06-30,development,retrieval_experimental,6,-0.01980970702419435,269
2019-06-30,development,retrieval_experimental,7,-0.005063308836524636,264
2019-06-30,development,retrieval_experimental,8,-0.01831598634636991,283
2019-06-30,development,retrieval_experimental,9,-0.018717289567786878,266
2019-06-30,development,retrieval_experimental,10,-0.017169337666417338,318
2019-07-31,development,ols,1,0.022698047504086508,243
2019-07-31,development,ols,2,-0.008778288815226762,283
2019-07-31,development,ols,3,0.0017507252452221816,266
2019-07-31,development,ols,4,-0.010515017439734224,285
2019-07-31,development,ols,5,-0.006284201290555929,281
2019-07-31,development,ols,6,-0.0064593615635121565,269
2019-07-31,development,ols,7,-0.014469567661006258,270
2019-07-31,development,ols,8,-0.01941854296439538,281
2019-07-31,development,ols,9,-0.023573375141822745,268
2019-07-31,development,ols,10,-0.01813283945170309,321
2019-07-31,development,ridge,1,0.02519817746516676,243
2019-07-31,development,ridge,2,-0.01030107717642417,283
2019-07-31,development,ridge,3,-0.0010677654425156186,266
2019-07-31,development,ridge,4,-0.009593314671926104,285
2019-07-31,development,ridge,5,-0.0019591745269243186,281
2019-07-31,development,ridge,6,-0.010460725003855054,269
2019-07-31,development,ridge,7,-0.0167851618395627,270
2019-07-31,development,ridge,8,-0.017019542232813833,281
2019-07-31,development,ridge,9,-0.02259609735413607,268
2019-07-31,development,ridge,10,-0.01856690244174403,321
2019-07-31,development,huber,1,0.022698047504086508,243
2019-07-31,development,huber,2,-0.008778288815226762,283
2019-07-31,development,huber,3,0.001328468669182983,266
2019-07-31,development,huber,4,-0.010108248424678118,285
2019-07-31,development,huber,5,-0.006132844667598886,281
2019-07-31,development,huber,6,-0.00620938101408518,269
2019-07-31,development,huber,7,-0.012933680595264918,270
2019-07-31,development,huber,8,-0.021153058734779344,281
2019-07-31,development,huber,9,-0.023428530885654823,268
2019-07-31,development,huber,10,-0.018380483488577293,321
2019-07-31,development,tabm_experimental,1,-0.0029109411938583133,243
2019-07-31,development,tabm_experimental,2,-0.0012577399680062348,283
2019-07-31,development,tabm_experimental,3,-0.003647328948077211,266
2019-07-31,development,tabm_experimental,4,-0.013214798312946634,285
2019-07-31,development,tabm_experimental,5,-0.01701217286538388,281
2019-07-31,development,tabm_experimental,6,-0.006315127219824729,269
2019-07-31,development,tabm_experimental,7,-0.01061188388077251,270
2019-07-31,development,tabm_experimental,8,-0.006852760102562317,281
2019-07-31,development,tabm_experimental,9,-0.018323456234106195,268
2019-07-31,development,tabm_experimental,10,-0.00786426625516459,321
2019-07-31,development,retrieval_experimental,1,0.005839523546456359,243
2019-07-31,development,retrieval_experimental,2,-0.009839283369525628,283
2019-07-31,development,retrieval_experimental,3,-0.016411505890264376,266
2019-07-31,development,retrieval_experimental,4,-0.010857561845552487,285
2019-07-31,development,retrieval_experimental,5,-0.011406622396889974,281
2019-07-31,development,retrieval_experimental,6,-0.009607622632002207,269
2019-07-31,development,retrieval_experimental,7,-0.013256772641505089,270
2019-07-31,development,retrieval_experimental,8,-0.0057863061466502915,281
2019-07-31,development,retrieval_experimental,9,-0.011538825103690007,268
2019-07-31,development,retrieval_experimental,10,-0.00495971993363217,321
2019-08-31,development,ols,1,-0.011137463018168578,248
2019-08-31,development,ols,2,0.016532090455896823,281
2019-08-31,development,ols,3,0.01293204009692853,266
2019-08-31,development,ols,4,0.017484612755083267,288
2019-08-31,development,ols,5,0.016094139594161547,282
2019-08-31,development,ols,6,0.027500669669798382,270
2019-08-31,development,ols,7,0.01914443727960099,276
2019-08-31,development,ols,8,0.01443261788828868,278
2019-08-31,development,ols,9,0.01601892827487316,269
2019-08-31,development,ols,10,0.011042748999723791,322
2019-08-31,development,ridge,1,-0.01185497220408284,248
2019-08-31,development,ridge,2,0.01648845626852646,281
2019-08-31,development,ridge,3,0.013091447760345298,266
2019-08-31,development,ridge,4,0.018638210776418397,288
2019-08-31,development,ridge,5,0.012468723074452024,282
2019-08-31,development,ridge,6,0.03182126525417231,270
2019-08-31,development,ridge,7,0.01785286170069102,276
2019-08-31,development,ridge,8,0.013810535603354853,278
2019-08-31,development,ridge,9,0.015421391387524012,269
2019-08-31,development,ridge,10,0.012165490069938804,322
2019-08-31,development,huber,1,-0.011137463018168578,248
2019-08-31,development,huber,2,0.01686478427857789,281
2019-08-31,development,huber,3,0.014532784396781042,266
2019-08-31,development,huber,4,0.017372030240718626,288
2019-08-31,development,huber,5,0.014474808769050126,282
2019-08-31,development,huber,6,0.02749149567982677,270
2019-08-31,development,huber,7,0.01894863588349313,276
2019-08-31,development,huber,8,0.01508199530959961,278
2019-08-31,development,huber,9,0.01572916977605307,269
2019-08-31,development,huber,10,0.010805874417613727,322
2019-08-31,development,tabm_experimental,1,0.007637209618495106,248
2019-08-31,development,tabm_experimental,2,0.005954140923999849,281
2019-08-31,development,tabm_experimental,3,0.02099592714319391,266
2019-08-31,development,tabm_experimental,4,0.012913305807684678,288
2019-08-31,development,tabm_experimental,5,0.014348086247115576,282
2019-08-31,development,tabm_experimental,6,0.01791287912625673,270
2019-08-31,development,tabm_experimental,7,0.01605551443548118,276
2019-08-31,development,tabm_experimental,8,0.011834108450682654,278
2019-08-31,development,tabm_experimental,9,0.01845254850328815,269
2019-08-31,development,tabm_experimental,10,0.01566760126346846,322
2019-08-31,development,retrieval_experimental,1,-0.0013606102007213308,248
2019-08-31,development,retrieval_experimental,2,-0.003906882398091811,281
2019-08-31,development,retrieval_experimental,3,0.022143611559507885,266
2019-08-31,development,retrieval_experimental,4,0.01834065328445621,288
2019-08-31,development,retrieval_experimental,5,0.016157261541290702,282
2019-08-31,development,retrieval_experimental,6,0.01298886258259321,270
2019-08-31,development,retrieval_experimental,7,0.017227761559976584,276
2019-08-31,development,retrieval_experimental,8,0.026233849012971044,278
2019-08-31,development,retrieval_experimental,9,0.012712342779800741,269
2019-08-31,development,retrieval_experimental,10,0.019303598255383633,322
2019-09-30,development,ols,1,-0.019167729099547528,246
2019-09-30,development,ols,2,-0.007547864418372591,281
2019-09-30,development,ols,3,-0.010131195074097118,273
2019-09-30,development,ols,4,-0.0032096598919772665,282
2019-09-30,development,ols,5,0.0024258036722702445,288
2019-09-30,development,ols,6,-0.0023305564875812364,268
2019-09-30,development,ols,7,-0.009892644231545698,273
2019-09-30,development,ols,8,0.006162456161159806,282
2019-09-30,development,ols,9,8.492020004592077e-05,272
2019-09-30,development,ols,10,-8.088309850141113e-05,323
2019-09-30,development,ridge,1,-0.01785042719902907,246
2019-09-30,development,ridge,2,-0.007862901000382084,281
2019-09-30,development,ridge,3,-0.008306111253198157,273
2019-09-30,development,ridge,4,-0.0017635440380872295,282
2019-09-30,development,ridge,5,0.0007618513072560209,288
2019-09-30,development,ridge,6,-0.005673634425780487,268
2019-09-30,development,ridge,7,-0.008792264241116562,273
2019-09-30,development,ridge,8,0.0030929300214140158,282
2019-09-30,development,ridge,9,0.0031673812682990504,272
2019-09-30,development,ridge,10,-0.00020362969251836325,323
2019-09-30,development,huber,1,-0.02004352141386414,246
2019-09-30,development,huber,2,-0.00897952513478981,281
2019-09-30,development,huber,3,-0.007721693505833639,273
2019-09-30,development,huber,4,-0.0027685868957760943,282
2019-09-30,development,huber,5,0.0031543102310268084,288
2019-09-30,development,huber,6,-0.0042298496081087005,268
2019-09-30,development,huber,7,-0.010025412818591655,273
2019-09-30,development,huber,8,0.006934238099046072,282
2019-09-30,development,huber,9,-0.0005847090236322533,272
2019-09-30,development,huber,10,0.00033864690635932376,323
2019-09-30,development,tabm_experimental,1,-0.003456566819545886,246
2019-09-30,development,tabm_experimental,2,-0.006712143336164617,281
2019-09-30,development,tabm_experimental,3,-0.01601390772158793,273
2019-09-30,development,tabm_experimental,4,-0.0017953781247682322,282
2019-09-30,development,tabm_experimental,5,-0.003188310000882527,288
2019-09-30,development,tabm_experimental,6,0.003081491016632218,268
2019-09-30,development,tabm_experimental,7,-0.0008236057779085438,273
2019-09-30,development,tabm_experimental,8,-0.00725186567167347,282
2019-09-30,development,tabm_experimental,9,-0.011035677103764841,272
2019-09-30,development,tabm_experimental,10,0.004890012510856362,323
2019-09-30,development,retrieval_experimental,1,-0.014513254867734679,246
2019-09-30,development,retrieval_experimental,2,-0.013627733987777444,281
2019-09-30,development,retrieval_experimental,3,-0.009421352848102579,273
2019-09-30,development,retrieval_experimental,4,-0.0033595718796710096,282
2019-09-30,development,retrieval_experimental,5,0.006719882412913659,288
2019-09-30,development,retrieval_experimental,6,0.007399242221708056,268
2019-09-30,development,retrieval_experimental,7,-0.003185355927582712,273
2019-09-30,development,retrieval_experimental,8,-0.006915924102745928,282
2019-09-30,development,retrieval_experimental,9,-0.00204365641144971,272
2019-09-30,development,retrieval_experimental,10,-0.0031655995840078233,323
2019-10-31,development,ols,1,-0.032552207869471224,246
2019-10-31,development,ols,2,-0.03798290670705499,282
2019-10-31,development,ols,3,-0.02809392139089355,271
2019-10-31,development,ols,4,-0.017592479518078977,288
2019-10-31,development,ols,5,-0.011340296838457801,291
2019-10-31,development,ols,6,-0.016919560854286902,260
2019-10-31,development,ols,7,-0.02536429109107532,283
2019-10-31,development,ols,8,-0.01907042015376522,276
2019-10-31,development,ols,9,-0.02078108114307801,277
2019-10-31,development,ols,10,-0.02380967019339383,318
2019-10-31,development,ridge,1,-0.032869943419523755,246
2019-10-31,development,ridge,2,-0.036324486678437025,282
2019-10-31,development,ridge,3,-0.026779547241440813,271
2019-10-31,development,ridge,4,-0.02003606279625023,288
2019-10-31,development,ridge,5,-0.00985969746792388,291
2019-10-31,development,ridge,6,-0.015532382902453725,260
2019-10-31,development,ridge,7,-0.023876325594442478,283
2019-10-31,development,ridge,8,-0.02522234923308379,276
2019-10-31,development,ridge,9,-0.01974241332515969,277
2019-10-31,development,ridge,10,-0.023320199730080184,318
2019-10-31,development,huber,1,-0.033363495618736444,246
2019-10-31,development,huber,2,-0.03727518760663215,282
2019-10-31,development,huber,3,-0.027590126129740475,271
2019-10-31,development,huber,4,-0.017362059486061367,288
2019-10-31,development,huber,5,-0.011876716300834495,291
2019-10-31,development,huber,6,-0.017518049225666976,260
2019-10-31,development,huber,7,-0.024979304275482544,283
2019-10-31,development,huber,8,-0.018687414919587513,276
2019-10-31,development,huber,9,-0.021163193628019956,277
2019-10-31,development,huber,10,-0.02380967019339383,318
2019-10-31,development,tabm_experimental,1,-0.016836333994323494,246
2019-10-31,development,tabm_experimental,2,-0.031501023587500225,282
2019-10-31,development,tabm_experimental,3,-0.032869763319217524,271
2019-10-31,development,tabm_experimental,4,-0.026134099897104968,288
2019-10-31,development,tabm_experimental,5,-0.036679022326853,291
2019-10-31,development,tabm_experimental,6,-0.01563024996114159,260
2019-10-31,development,tabm_experimental,7,-0.02055432385584169,283
2019-10-31,development,tabm_experimental,8,-0.022665775985435187,276
2019-10-31,development,tabm_experimental,9,-0.008029035998407494,277
2019-10-31,development,tabm_experimental,10,-0.020044346040765593,318
2019-10-31,development,retrieval_experimental,1,-0.03202109820017013,246
2019-10-31,development,retrieval_experimental,2,-0.03358136993584393,282
2019-10-31,development,retrieval_experimental,3,-0.030614236602731514,271
2019-10-31,development,retrieval_experimental,4,-0.011433269188927548,288
2019-10-31,development,retrieval_experimental,5,-0.028662065587099123,291
2019-10-31,development,retrieval_experimental,6,-0.025620231020139,260
2019-10-31,development,retrieval_experimental,7,-0.013871229696887814,283
2019-10-31,development,retrieval_experimental,8,-0.014781834185310172,276
2019-10-31,development,retrieval_experimental,9,-0.018488452151213065,277
2019-10-31,development,retrieval_experimental,10,-0.024536616369922732,318
2019-11-30,development,ols,1,0.07474525678592536,248
2019-11-30,development,ols,2,0.0831889297908383,285
2019-11-30,development,ols,3,0.10021191198434301,269
2019-11-30,development,ols,4,0.09005987685976599,280
2019-11-30,development,ols,5,0.09127078510622683,292
2019-11-30,development,ols,6,0.08307211567154663,271
2019-11-30,development,ols,7,0.0831770374931275,272
2019-11-30,development,ols,8,0.0829677238835274,277
2019-11-30,development,ols,9,0.08210192183098212,277
2019-11-30,development,ols,10,0.08408988807238141,318
2019-11-30,development,ridge,1,0.07895413609330616,248
2019-11-30,development,ridge,2,0.08256486397204821,285
2019-11-30,development,ridge,3,0.09410263096930893,269
2019-11-30,development,ridge,4,0.09221528329719116,280
2019-11-30,development,ridge,5,0.08720035894274225,292
2019-11-30,development,ridge,6,0.09130915846020085,271
2019-11-30,development,ridge,7,0.07866169483096286,272
2019-11-30,development,ridge,8,0.08575248483473917,277
2019-11-30,development,ridge,9,0.08219517782780413,277
2019-11-30,development,ridge,10,0.08271010138749307,318
2019-11-30,development,huber,1,0.07362519086021095,248
2019-11-30,development,huber,2,0.08319358612623487,285
2019-11-30,development,huber,3,0.10163665181489762,269
2019-11-30,development,huber,4,0.0893063661052168,280
2019-11-30,development,huber,5,0.0922128030044002,292
2019-11-30,development,huber,6,0.08088816228517996,271
2019-11-30,development,huber,7,0.08268208366340024,272
2019-11-30,development,huber,8,0.08561997666799905,277
2019-11-30,development,huber,9,0.08142262563735356,277
2019-11-30,development,huber,10,0.08411843492239637,318
2019-11-30,development,tabm_experimental,1,0.07976684300039524,248
2019-11-30,development,tabm_experimental,2,0.08430692570103988,285
2019-11-30,development,tabm_experimental,3,0.09031915139982512,269
2019-11-30,development,tabm_experimental,4,0.08611913637632326,280
2019-11-30,development,tabm_experimental,5,0.08395227305957814,292
2019-11-30,development,tabm_experimental,6,0.09817630136453097,271
2019-11-30,development,tabm_experimental,7,0.08460503368736995,272
2019-11-30,development,tabm_experimental,8,0.08432466942734873,277
2019-11-30,development,tabm_experimental,9,0.08496107832109218,277
2019-11-30,development,tabm_experimental,10,0.07996433361827142,318
2019-11-30,development,retrieval_experimental,1,0.07731691279595757,248
2019-11-30,development,retrieval_experimental,2,0.08911709184418896,285
2019-11-30,development,retrieval_experimental,3,0.10101699618543075,269
2019-11-30,development,retrieval_experimental,4,0.08437705728425686,280
2019-11-30,development,retrieval_experimental,5,0.08653572796359764,292
2019-11-30,development,retrieval_experimental,6,0.09013363576475755,271
2019-11-30,development,retrieval_experimental,7,0.08525638359381604,272
2019-11-30,development,retrieval_experimental,8,0.07812691971782695,277
2019-11-30,development,retrieval_experimental,9,0.08284464752171043,277
2019-11-30,development,retrieval_experimental,10,0.08121528207843363,318
2019-12-31,development,ols,1,0.03149349004676781,247
2019-12-31,development,ols,2,0.009928360460353088,284
2019-12-31,development,ols,3,0.0064781383062355105,269
2019-12-31,development,ols,4,0.004241369797926085,277
2019-12-31,development,ols,5,0.01543222271147701,291
2019-12-31,development,ols,6,0.0024592717634445227,271
2019-12-31,development,ols,7,0.007456399243455392,268
2019-12-31,development,ols,8,0.01896245123948132,278
2019-12-31,development,ols,9,0.002912957638130349,275
2019-12-31,development,ols,10,-0.0054252761648464045,321
2019-12-31,development,ridge,1,0.03315197858985732,247
2019-12-31,development,ridge,2,0.005900844848961173,284
2019-12-31,development,ridge,3,0.006002033194737046,269
2019-12-31,development,ridge,4,0.009101795333486254,277
2019-12-31,development,ridge,5,0.013568598153631515,291
2019-12-31,development,ridge,6,0.006367834947286456,271
2019-12-31,development,ridge,7,0.006164564383697339,268
2019-12-31,development,ridge,8,0.012401571753538839,278
2019-12-31,development,ridge,9,0.003831183158263244,275
2019-12-31,development,ridge,10,-0.0025697605570033817,321
2019-12-31,development,huber,1,0.031084284202730364,247
2019-12-31,development,huber,2,0.009850831868671316,284
2019-12-31,development,huber,3,0.0054680497375143985,269
2019-12-31,development,huber,4,0.006498375373886692,277
2019-12-31,development,huber,5,0.014660737847797626,291
2019-12-31,development,huber,6,0.0028409894739819044,271
2019-12-31,development,huber,7,0.007144608530737003,268
2019-12-31,development,huber,8,0.01965241888351631,278
2019-12-31,development,huber,9,0.0019852955000372184,275
2019-12-31,development,huber,10,-0.005308367025664957,321
2019-12-31,development,tabm_experimental,1,0.008379081378639222,247
2019-12-31,development,tabm_experimental,2,0.006385217135556354,284
2019-12-31,development,tabm_experimental,3,0.002912469287711505,269
2019-12-31,development,tabm_experimental,4,0.017119642970909017,277
2019-12-31,development,tabm_experimental,5,-0.0008411498186083114,291
2019-12-31,development,tabm_experimental,6,0.01071636295236069,271
2019-12-31,development,tabm_experimental,7,0.018679038704050382,268
2019-12-31,development,tabm_experimental,8,0.01617762695924415,278
2019-12-31,development,tabm_experimental,9,0.00972375628502805,275
2019-12-31,development,tabm_experimental,10,0.002359206025075329,321
2019-12-31,development,retrieval_experimental,1,0.022282446408996095,247
2019-12-31,development,retrieval_experimental,2,-8.769355581347408e-05,284
2019-12-31,development,retrieval_experimental,3,0.014381693228181341,269
2019-12-31,development,retrieval_experimental,4,-0.0035789016627230242,277
2019-12-31,development,retrieval_experimental,5,0.010815406497004633,291
2019-12-31,development,retrieval_experimental,6,0.005576502826312309,271
2019-12-31,development,retrieval_experimental,7,0.008885437660968217,268
2019-12-31,development,retrieval_experimental,8,0.013579205362862081,278
2019-12-31,development,retrieval_experimental,9,0.004556065911325876,275
2019-12-31,development,retrieval_experimental,10,0.014264054747208205,321
2020-01-31,development,ols,1,0.04065127499674087,244
2020-01-31,development,ols,2,0.04212012638600454,285
2020-01-31,development,ols,3,0.018404853282878206,274
2020-01-31,development,ols,4,0.014018056079668873,283
2020-01-31,development,ols,5,0.0007774228986458697,293
2020-01-31,development,ols,6,0.009788065651238645,268
2020-01-31,development,ols,7,-0.0029588371424006596,271
2020-01-31,development,ols,8,0.002502404010255358,286
2020-01-31,development,ols,9,-0.009118468840858485,273
2020-01-31,development,ols,10,-0.006595042900589781,317
2020-01-31,development,ridge,1,0.04306548759263008,244
2020-01-31,development,ridge,2,0.042549919444923597,285
2020-01-31,development,ridge,3,0.01812747677919329,274
2020-01-31,development,ridge,4,0.013078804225557126,283
2020-01-31,development,ridge,5,0.0005513577923615464,293
2020-01-31,development,ridge,6,-0.0022858424368536606,268
2020-01-31,development,ridge,7,0.009169134394317657,271
2020-01-31,development,ridge,8,0.001677984023409276,286
2020-01-31,development,ridge,9,-0.009042980154417913,273
2020-01-31,development,ridge,10,-0.007034189892156113,317
2020-01-31,development,huber,1,0.041277247922172564,244
2020-01-31,development,huber,2,0.04203644181395564,285
2020-01-31,development,huber,3,0.017910538550083295,274
2020-01-31,development,huber,4,0.0125881064292603,283
2020-01-31,development,huber,5,0.0027858338436785248,293
2020-01-31,development,huber,6,0.007838924778719163,268
2020-01-31,development,huber,7,-0.003386200381090465,271
2020-01-31,development,huber,8,0.00419267652121354,286
2020-01-31,development,huber,9,-0.008648691612899948,273
2020-01-31,development,huber,10,-0.007070486558826692,317
2020-01-31,development,tabm_experimental,1,0.028933188132890312,244
2020-01-31,development,tabm_experimental,2,0.001125878939649627,285
2020-01-31,development,tabm_experimental,3,0.0072831402598855085,274
2020-01-31,development,tabm_experimental,4,-0.002188533697036829,283
2020-01-31,development,tabm_experimental,5,0.028863583647609204,293
2020-01-31,development,tabm_experimental,6,0.00520571974711706,268
2020-01-31,development,tabm_experimental,7,0.011792884693313634,271
2020-01-31,development,tabm_experimental,8,0.010355508836418802,286
2020-01-31,development,tabm_experimental,9,0.011599195106962674,273
2020-01-31,development,tabm_experimental,10,0.003738031987234279,317
2020-01-31,development,retrieval_experimental,1,0.01634265930847831,244
2020-01-31,development,retrieval_experimental,2,0.012776749337339058,285
2020-01-31,development,retrieval_experimental,3,0.016059023604300924,274
2020-01-31,development,retrieval_experimental,4,0.018477891748180722,283
2020-01-31,development,retrieval_experimental,5,0.007475449939037733,293
2020-01-31,development,retrieval_experimental,6,0.002204666555716037,268
2020-01-31,development,retrieval_experimental,7,-0.0014732804411252047,271
2020-01-31,development,retrieval_experimental,8,0.01211035348409938,286
2020-01-31,development,retrieval_experimental,9,0.013656212139164224,273
2020-01-31,development,retrieval_experimental,10,0.007211487812978203,317
2020-02-29,development,ols,1,-0.1284470963063284,251
2020-02-29,development,ols,2,-0.09417325364703438,288
2020-02-29,development,ols,3,-0.07901954112214685,280
2020-02-29,development,ols,4,-0.058863630927083806,287
2020-02-29,development,ols,5,-0.04817971707416931,297
2020-02-29,development,ols,6,-0.044569616442139054,275
2020-02-29,development,ols,7,-0.022643715154166653,279
2020-02-29,development,ols,8,-0.0169759557323993,288
2020-02-29,development,ols,9,-0.019841380232208584,280
2020-02-29,development,ols,10,-0.020594699249163805,320
2020-02-29,development,ridge,1,-0.12958973538067006,251
2020-02-29,development,ridge,2,-0.09245042593148606,288
2020-02-29,development,ridge,3,-0.07707272562841129,280
2020-02-29,development,ridge,4,-0.061971455586145356,287
2020-02-29,development,ridge,5,-0.045161334447842316,297
2020-02-29,development,ridge,6,-0.046993262686209875,275
2020-02-29,development,ridge,7,-0.01868195845732392,279
2020-02-29,development,ridge,8,-0.017643769784602525,288
2020-02-29,development,ridge,9,-0.024144570495535183,280
2020-02-29,development,ridge,10,-0.01997156786187083,320
2020-02-29,development,huber,1,-0.12724734860538606,251
2020-02-29,development,huber,2,-0.0966385050928616,288
2020-02-29,development,huber,3,-0.07825042863539358,280
2020-02-29,development,huber,4,-0.05844023719334187,287
2020-02-29,development,huber,5,-0.047111032404983454,297
2020-02-29,development,huber,6,-0.045774654650218204,275
2020-02-29,development,huber,7,-0.023304468176222767,279
2020-02-29,development,huber,8,-0.016243192547715536,288
2020-02-29,development,huber,9,-0.02049970622494548,280
2020-02-29,development,huber,10,-0.019833380561690407,320
2020-02-29,development,tabm_experimental,1,-0.08741718900508773,251
2020-02-29,development,tabm_experimental,2,-0.06902634565016204,288
2020-02-29,development,tabm_experimental,3,-0.06825949309599308,280
2020-02-29,development,tabm_experimental,4,-0.06080490831639103,287
2020-02-29,development,tabm_experimental,5,-0.05279715818773185,297
2020-02-29,development,tabm_experimental,6,-0.05456436271652963,275
2020-02-29,development,tabm_experimental,7,-0.0386784893220708,279
2020-02-29,development,tabm_experimental,8,-0.0404236335762824,288
2020-02-29,development,tabm_experimental,9,-0.023266312791612787,280
2020-02-29,development,tabm_experimental,10,-0.03212886646041467,320
2020-02-29,development,retrieval_experimental,1,-0.07522858393476677,251
2020-02-29,development,retrieval_experimental,2,-0.0652016585004506,288
2020-02-29,development,retrieval_experimental,3,-0.05737220692594857,280
2020-02-29,development,retrieval_experimental,4,-0.05221183625174671,287
2020-02-29,development,retrieval_experimental,5,-0.05035589496244066,297
2020-02-29,development,retrieval_experimental,6,-0.03584000340650524,275
2020-02-29,development,retrieval_experimental,7,-0.048738075795687355,279
2020-02-29,development,retrieval_experimental,8,-0.04371887414447521,288
2020-02-29,development,retrieval_experimental,9,-0.0459291717658515,280
2020-02-29,development,retrieval_experimental,10,-0.049155432546463554,320
2020-03-31,development,ols,1,0.009494063228997434,247
2020-03-31,development,ols,2,0.02342591941830358,292
2020-03-31,development,ols,3,0.026449276624013696,278
2020-03-31,development,ols,4,0.02182271847395629,296
2020-03-31,development,ols,5,0.04816897605342235,293
2020-03-31,development,ols,6,0.02980740662563787,277
2020-03-31,development,ols,7,0.03135905445898082,283
2020-03-31,development,ols,8,0.02945342544009069,291
2020-03-31,development,ols,9,0.028133064701570967,279
2020-03-31,development,ols,10,0.03271208739295308,322
2020-03-31,development,ridge,1,0.01546230519844872,247
2020-03-31,development,ridge,2,0.017015822175038952,292
2020-03-31,development,ridge,3,0.03031190600880365,278
2020-03-31,development,ridge,4,0.019389819478690645,296
2020-03-31,development,ridge,5,0.0449865161649398,293
2020-03-31,development,ridge,6,0.04095365385815514,277
2020-03-31,development,ridge,7,0.027008689886810867,283
2020-03-31,development,ridge,8,0.02593440020829866,291
2020-03-31,development,ridge,9,0.03236352719091925,279
2020-03-31,development,ridge,10,0.02949395232454111,322
2020-03-31,development,huber,1,0.007519013406725441,247
2020-03-31,development,huber,2,0.022891280904312968,292
2020-03-31,development,huber,3,0.02876564983331745,278
2020-03-31,development,huber,4,0.021575261050532462,296
2020-03-31,development,huber,5,0.047458131722326234,293
2020-03-31,development,huber,6,0.031960540791931544,277
2020-03-31,development,huber,7,0.029401426666230284,283
2020-03-31,development,huber,8,0.03054671884378259,291
2020-03-31,development,huber,9,0.027950269660727455,279
2020-03-31,development,huber,10,0.03262502752820359,322
2020-03-31,development,tabm_experimental,1,0.033031242983794444,247
2020-03-31,development,tabm_experimental,2,0.03533774946261687,292
2020-03-31,development,tabm_experimental,3,0.04570917153453841,278
2020-03-31,development,tabm_experimental,4,0.027556447102966983,296
2020-03-31,development,tabm_experimental,5,0.03523258174752377,293
2020-03-31,development,tabm_experimental,6,0.04261199986913157,277
2020-03-31,development,tabm_experimental,7,0.0298575496841055,283
2020-03-31,development,tabm_experimental,8,0.022872040082167137,291
2020-03-31,development,tabm_experimental,9,0.01270196014132856,279
2020-03-31,development,tabm_experimental,10,0.00335030520117126,322
2020-03-31,development,retrieval_experimental,1,0.012963058643044522,247
2020-03-31,development,retrieval_experimental,2,0.018146325416595117,292
2020-03-31,development,retrieval_experimental,3,0.013838725312165819,278
2020-03-31,development,retrieval_experimental,4,0.02692239149073326,296
2020-03-31,development,retrieval_experimental,5,0.022939660633493092,293
2020-03-31,development,retrieval_experimental,6,0.032960284543731115,277
2020-03-31,development,retrieval_experimental,7,0.03766706139233502,283
2020-03-31,development,retrieval_experimental,8,0.026864425148586977,291
2020-03-31,development,retrieval_experimental,9,0.04404423616220409,279
2020-03-31,development,retrieval_experimental,10,0.044292485383189466,322
2020-04-30,development,ols,1,0.011521814168068481,250
2020-04-30,development,ols,2,0.02227413504988671,288
2020-04-30,development,ols,3,0.013236672335322991,285
2020-04-30,development,ols,4,0.013194145335549017,283
2020-04-30,development,ols,5,0.02253354967009687,291
2020-04-30,development,ols,6,0.024685783844350367,278
2020-04-30,development,ols,7,0.022518475168656484,273
2020-04-30,development,ols,8,0.012022949507198623,295
2020-04-30,development,ols,9,0.01621407549719808,278
2020-04-30,development,ols,10,0.01263170940325908,323
2020-04-30,development,ridge,1,0.011521814168068481,250
2020-04-30,development,ridge,2,0.02227413504988671,288
2020-04-30,development,ridge,3,0.013236672335322991,285
2020-04-30,development,ridge,4,0.013194145335549017,283
2020-04-30,development,ridge,5,0.02253354967009687,291
2020-04-30,development,ridge,6,0.024685783844350367,278
2020-04-30,development,ridge,7,0.022518475168656484,273
2020-04-30,development,ridge,8,0.012022949507198623,295
2020-04-30,development,ridge,9,0.01621407549719808,278
2020-04-30,development,ridge,10,0.01263170940325908,323
2020-04-30,development,huber,1,0.01037499632614161,250
2020-04-30,development,huber,2,0.02348093788225953,288
2020-04-30,development,huber,3,0.013761430871837177,285
2020-04-30,development,huber,4,0.01634350069084682,283
2020-04-30,development,huber,5,0.01897237559919205,291
2020-04-30,development,huber,6,0.02418232347289613,278
2020-04-30,development,huber,7,0.02265779273001168,273
2020-04-30,development,huber,8,0.011883501580222968,295
2020-04-30,development,huber,9,0.016294218385275033,278
2020-04-30,development,huber,10,0.012803253847601385,323
2020-04-30,development,tabm_experimental,1,0.00018037641536940407,250
2020-04-30,development,tabm_experimental,2,0.018982328525616373,288
2020-04-30,development,tabm_experimental,3,0.015096071839009063,285
2020-04-30,development,tabm_experimental,4,0.013207426720691211,283
2020-04-30,development,tabm_experimental,5,0.018871304810535727,291
2020-04-30,development,tabm_experimental,6,0.026556485661773887,278
2020-04-30,development,tabm_experimental,7,0.02671854916053389,273
2020-04-30,development,tabm_experimental,8,0.01022141170501129,295
2020-04-30,development,tabm_experimental,9,0.021809219678871967,278
2020-04-30,development,tabm_experimental,10,0.017661906755781685,323
2020-04-30,development,retrieval_experimental,1,0.007851974168673349,250
2020-04-30,development,retrieval_experimental,2,0.018048819069031444,288
2020-04-30,development,retrieval_experimental,3,0.013050891994086477,285
2020-04-30,development,retrieval_experimental,4,0.023092898977579518,283
2020-04-30,development,retrieval_experimental,5,0.016216156929506252,291
2020-04-30,development,retrieval_experimental,6,0.011667762147346833,278
2020-04-30,development,retrieval_experimental,7,0.024479904782455448,273
2020-04-30,development,retrieval_experimental,8,0.017741705100719287,295
2020-04-30,development,retrieval_experimental,9,0.006482416250676169,278
2020-04-30,development,retrieval_experimental,10,0.029121556226940543,323
2020-05-31,development,ols,1,0.06286805908324508,251
2020-05-31,development,ols,2,0.09203893571979538,285
2020-05-31,development,ols,3,0.08154422965145601,277
2020-05-31,development,ols,4,0.09514705406066147,285
2020-05-31,development,ols,5,0.08753483136640022,301
2020-05-31,development,ols,6,0.07476509328789543,270
2020-05-31,development,ols,7,0.07086434494834447,279
2020-05-31,development,ols,8,0.07418039275752507,283
2020-05-31,development,ols,9,0.07632989691630135,279
2020-05-31,development,ols,10,0.061440918668816034,326
2020-05-31,development,ridge,1,0.06286805908324508,251
2020-05-31,development,ridge,2,0.09203893571979538,285
2020-05-31,development,ridge,3,0.08154422965145601,277
2020-05-31,development,ridge,4,0.09514705406066147,285
2020-05-31,development,ridge,5,0.087406481680564,301
2020-05-31,development,ridge,6,0.07490817941914248,270
2020-05-31,development,ridge,7,0.07086434494834447,279
2020-05-31,development,ridge,8,0.07418039275752507,283
2020-05-31,development,ridge,9,0.07632989691630135,279
2020-05-31,development,ridge,10,0.061440918668816034,326
2020-05-31,development,huber,1,0.06285750611232017,251
2020-05-31,development,huber,2,0.089473705497038,285
2020-05-31,development,huber,3,0.08405277347426339,277
2020-05-31,development,huber,4,0.09572346928916474,285
2020-05-31,development,huber,5,0.08784594373548926,301
2020-05-31,development,huber,6,0.07591325096754273,270
2020-05-31,development,huber,7,0.06901472852607812,279
2020-05-31,development,huber,8,0.07402965132831947,283
2020-05-31,development,huber,9,0.07548774352214942,279
2020-05-31,development,huber,10,0.062252607738730856,326
2020-05-31,development,tabm_experimental,1,0.06967923585650555,251
2020-05-31,development,tabm_experimental,2,0.07232157739364577,285
2020-05-31,development,tabm_experimental,3,0.07627939349820266,277
2020-05-31,development,tabm_experimental,4,0.08800081942862953,285
2020-05-31,development,tabm_experimental,5,0.07885581100239003,301
2020-05-31,development,tabm_experimental,6,0.08166610561529011,270
2020-05-31,development,tabm_experimental,7,0.08183564668838805,279
2020-05-31,development,tabm_experimental,8,0.085238185272837,283
2020-05-31,development,tabm_experimental,9,0.07905967194467099,279
2020-05-31,development,tabm_experimental,10,0.06512814056573156,326
2020-05-31,development,retrieval_experimental,1,0.06974654424784522,251
2020-05-31,development,retrieval_experimental,2,0.07499372903867656,285
2020-05-31,development,retrieval_experimental,3,0.07203122151879297,277
2020-05-31,development,retrieval_experimental,4,0.07252740528152882,285
2020-05-31,development,retrieval_experimental,5,0.07978287909846463,301
2020-05-31,development,retrieval_experimental,6,0.07018614343002307,270
2020-05-31,development,retrieval_experimental,7,0.08000860480473063,279
2020-05-31,development,retrieval_experimental,8,0.07790363612019001,283
2020-05-31,development,retrieval_experimental,9,0.09264154812587337,279
2020-05-31,development,retrieval_experimental,10,0.08483620798735081,326
2020-06-30,development,ols,1,0.11603681987240441,253
2020-06-30,development,ols,2,0.1256650084788655,292
2020-06-30,development,ols,3,0.1108260800193097,283
2020-06-30,development,ols,4,0.13071027163324941,293
2020-06-30,development,ols,5,0.13131434495322553,297
2020-06-30,development,ols,6,0.15081632665794067,275
2020-06-30,development,ols,7,0.1558541148570571,282
2020-06-30,development,ols,8,0.13210830346126595,294
2020-06-30,development,ols,9,0.15955173794804073,281
2020-06-30,development,ols,10,0.16125368491429287,323
2020-06-30,development,ridge,1,0.11641703957770709,253
2020-06-30,development,ridge,2,0.12533557154242173,292
2020-06-30,development,ridge,3,0.1108260800193097,283
2020-06-30,development,ridge,4,0.13071027163324941,293
2020-06-30,development,ridge,5,0.13131434495322553,297
2020-06-30,development,ridge,6,0.15081632665794067,275
2020-06-30,development,ridge,7,0.1558541148570571,282
2020-06-30,development,ridge,8,0.13210830346126595,294
2020-06-30,development,ridge,9,0.1569500510602227,281
2020-06-30,development,ridge,10,0.16351707195911286,323
2020-06-30,development,huber,1,0.11534009729549738,253
2020-06-30,development,huber,2,0.12666176487429334,292
2020-06-30,development,huber,3,0.11245019073518332,283
2020-06-30,development,huber,4,0.12824915872543596,293
2020-06-30,development,huber,5,0.13190269282324546,297
2020-06-30,development,huber,6,0.15152513983238278,275
2020-06-30,development,huber,7,0.15451409184677284,282
2020-06-30,development,huber,8,0.13189418217846904,294
2020-06-30,development,huber,9,0.16030909403874816,281
2020-06-30,development,huber,10,0.16126934695167927,323
2020-06-30,development,tabm_experimental,1,0.12169180708762972,253
2020-06-30,development,tabm_experimental,2,0.12323586949121094,292
2020-06-30,development,tabm_experimental,3,0.1395268988361609,283
2020-06-30,development,tabm_experimental,4,0.14370763061460637,293
2020-06-30,development,tabm_experimental,5,0.142326595107212,297
2020-06-30,development,tabm_experimental,6,0.13945556460162423,275
2020-06-30,development,tabm_experimental,7,0.16830906119021516,282
2020-06-30,development,tabm_experimental,8,0.13139232873984608,294
2020-06-30,development,tabm_experimental,9,0.1328731972066001,281
2020-06-30,development,tabm_experimental,10,0.13461740575788844,323
2020-06-30,development,retrieval_experimental,1,0.1161725747331518,253
2020-06-30,development,retrieval_experimental,2,0.1250406217334957,292
2020-06-30,development,retrieval_experimental,3,0.14066283703004734,283
2020-06-30,development,retrieval_experimental,4,0.13572693430650637,293
2020-06-30,development,retrieval_experimental,5,0.15630574629221075,297
2020-06-30,development,retrieval_experimental,6,0.13061410217047636,275
2020-06-30,development,retrieval_experimental,7,0.15041124597170125,282
2020-06-30,development,retrieval_experimental,8,0.1336551215384367,294
2020-06-30,development,retrieval_experimental,9,0.1543776682530955,281
2020-06-30,development,retrieval_experimental,10,0.13308493625860143,323
2020-07-31,development,ols,1,-0.007461782051606525,264
2020-07-31,development,ols,2,-0.012220969191482033,300
2020-07-31,development,ols,3,0.019731828317474717,285
2020-07-31,development,ols,4,0.032045946066273104,298
2020-07-31,development,ols,5,0.0290704881621211,305
2020-07-31,development,ols,6,0.02785850223401321,286
2020-07-31,development,ols,7,0.03846954977120952,286
2020-07-31,development,ols,8,0.0520716349190081,297
2020-07-31,development,ols,9,0.04683342272576022,288
2020-07-31,development,ols,10,0.04653078916008668,334
2020-07-31,development,ridge,1,-0.007461782051606525,264
2020-07-31,development,ridge,2,-0.012220969191482033,300
2020-07-31,development,ridge,3,0.019731828317474717,285
2020-07-31,development,ridge,4,0.032045946066273104,298
2020-07-31,development,ridge,5,0.0290704881621211,305
2020-07-31,development,ridge,6,0.02785850223401321,286
2020-07-31,development,ridge,7,0.038104978461872434,286
2020-07-31,development,ridge,8,0.052422703587258625,297
2020-07-31,development,ridge,9,0.04683342272576022,288
2020-07-31,development,ridge,10,0.04653078916008668,334
2020-07-31,development,huber,1,-0.00909271078006178,264
2020-07-31,development,huber,2,-0.011322089430471057,300
2020-07-31,development,huber,3,0.019887059787578012,285
2020-07-31,development,huber,4,0.03092665089398852,298
2020-07-31,development,huber,5,0.03340573168490354,305
2020-07-31,development,huber,6,0.025454632948027345,286
2020-07-31,development,huber,7,0.0362443054229996,286
2020-07-31,development,huber,8,0.053643194836026614,297
2020-07-31,development,huber,9,0.04782978095289306,288
2020-07-31,development,huber,10,0.04562714547305932,334
2020-07-31,development,tabm_experimental,1,0.009196090390900752,264
2020-07-31,development,tabm_experimental,2,0.017350083884400024,300
2020-07-31,development,tabm_experimental,3,0.02223199993409234,285
2020-07-31,development,tabm_experimental,4,0.030366866539628713,298
2020-07-31,development,tabm_experimental,5,0.029097562583563823,305
2020-07-31,development,tabm_experimental,6,0.02704311927666318,286
2020-07-31,development,tabm_experimental,7,0.03345762013543291,286
2020-07-31,development,tabm_experimental,8,0.026881075590648926,297
2020-07-31,development,tabm_experimental,9,0.04238061257723207,288
2020-07-31,development,tabm_experimental,10,0.03737265049844131,334
2020-07-31,development,retrieval_experimental,1,0.009814042870774371,264
2020-07-31,development,retrieval_experimental,2,0.02216574509801811,300
2020-07-31,development,retrieval_experimental,3,0.039887209125365496,285
2020-07-31,development,retrieval_experimental,4,0.03227303534150011,298
2020-07-31,development,retrieval_experimental,5,0.02919986719640492,305
2020-07-31,development,retrieval_experimental,6,0.022845633890740322,286
2020-07-31,development,retrieval_experimental,7,0.035452391923081555,286
2020-07-31,development,retrieval_experimental,8,0.03398109354749592,297
2020-07-31,development,retrieval_experimental,9,0.018987583597278104,288
2020-07-31,development,retrieval_experimental,10,0.031443457246915815,334
2020-08-31,development,ols,1,-0.0668487092314486,259
2020-08-31,development,ols,2,-0.07591801603372901,299
2020-08-31,development,ols,3,-0.07877534992528232,291
2020-08-31,development,ols,4,-0.070947022732655,299
2020-08-31,development,ols,5,-0.06514662592724087,306
2020-08-31,development,ols,6,-0.07338086552831376,280
2020-08-31,development,ols,7,-0.06101781632966762,294
2020-08-31,development,ols,8,-0.07069971482538163,296
2020-08-31,development,ols,9,-0.06910018881114634,294
2020-08-31,development,ols,10,-0.07719311114719662,333
2020-08-31,development,ridge,1,-0.0668487092314486,259
2020-08-31,development,ridge,2,-0.07591801603372901,299
2020-08-31,development,ridge,3,-0.07877534992528232,291
2020-08-31,development,ridge,4,-0.070947022732655,299
2020-08-31,development,ridge,5,-0.06514662592724087,306
2020-08-31,development,ridge,6,-0.07338086552831376,280
2020-08-31,development,ridge,7,-0.06101781632966762,294
2020-08-31,development,ridge,8,-0.07069971482538163,296
2020-08-31,development,ridge,9,-0.06910018881114634,294
2020-08-31,development,ridge,10,-0.07719311114719662,333
2020-08-31,development,huber,1,-0.06747233071699694,259
2020-08-31,development,huber,2,-0.07656348680437501,299
2020-08-31,development,huber,3,-0.07783842836121851,291
2020-08-31,development,huber,4,-0.07140032165112982,299
2020-08-31,development,huber,5,-0.0648730905728554,306
2020-08-31,development,huber,6,-0.07200406648534245,280
2020-08-31,development,huber,7,-0.061700218353432645,294
2020-08-31,development,huber,8,-0.0716656740525082,296
2020-08-31,development,huber,9,-0.06909762122975203,294
2020-08-31,development,huber,10,-0.07649042155718423,333
2020-08-31,development,tabm_experimental,1,-0.059345229711676294,259
2020-08-31,development,tabm_experimental,2,-0.07488669851371138,299
2020-08-31,development,tabm_experimental,3,-0.0629041707520408,291
2020-08-31,development,tabm_experimental,4,-0.07525718885032158,299
2020-08-31,development,tabm_experimental,5,-0.07840553088233397,306
2020-08-31,development,tabm_experimental,6,-0.07672507828259474,280
2020-08-31,development,tabm_experimental,7,-0.058937199565419006,294
2020-08-31,development,tabm_experimental,8,-0.07261707671791395,296
2020-08-31,development,tabm_experimental,9,-0.07209930395961923,294
2020-08-31,development,tabm_experimental,10,-0.07644343088211732,333
2020-08-31,development,retrieval_experimental,1,-0.0652660317976495,259
2020-08-31,development,retrieval_experimental,2,-0.07305964786665298,299
2020-08-31,development,retrieval_experimental,3,-0.07645462704341906,291
2020-08-31,development,retrieval_experimental,4,-0.06766835659649177,299
2020-08-31,development,retrieval_experimental,5,-0.06362859292097729,306
2020-08-31,development,retrieval_experimental,6,-0.0650768490961457,280
2020-08-31,development,retrieval_experimental,7,-0.07797624792330521,294
2020-08-31,development,retrieval_experimental,8,-0.0660411088676092,296
2020-08-31,development,retrieval_experimental,9,-0.07439580968695396,294
2020-08-31,development,retrieval_experimental,10,-0.07883309826146741,333
2020-09-30,development,ols,1,0.030835184197411325,260
2020-09-30,development,ols,2,0.016753354928626556,302
2020-09-30,development,ols,3,0.0038331215221876092,295
2020-09-30,development,ols,4,0.005640099790973495,295
2020-09-30,development,ols,5,0.009020056282604218,305
2020-09-30,development,ols,6,-0.006323012561339266,292
2020-09-30,development,ols,7,-0.004356764583321684,284
2020-09-30,development,ols,8,-0.003786355217607632,306
2020-09-30,development,ols,9,-0.0009371064350190984,291
2020-09-30,development,ols,10,-0.01207983051461516,331
2020-09-30,development,ridge,1,0.030835184197411325,260
2020-09-30,development,ridge,2,0.016753354928626556,302
2020-09-30,development,ridge,3,0.0038331215221876092,295
2020-09-30,development,ridge,4,0.005640099790973495,295
2020-09-30,development,ridge,5,0.009020056282604218,305
2020-09-30,development,ridge,6,-0.006380270332925919,292
2020-09-30,development,ridge,7,-0.004297893916760756,284
2020-09-30,development,ridge,8,-0.004064038131096581,306
2020-09-30,development,ridge,9,-0.0006451099692884503,291
2020-09-30,development,ridge,10,-0.01207983051461516,331
2020-09-30,development,huber,1,0.030835184197411325,260
2020-09-30,development,huber,2,0.01726333675919507,302
2020-09-30,development,huber,3,0.0029684409154745336,295
2020-09-30,development,huber,4,0.006515415013837533,295
2020-09-30,development,huber,5,0.007840394469041802,305
2020-09-30,development,huber,6,-0.005345662812169133,292
2020-09-30,development,huber,7,-0.004547249718063463,284
2020-09-30,development,huber,8,-0.002542449169291236,306
2020-09-30,development,huber,9,-0.002786192140396571,291
2020-09-30,development,huber,10,-0.011690690123287883,331
2020-09-30,development,tabm_experimental,1,0.03854478149197956,260
2020-09-30,development,tabm_experimental,2,0.005984789523451009,302
2020-09-30,development,tabm_experimental,3,0.017065728257567442,295
2020-09-30,development,tabm_experimental,4,0.0053557628129292335,295
2020-09-30,development,tabm_experimental,5,-0.003812165582094587,305
2020-09-30,development,tabm_experimental,6,-0.00893340766784137,292
2020-09-30,development,tabm_experimental,7,-0.005110801604728167,284
2020-09-30,development,tabm_experimental,8,-0.0010774735954528574,306
2020-09-30,development,tabm_experimental,9,-0.0025886454395676623,291
2020-09-30,development,tabm_experimental,10,-0.0061288894112413094,331
2020-09-30,development,retrieval_experimental,1,0.008461369885256169,260
2020-09-30,development,retrieval_experimental,2,0.005381033956874404,302
2020-09-30,development,retrieval_experimental,3,0.003710794094837313,295
2020-09-30,development,retrieval_experimental,4,0.0027221941812412185,295
2020-09-30,development,retrieval_experimental,5,0.0014864509058019053,305
2020-09-30,development,retrieval_experimental,6,0.0010773008114847277,292
2020-09-30,development,retrieval_experimental,7,0.009198964474361788,284
2020-09-30,development,retrieval_experimental,8,0.014047343698224454,306
2020-09-30,development,retrieval_experimental,9,-0.005618782404532425,291
2020-09-30,development,retrieval_experimental,10,-0.005007962471924522,331
2020-10-31,development,ols,1,-0.016636448121610862,264
2020-10-31,development,ols,2,0.0007782524731628908,299
2020-10-31,development,ols,3,0.006869312791087062,289
2020-10-31,development,ols,4,0.022682994817699986,300
2020-10-31,development,ols,5,0.015442025400936825,308
2020-10-31,development,ols,6,0.03596089066157751,282
2020-10-31,development,ols,7,0.031906575144746804,294
2020-10-31,development,ols,8,0.04107937235042858,295
2020-10-31,development,ols,9,0.03968506942877325,293
2020-10-31,development,ols,10,0.04013316114190975,333
2020-10-31,development,ridge,1,-0.016636448121610862,264
2020-10-31,development,ridge,2,0.0009574680414573919,299
2020-10-31,development,ridge,3,0.006683895992055725,289
2020-10-31,development,ridge,4,0.022682994817699986,300
2020-10-31,development,ridge,5,0.015442025400936825,308
2020-10-31,development,ridge,6,0.03596089066157751,282
2020-10-31,development,ridge,7,0.031231241860587476,294
2020-10-31,development,ridge,8,0.041752416369217886,295
2020-10-31,development,ridge,9,0.03968506942877325,293
2020-10-31,development,ridge,10,0.04013316114190975,333
2020-10-31,development,huber,1,-0.016042137255258247,264
2020-10-31,development,huber,2,0.0004798850894169477,299
2020-10-31,development,huber,3,0.006380004968621078,289
2020-10-31,development,huber,4,0.02256852935535443,300
2020-10-31,development,huber,5,0.017072166597746966,308
2020-10-31,development,huber,6,0.0366023461455242,282
2020-10-31,development,huber,7,0.030227518480917114,294
2020-10-31,development,huber,8,0.04080388795210563,295
2020-10-31,development,huber,9,0.039534727965719794,293
2020-10-31,development,huber,10,0.04026544357036219,333
2020-10-31,development,tabm_experimental,1,0.012453308449282247,264
2020-10-31,development,tabm_experimental,2,0.01664460031893548,299
2020-10-31,development,tabm_experimental,3,0.027460675557500105,289
2020-10-31,development,tabm_experimental,4,0.035089767211331356,300
2020-10-31,development,tabm_experimental,5,0.019775153827636407,308
2020-10-31,development,tabm_experimental,6,0.017554090902037113,282
2020-10-31,development,tabm_experimental,7,0.029858410575054554,294
2020-10-31,development,tabm_experimental,8,0.021284040776131753,295
2020-10-31,development,tabm_experimental,9,0.015791472293393314,293
2020-10-31,development,tabm_experimental,10,0.02572490840063576,333
2020-10-31,development,retrieval_experimental,1,0.01598708214002681,264
2020-10-31,development,retrieval_experimental,2,0.011411102283440354,299
2020-10-31,development,retrieval_experimental,3,0.020421637962560114,289
2020-10-31,development,retrieval_experimental,4,0.026762090183639918,300
2020-10-31,development,retrieval_experimental,5,0.018155216561743716,308
2020-10-31,development,retrieval_experimental,6,0.025234872820368397,282
2020-10-31,development,retrieval_experimental,7,0.02427631767310994,294
2020-10-31,development,retrieval_experimental,8,0.02989888447064283,295
2020-10-31,development,retrieval_experimental,9,0.023302831515266097,293
2020-10-31,development,retrieval_experimental,10,0.026915217649012092,333
2020-11-30,development,ols,1,-0.01089122906404402,266
2020-11-30,development,ols,2,-0.016360866928051245,300
2020-11-30,development,ols,3,-0.03272107133019174,298
2020-11-30,development,ols,4,-0.026001467600017047,295
2020-11-30,development,ols,5,-0.030943364873762598,310
2020-11-30,development,ols,6,-0.01892533977378449,286
2020-11-30,development,ols,7,-0.022359996922161916,289
2020-11-30,development,ols,8,-0.02191594936792056,304
2020-11-30,development,ols,9,-0.04238072555412298,294
2020-11-30,development,ols,10,-0.04123714690301347,339
2020-11-30,development,ridge,1,-0.01089122906404402,266
2020-11-30,development,ridge,2,-0.016360866928051245,300
2020-11-30,development,ridge,3,-0.03272107133019174,298
2020-11-30,development,ridge,4,-0.02598742885731223,295
2020-11-30,development,ridge,5,-0.030956724322465566,310
2020-11-30,development,ridge,6,-0.01892533977378449,286
2020-11-30,development,ridge,7,-0.022359996922161916,289
2020-11-30,development,ridge,8,-0.02191594936792056,304
2020-11-30,development,ridge,9,-0.04238072555412298,294
2020-11-30,development,ridge,10,-0.04123714690301347,339
2020-11-30,development,huber,1,-0.009078393629005357,266
2020-11-30,development,huber,2,-0.017515150459128166,300
2020-11-30,development,huber,3,-0.03315715942414295,298
2020-11-30,development,huber,4,-0.026417973661784035,295
2020-11-30,development,huber,5,-0.028878648158454454,310
2020-11-30,development,huber,6,-0.0212241235674878,286
2020-11-30,development,huber,7,-0.021311788611757632,289
2020-11-30,development,huber,8,-0.022470712014735373,304
2020-11-30,development,huber,9,-0.042456753074394,294
2020-11-30,development,huber,10,-0.041171211531450994,339
2020-11-30,development,tabm_experimental,1,-0.04203413718866282,266
2020-11-30,development,tabm_experimental,2,-0.045241552345818385,300
2020-11-30,development,tabm_experimental,3,-0.03928148973939923,298
2020-11-30,development,tabm_experimental,4,-0.04354470177691349,295
2020-11-30,development,tabm_experimental,5,-0.03536776809449095,310
2020-11-30,development,tabm_experimental,6,-0.03973348101565752,286
2020-11-30,development,tabm_experimental,7,-0.03176522480443511,289
2020-11-30,development,tabm_experimental,8,-0.0019219140649717112,304
2020-11-30,development,tabm_experimental,9,0.0016791604680651633,294
2020-11-30,development,tabm_experimental,10,0.003268720305144926,339
2020-11-30,development,retrieval_experimental,1,-1.5503100781155187e-05,266
2020-11-30,development,retrieval_experimental,2,-0.014274404078378844,300
2020-11-30,development,retrieval_experimental,3,-0.03814626520644656,298
2020-11-30,development,retrieval_experimental,4,-0.02823509680227449,295
2020-11-30,development,retrieval_experimental,5,-0.021820384459927948,310
2020-11-30,development,retrieval_experimental,6,-0.03144127564979104,286
2020-11-30,development,retrieval_experimental,7,-0.02993101316385354,289
2020-11-30,development,retrieval_experimental,8,-0.02740448092281282,304
2020-11-30,development,retrieval_experimental,9,-0.030963529929809042,294
2020-11-30,development,retrieval_experimental,10,-0.041213365387092506,339
2020-12-31,development,ols,1,-0.0883122892688695,265
2020-12-31,development,ols,2,-0.06633888026580478,302
2020-12-31,development,ols,3,-0.06761074053000739,299
2020-12-31,development,ols,4,-0.0628229842893658,295
2020-12-31,development,ols,5,-0.06761912069147594,312
2020-12-31,development,ols,6,-0.05067799819667581,290
2020-12-31,development,ols,7,-0.05895740039500295,286
2020-12-31,development,ols,8,-0.07251134831443763,308
2020-12-31,development,ols,9,-0.05929426454424404,293
2020-12-31,development,ols,10,-0.05589585363731828,341
2020-12-31,development,ridge,1,-0.0883122892688695,265
2020-12-31,development,ridge,2,-0.06633888026580478,302
2020-12-31,development,ridge,3,-0.06761074053000739,299
2020-12-31,development,ridge,4,-0.0621548513653767,295
2020-12-31,development,ridge,5,-0.06825084893691435,312
2020-12-31,development,ridge,6,-0.05067799819667581,290
2020-12-31,development,ridge,7,-0.05795213988459584,286
2020-12-31,development,ridge,8,-0.07344480450267281,308
2020-12-31,development,ridge,9,-0.05929426454424404,293
2020-12-31,development,ridge,10,-0.05589585363731828,341
2020-12-31,development,huber,1,-0.08824468582966412,265
2020-12-31,development,huber,2,-0.0665515345548791,302
2020-12-31,development,huber,3,-0.06892672634313464,299
2020-12-31,development,huber,4,-0.060915189077958634,295
2020-12-31,development,huber,5,-0.06620803421770223,312
2020-12-31,development,huber,6,-0.05393279576634133,290
2020-12-31,development,huber,7,-0.05650360723575938,286
2020-12-31,development,huber,8,-0.07314972904097215,308
2020-12-31,development,huber,9,-0.059854388218931964,293
2020-12-31,development,huber,10,-0.055779807223919176,341
2020-12-31,development,tabm_experimental,1,-0.08285546024693434,265
2020-12-31,development,tabm_experimental,2,-0.092796085348356,302
2020-12-31,development,tabm_experimental,3,-0.0838963984440454,299
2020-12-31,development,tabm_experimental,4,-0.07945837640234427,295
2020-12-31,development,tabm_experimental,5,-0.07235005561050173,312
2020-12-31,development,tabm_experimental,6,-0.05542365827955352,290
2020-12-31,development,tabm_experimental,7,-0.04811317805541362,286
2020-12-31,development,tabm_experimental,8,-0.046921059025109756,308
2020-12-31,development,tabm_experimental,9,-0.04561309527753782,293
2020-12-31,development,tabm_experimental,10,-0.04363391091845087,341
2020-12-31,development,retrieval_experimental,1,-0.0868767012849216,265
2020-12-31,development,retrieval_experimental,2,-0.07360075940456934,302
2020-12-31,development,retrieval_experimental,3,-0.078067342248542,299
2020-12-31,development,retrieval_experimental,4,-0.061140061026231894,295
2020-12-31,development,retrieval_experimental,5,-0.06686882208973376,312
2020-12-31,development,retrieval_experimental,6,-0.07073343393539165,290
2020-12-31,development,retrieval_experimental,7,-0.05524011246224445,286
2020-12-31,development,retrieval_experimental,8,-0.05942588302517156,308
2020-12-31,development,retrieval_experimental,9,-0.0539667045337533,293
2020-12-31,development,retrieval_experimental,10,-0.04601239705395931,341
2021-01-31,development,ols,1,-0.02318297052055842,266
2021-01-31,development,ols,2,0.004028507003766446,307
2021-01-31,development,ols,3,0.01830117498964504,298
2021-01-31,development,ols,4,0.028554281858629852,302
2021-01-31,development,ols,5,0.02919648110393049,312
2021-01-31,development,ols,6,0.03522971259554596,289
2021-01-31,development,ols,7,0.04117003660078785,293
2021-01-31,development,ols,8,0.04415446140352725,307
2021-01-31,development,ols,9,0.046486252051969865,298
2021-01-31,development,ols,10,0.05970447129867469,340
2021-01-31,development,ridge,1,-0.02351388064398915,266
2021-01-31,development,ridge,2,0.004315223918530534,307
2021-01-31,development,ridge,3,0.01830117498964504,298
2021-01-31,development,ridge,4,0.028554281858629852,302
2021-01-31,development,ridge,5,0.02919648110393049,312
2021-01-31,development,ridge,6,0.03543923343665766,289
2021-01-31,development,ridge,7,0.04100954124761905,293
2021-01-31,development,ridge,8,0.04411040151882751,307
2021-01-31,development,ridge,9,0.04671097095567833,298
2021-01-31,development,ridge,10,0.05950751178895374,340
2021-01-31,development,huber,1,-0.022303733793799733,266
2021-01-31,development,huber,2,0.003271871115902635,307
2021-01-31,development,huber,3,0.018860551622856138,298
2021-01-31,development,huber,4,0.029349960175627448,302
2021-01-31,development,huber,5,0.027886933539270863,312
2021-01-31,development,huber,6,0.03559884423974616,289
2021-01-31,development,huber,7,0.04123034217447973,293
2021-01-31,development,huber,8,0.04381760795595293,307
2021-01-31,development,huber,9,0.04670053173137521,298
2021-01-31,development,huber,10,0.059455089197724555,340
2021-01-31,development,tabm_experimental,1,0.0015391593657558863,266
2021-01-31,development,tabm_experimental,2,0.02195966397725911,307
2021-01-31,development,tabm_experimental,3,0.027481355378936024,298
2021-01-31,development,tabm_experimental,4,0.025347815357245836,302
2021-01-31,development,tabm_experimental,5,0.027138420027496835,312
2021-01-31,development,tabm_experimental,6,0.03866318508006959,289
2021-01-31,development,tabm_experimental,7,0.03572501804684967,293
2021-01-31,development,tabm_experimental,8,0.030594277529348877,307
2021-01-31,development,tabm_experimental,9,0.03855139560120274,298
2021-01-31,development,tabm_experimental,10,0.04183536248282949,340
2021-01-31,development,retrieval_experimental,1,0.03079986211878758,266
2021-01-31,development,retrieval_experimental,2,0.03309900843463971,307
2021-01-31,development,retrieval_experimental,3,0.03067034475588824,298
2021-01-31,development,retrieval_experimental,4,0.03510045923832705,302
2021-01-31,development,retrieval_experimental,5,0.032597704132879435,312
2021-01-31,development,retrieval_experimental,6,0.020956707942977906,289
2021-01-31,development,retrieval_experimental,7,0.03899758735672772,293
2021-01-31,development,retrieval_experimental,8,0.023022581689376147,307
2021-01-31,development,retrieval_experimental,9,0.02122670056648744,298
2021-01-31,development,retrieval_experimental,10,0.026669301365247384,340
2021-02-28,development,ols,1,-0.03793282324098978,271
2021-02-28,development,ols,2,-0.013203716732080348,309
2021-02-28,development,ols,3,-0.013679525980572139,296
2021-02-28,development,ols,4,-0.005379878862054842,304
2021-02-28,development,ols,5,0.015576687658974459,317
2021-02-28,development,ols,6,0.007386374251022383,294
2021-02-28,development,ols,7,0.021001533994059008,293
2021-02-28,development,ols,8,0.013944188615681662,307
2021-02-28,development,ols,9,0.027297059170079525,298
2021-02-28,development,ols,10,0.03437342419961236,343
2021-02-28,development,ridge,1,-0.03793282324098978,271
2021-02-28,development,ridge,2,-0.013203716732080348,309
2021-02-28,development,ridge,3,-0.013679525980572139,296
2021-02-28,development,ridge,4,-0.005379878862054842,304
2021-02-28,development,ridge,5,0.015576687658974459,317
2021-02-28,development,ridge,6,0.007386374251022383,294
2021-02-28,development,ridge,7,0.021001533994059008,293
2021-02-28,development,ridge,8,0.013944188615681662,307
2021-02-28,development,ridge,9,0.027297059170079525,298
2021-02-28,development,ridge,10,0.03437342419961236,343
2021-02-28,development,huber,1,-0.03770254134842874,271
2021-02-28,development,huber,2,-0.01647940388941603,309
2021-02-28,development,huber,3,-0.01016951285118378,296
2021-02-28,development,huber,4,-0.005574679123840814,304
2021-02-28,development,huber,5,0.016341145392415914,317
2021-02-28,development,huber,6,0.006236931763475697,294
2021-02-28,development,huber,7,0.02230334858692765,293
2021-02-28,development,huber,8,0.013607969776865412,307
2021-02-28,development,huber,9,0.02720283018652358,298
2021-02-28,development,huber,10,0.03383554392777622,343
2021-02-28,development,tabm_experimental,1,-0.021931538406008498,271
2021-02-28,development,tabm_experimental,2,-0.005416904967240471,309
2021-02-28,development,tabm_experimental,3,0.005059398829119829,296
2021-02-28,development,tabm_experimental,4,0.009158465163163775,304
2021-02-28,development,tabm_experimental,5,0.0023541147270719535,317
2021-02-28,development,tabm_experimental,6,0.010036672823797759,294
2021-02-28,development,tabm_experimental,7,0.008490365280634665,293
2021-02-28,development,tabm_experimental,8,0.01515749531302562,307
2021-02-28,development,tabm_experimental,9,0.012822516848360648,298
2021-02-28,development,tabm_experimental,10,0.017785136662840838,343
2021-02-28,development,retrieval_experimental,1,0.009824658369490792,271
2021-02-28,development,retrieval_experimental,2,0.025498603533967556,309
2021-02-28,development,retrieval_experimental,3,0.0032396454079650764,296
2021-02-28,development,retrieval_experimental,4,-0.0007909248261753208,304
2021-02-28,development,retrieval_experimental,5,0.0030238149046330075,317
2021-02-28,development,retrieval_experimental,6,0.002610638238041925,294
2021-02-28,development,retrieval_experimental,7,0.016242082580961728,293
2021-02-28,development,retrieval_experimental,8,0.00742175631705127,307
2021-02-28,development,retrieval_experimental,9,-0.0014890768067240842,298
2021-02-28,development,retrieval_experimental,10,-0.006285204619094414,343
2021-03-31,development,ols,1,-0.02519596498785913,270
2021-03-31,development,ols,2,-0.006572091861794669,314
2021-03-31,development,ols,3,0.0024590864274599664,303
2021-03-31,development,ols,4,0.009095073829308697,309
2021-03-31,development,ols,5,0.013853762484316452,322
2021-03-31,development,ols,6,0.00829647181303641,299
2021-03-31,development,ols,7,0.009862466088703796,300
2021-03-31,development,ols,8,0.013685876900413198,312
2021-03-31,development,ols,9,0.004666005042313426,305
2021-03-31,development,ols,10,0.0020738658854823097,345
2021-03-31,development,ridge,1,-0.02519596498785913,270
2021-03-31,development,ridge,2,-0.006572091861794669,314
2021-03-31,development,ridge,3,0.0024590864274599664,303
2021-03-31,development,ridge,4,0.009095073829308697,309
2021-03-31,development,ridge,5,0.01389509403599777,322
2021-03-31,development,ridge,6,0.008183293198346984,299
2021-03-31,development,ridge,7,0.009930904909206308,300
2021-03-31,development,ridge,8,0.013828545656444627,312
2021-03-31,development,ridge,9,0.004520061921389479,305
2021-03-31,development,ridge,10,0.0020738658854823097,345
2021-03-31,development,huber,1,-0.023140547094160552,270
2021-03-31,development,huber,2,-0.008092944975971579,314
2021-03-31,development,huber,3,0.0029859146268928507,303
2021-03-31,development,huber,4,0.006469365700568767,309
2021-03-31,development,huber,5,0.01379423808566078,322
2021-03-31,development,huber,6,0.009156450206594679,299
2021-03-31,development,huber,7,0.012208730141846329,300
2021-03-31,development,huber,8,0.0138103868216929,312
2021-03-31,development,huber,9,0.003089984591309814,305
2021-03-31,development,huber,10,0.00228920836888141,345
2021-03-31,development,tabm_experimental,1,-0.0021200418867813185,270
2021-03-31,development,tabm_experimental,2,-0.01520507129546545,314
2021-03-31,development,tabm_experimental,3,-0.003891862417269166,303
2021-03-31,development,tabm_experimental,4,-0.0011778868381496224,309
2021-03-31,development,tabm_experimental,5,0.0004432916095911011,322
2021-03-31,development,tabm_experimental,6,0.0028854639108686388,299
2021-03-31,development,tabm_experimental,7,0.01406773818710872,300
2021-03-31,development,tabm_experimental,8,0.007810748352318524,312
2021-03-31,development,tabm_experimental,9,0.02229164009646999,305
2021-03-31,development,tabm_experimental,10,0.009930797541874196,345
2021-03-31,development,retrieval_experimental,1,-0.021382339944407858,270
2021-03-31,development,retrieval_experimental,2,-0.002851343476907245,314
2021-03-31,development,retrieval_experimental,3,0.002501515292193858,303
2021-03-31,development,retrieval_experimental,4,7.492519420041164e-05,309
2021-03-31,development,retrieval_experimental,5,0.00713419976040712,322
2021-03-31,development,retrieval_experimental,6,-0.005817791641868799,299
2021-03-31,development,retrieval_experimental,7,0.006565506534278598,300
2021-03-31,development,retrieval_experimental,8,0.015880948933583803,312
2021-03-31,development,retrieval_experimental,9,0.016586018517440414,305
2021-03-31,development,retrieval_experimental,10,0.012592304957446532,345
2021-04-30,development,ols,1,0.11236675457419543,275
2021-04-30,development,ols,2,0.093495947910993,314
2021-04-30,development,ols,3,0.08772022363066781,309
2021-04-30,development,ols,4,0.07385689452697242,313
2021-04-30,development,ols,5,0.05912711191212159,324
2021-04-30,development,ols,6,0.06621283629911513,300
2021-04-30,development,ols,7,0.04771760412271815,306
2021-04-30,development,ols,8,0.045119601771994096,316
2021-04-30,development,ols,9,0.03312579092350872,307
2021-04-30,development,ols,10,0.0329441339900112,348
2021-04-30,development,ridge,1,0.11236675457419543,275
2021-04-30,development,ridge,2,0.093495947910993,314
2021-04-30,development,ridge,3,0.08772022363066781,309
2021-04-30,development,ridge,4,0.07385689452697242,313
2021-04-30,development,ridge,5,0.05872067112452733,324
2021-04-30,development,ridge,6,0.06665179234971694,300
2021-04-30,development,ridge,7,0.04771760412271815,306
2021-04-30,development,ridge,8,0.045119601771994096,316
2021-04-30,development,ridge,9,0.03312579092350872,307
2021-04-30,development,ridge,10,0.0329441339900112,348
2021-04-30,development,huber,1,0.11236675457419543,275
2021-04-30,development,huber,2,0.09362487874480084,314
2021-04-30,development,huber,3,0.08643737786142064,309
2021-04-30,development,huber,4,0.07471719836035233,313
2021-04-30,development,huber,5,0.06047263039241817,324
2021-04-30,development,huber,6,0.06532556039046065,300
2021-04-30,development,huber,7,0.04612233228914932,306
2021-04-30,development,huber,8,0.04586842781939576,316
2021-04-30,development,huber,9,0.0332512792438707,307
2021-04-30,development,huber,10,0.03331733508701138,348
2021-04-30,development,tabm_experimental,1,0.09095370392563493,275
2021-04-30,development,tabm_experimental,2,0.06648290214821302,314
2021-04-30,development,tabm_experimental,3,0.059642757632201615,309
2021-04-30,development,tabm_experimental,4,0.0665164626273393,313
2021-04-30,development,tabm_experimental,5,0.07178541171008737,324
2021-04-30,development,tabm_experimental,6,0.05841380431136122,300
2021-04-30,development,tabm_experimental,7,0.05373091855214854,306
2021-04-30,development,tabm_experimental,8,0.05468254418462138,316
2021-04-30,development,tabm_experimental,9,0.05715431080973681,307
2021-04-30,development,tabm_experimental,10,0.06554148546959622,348
2021-04-30,development,retrieval_experimental,1,0.09186501016026835,275
2021-04-30,development,retrieval_experimental,2,0.07252026880934652,314
2021-04-30,development,retrieval_experimental,3,0.06157962474073852,309
2021-04-30,development,retrieval_experimental,4,0.06498211855591636,313
2021-04-30,development,retrieval_experimental,5,0.0692572967944127,324
2021-04-30,development,retrieval_experimental,6,0.06755897154096614,300
2021-04-30,development,retrieval_experimental,7,0.04861229378819528,306
2021-04-30,development,retrieval_experimental,8,0.05750561057092094,316
2021-04-30,development,retrieval_experimental,9,0.04965832954817248,307
2021-04-30,development,retrieval_experimental,10,0.06205427547676221,348
2021-05-31,development,ols,1,0.026018269983330962,277
2021-05-31,development,ols,2,0.03692885826251115,315
2021-05-31,development,ols,3,0.036824734873681444,311
2021-05-31,development,ols,4,0.05318229925858656,314
2021-05-31,development,ols,5,0.026890219800584696,322
2021-05-31,development,ols,6,0.03624457534739114,302
2021-05-31,development,ols,7,0.017124685460653717,307
2021-05-31,development,ols,8,0.02014917245456373,318
2021-05-31,development,ols,9,0.020035053456026686,308
2021-05-31,development,ols,10,0.011994519022582624,350
2021-05-31,development,ridge,1,0.026771470768435585,277
2021-05-31,development,ridge,2,0.03626651979433978,315
2021-05-31,development,ridge,3,0.036824734873681444,311
2021-05-31,development,ridge,4,0.05318229925858656,314
2021-05-31,development,ridge,5,0.027233057271389267,322
2021-05-31,development,ridge,6,0.03590265454676723,302
2021-05-31,development,ridge,7,0.01710144903130308,307
2021-05-31,development,ridge,8,0.02014917245456373,318
2021-05-31,development,ridge,9,0.020035053456026686,308
2021-05-31,development,ridge,10,0.011994519022582624,350
2021-05-31,development,huber,1,0.023879281797563837,277
2021-05-31,development,huber,2,0.03890501206993003,315
2021-05-31,development,huber,3,0.036349880658594916,311
2021-05-31,development,huber,4,0.051127977898964325,314
2021-05-31,development,huber,5,0.029520822692134397,322
2021-05-31,development,huber,6,0.03779593778136518,302
2021-05-31,development,huber,7,0.015623745304700728,307
2021-05-31,development,huber,8,0.01985977273026259,318
2021-05-31,development,huber,9,0.019675873617079297,308
2021-05-31,development,huber,10,0.012310597280856327,350
2021-05-31,development,tabm_experimental,1,0.02691146377276577,277
2021-05-31,development,tabm_experimental,2,0.018470698481027163,315
2021-05-31,development,tabm_experimental,3,0.020196431305312526,311
2021-05-31,development,tabm_experimental,4,0.03395411604064219,314
2021-05-31,development,tabm_experimental,5,0.02292245032843368,322
2021-05-31,development,tabm_experimental,6,0.025041213568985723,302
2021-05-31,development,tabm_experimental,7,0.039313980528274055,307
2021-05-31,development,tabm_experimental,8,0.022212922046694263,318
2021-05-31,development,tabm_experimental,9,0.0412266704270873,308
2021-05-31,development,tabm_experimental,10,0.0332562065530361,350
2021-05-31,development,retrieval_experimental,1,0.030189695380470352,277
2021-05-31,development,retrieval_experimental,2,0.03060624295148421,315
2021-05-31,development,retrieval_experimental,3,0.03406353513238073,311
2021-05-31,development,retrieval_experimental,4,0.022473161876539662,314
2021-05-31,development,retrieval_experimental,5,0.02632507261616932,322
2021-05-31,development,retrieval_experimental,6,0.027509906967056047,302
2021-05-31,development,retrieval_experimental,7,0.02165277916014412,307
2021-05-31,development,retrieval_experimental,8,0.0240343184337543,318
2021-05-31,development,retrieval_experimental,9,0.04524947361599236,308
2021-05-31,development,retrieval_experimental,10,0.022753793003498304,350
2021-06-30,development,ols,1,0.0792903806751703,275
2021-06-30,development,ols,2,0.04290687904890114,313
2021-06-30,development,ols,3,0.0007701821674756505,316
2021-06-30,development,ols,4,0.014167637084632683,307
2021-06-30,development,ols,5,-0.006558976011277632,335
2021-06-30,development,ols,6,0.002631769042234369,297
2021-06-30,development,ols,7,0.0006629052355245068,305
2021-06-30,development,ols,8,-0.004179843689151986,318
2021-06-30,development,ols,9,-0.02611855078695979,311
2021-06-30,development,ols,10,-0.009051958306439884,352
2021-06-30,development,ridge,1,0.0792903806751703,275
2021-06-30,development,ridge,2,0.04290687904890114,313
2021-06-30,development,ridge,3,0.0009740823590588775,316
2021-06-30,development,ridge,4,0.013957759363003043,307
2021-06-30,development,ridge,5,-0.006558976011277632,335
2021-06-30,development,ridge,6,0.002631769042234369,297
2021-06-30,development,ridge,7,0.0006629052355245068,305
2021-06-30,development,ridge,8,-0.004179843689151986,318
2021-06-30,development,ridge,9,-0.02611855078695979,311
2021-06-30,development,ridge,10,-0.009051958306439884,352
2021-06-30,development,huber,1,0.07961312512051176,275
2021-06-30,development,huber,2,0.04166175841514422,313
2021-06-30,development,huber,3,0.0007212882435767438,316
2021-06-30,development,huber,4,0.014516495815010903,307
2021-06-30,development,huber,5,-0.006278894224369479,335
2021-06-30,development,huber,6,0.0044990011164877065,297
2021-06-30,development,huber,7,-0.0006536332537253335,305
2021-06-30,development,huber,8,-0.0045341903419210535,318
2021-06-30,development,huber,9,-0.025101652546647688,311
2021-06-30,development,huber,10,-0.00973691659331434,352
2021-06-30,development,tabm_experimental,1,0.048901208796755836,275
2021-06-30,development,tabm_experimental,2,0.007836768314187155,313
2021-06-30,development,tabm_experimental,3,0.011373702306355492,316
2021-06-30,development,tabm_experimental,4,0.02020810061226656,307
2021-06-30,development,tabm_experimental,5,-0.0013576408147994818,335
2021-06-30,development,tabm_experimental,6,0.011833826342244497,297
2021-06-30,development,tabm_experimental,7,0.005875687453111735,305
2021-06-30,development,tabm_experimental,8,-0.0012784165485512857,318
2021-06-30,development,tabm_experimental,9,0.0030661612916571524,311
2021-06-30,development,tabm_experimental,10,-0.014550889876861357,352
2021-06-30,development,retrieval_experimental,1,0.0297444844992621,275
2021-06-30,development,retrieval_experimental,2,0.0016357948801316846,313
2021-06-30,development,retrieval_experimental,3,0.0024736218087801935,316
2021-06-30,development,retrieval_experimental,4,0.04704385348576201,307
2021-06-30,development,retrieval_experimental,5,0.005237557274781352,335
2021-06-30,development,retrieval_experimental,6,0.0067872023796356476,297
2021-06-30,development,retrieval_experimental,7,0.00041169254050560215,305
2021-06-30,development,retrieval_experimental,8,-0.01685149315093167,318
2021-06-30,development,retrieval_experimental,9,-0.006885932919991476,311
2021-06-30,development,retrieval_experimental,10,0.016091630680952953,352
2021-07-31,development,ols,1,0.021666744161980642,282
2021-07-31,development,ols,2,0.059623727839047035,324
2021-07-31,development,ols,3,0.05358103833392474,310
2021-07-31,development,ols,4,0.07149961179351426,325
2021-07-31,development,ols,5,0.0813578302080093,332
2021-07-31,development,ols,6,0.06566733306909099,302
2021-07-31,development,ols,7,0.05913611729633566,321
2021-07-31,development,ols,8,0.06088783721777896,314
2021-07-31,development,ols,9,0.06746912170799774,320
2021-07-31,development,ols,10,0.07382896329108127,360
2021-07-31,development,ridge,1,0.021666744161980642,282
2021-07-31,development,ridge,2,0.05821477449678263,324
2021-07-31,development,ridge,3,0.05650298864580478,310
2021-07-31,development,ridge,4,0.07072411680824339,325
2021-07-31,development,ridge,5,0.08143376199967475,332
2021-07-31,development,ridge,6,0.06599671824635657,302
2021-07-31,development,ridge,7,0.05788426275778915,321
2021-07-31,development,ridge,8,0.061603035078097675,314
2021-07-31,development,ridge,9,0.06701700188546685,320
2021-07-31,development,ridge,10,0.07382896329108127,360
2021-07-31,development,huber,1,0.021511447047974138,282
2021-07-31,development,huber,2,0.05960258015824146,324
2021-07-31,development,huber,3,0.05446556604230628,310
2021-07-31,development,huber,4,0.0710548234682241,325
2021-07-31,development,huber,5,0.08208634750045746,332
2021-07-31,development,huber,6,0.06673253430993928,302
2021-07-31,development,huber,7,0.05616211930208527,321
2021-07-31,development,huber,8,0.06160361141232122,314
2021-07-31,development,huber,9,0.06770763989831959,320
2021-07-31,development,huber,10,0.07385955821660353,360
2021-07-31,development,tabm_experimental,1,0.05069506192377987,282
2021-07-31,development,tabm_experimental,2,0.07117494318169786,324
2021-07-31,development,tabm_experimental,3,0.06571752040769319,310
2021-07-31,development,tabm_experimental,4,0.06701407066519144,325
2021-07-31,development,tabm_experimental,5,0.061809776233464175,332
2021-07-31,development,tabm_experimental,6,0.050173262120629496,302
2021-07-31,development,tabm_experimental,7,0.0740121738396215,321
2021-07-31,development,tabm_experimental,8,0.0638406677853845,314
2021-07-31,development,tabm_experimental,9,0.06266708652501303,320
2021-07-31,development,tabm_experimental,10,0.05374652912415632,360
2021-07-31,development,retrieval_experimental,1,0.05357498855932745,282
2021-07-31,development,retrieval_experimental,2,0.07858960914818781,324
2021-07-31,development,retrieval_experimental,3,0.08042147759821769,310
2021-07-31,development,retrieval_experimental,4,0.046577968035480775,325
2021-07-31,development,retrieval_experimental,5,0.05147583679045007,332
2021-07-31,development,retrieval_experimental,6,0.05917452600194502,302
2021-07-31,development,retrieval_experimental,7,0.07594363092264311,321
2021-07-31,development,retrieval_experimental,8,0.051633416769516216,314
2021-07-31,development,retrieval_experimental,9,0.06658811011197371,320
2021-07-31,development,retrieval_experimental,10,0.058023899378753206,360
2021-08-31,development,ols,1,-0.08553791327730034,289
2021-08-31,development,ols,2,-0.05984324303045414,322
2021-08-31,development,ols,3,-0.03562514167271568,323
2021-08-31,development,ols,4,-0.02425640468556254,322
2021-08-31,development,ols,5,-0.009364089203906535,339
2021-08-31,development,ols,6,-0.008815974654179184,312
2021-08-31,development,ols,7,-0.026653855650629044,314
2021-08-31,development,ols,8,-0.005708992837508149,331
2021-08-31,development,ols,9,0.005493170438962949,314
2021-08-31,development,ols,10,0.009810006611429533,365
2021-08-31,development,ridge,1,-0.08564242430518011,289
2021-08-31,development,ridge,2,-0.060628325476815445,322
2021-08-31,development,ridge,3,-0.034914548906752586,323
2021-08-31,development,ridge,4,-0.023690889917216525,322
2021-08-31,development,ridge,5,-0.00928003210318754,339
2021-08-31,development,ridge,6,-0.008796962708500456,312
2021-08-31,development,ridge,7,-0.027742049751424067,314
2021-08-31,development,ridge,8,-0.004729829671596284,331
2021-08-31,development,ridge,9,0.005087759427578104,314
2021-08-31,development,ridge,10,0.009760266691112403,365
2021-08-31,development,huber,1,-0.0865220868632683,289
2021-08-31,development,huber,2,-0.058356376177197335,322
2021-08-31,development,huber,3,-0.035572903124317726,323
2021-08-31,development,huber,4,-0.02538924954208823,322
2021-08-31,development,huber,5,-0.008561388034060567,339
2021-08-31,development,huber,6,-0.009817224256592193,312
2021-08-31,development,huber,7,-0.02476666312515433,314
2021-08-31,development,huber,8,-0.007589633198090379,331
2021-08-31,development,huber,9,0.006231818735218366,314
2021-08-31,development,huber,10,0.009787568674359157,365
2021-08-31,development,tabm_experimental,1,-0.040466002408757265,289
2021-08-31,development,tabm_experimental,2,-0.026808798268530415,322
2021-08-31,development,tabm_experimental,3,-0.04168234544622548,323
2021-08-31,development,tabm_experimental,4,-0.021119770539316966,322
2021-08-31,development,tabm_experimental,5,-0.02195514371983428,339
2021-08-31,development,tabm_experimental,6,-0.016466923218543504,312
2021-08-31,development,tabm_experimental,7,-0.011524891643881341,314
2021-08-31,development,tabm_experimental,8,-0.02130284996596418,331
2021-08-31,development,tabm_experimental,9,-0.017506843919766434,314
2021-08-31,development,tabm_experimental,10,-0.013280001272333284,365
2021-08-31,development,retrieval_experimental,1,-0.034953143482718635,289
2021-08-31,development,retrieval_experimental,2,-0.03487568384866067,322
2021-08-31,development,retrieval_experimental,3,-0.022268436022766756,323
2021-08-31,development,retrieval_experimental,4,-0.031137036008864086,322
2021-08-31,development,retrieval_experimental,5,-0.024075305202555748,339
2021-08-31,development,retrieval_experimental,6,-0.014575121621450391,312
2021-08-31,development,retrieval_experimental,7,-0.026952821989186616,314
2021-08-31,development,retrieval_experimental,8,-0.006462961638880315,331
2021-08-31,development,retrieval_experimental,9,-0.02736227468860252,314
2021-08-31,development,retrieval_experimental,10,-0.010226158361322514,365
2021-09-30,development,ols,1,-0.018677114784266067,298
2021-09-30,development,ols,2,-0.01813081635955293,326
2021-09-30,development,ols,3,-0.018465878161196405,325
2021-09-30,development,ols,4,-0.010038438071079531,331
2021-09-30,development,ols,5,-0.01530722505096666,343
2021-09-30,development,ols,6,-0.029421647596256158,315
2021-09-30,development,ols,7,-0.02648078777751988,323
2021-09-30,development,ols,8,-0.01576439354601955,333
2021-09-30,development,ols,9,-0.023049601736585358,318
2021-09-30,development,ols,10,-0.0221830638505882,373
2021-09-30,development,ridge,1,-0.020930278900628825,298
2021-09-30,development,ridge,2,-0.016836552804531835,326
2021-09-30,development,ridge,3,-0.01752345048828596,325
2021-09-30,development,ridge,4,-0.01007224637595977,331
2021-09-30,development,ridge,5,-0.014791969920891618,343
2021-09-30,development,ridge,6,-0.029812577798261457,315
2021-09-30,development,ridge,7,-0.02556930160344248,323
2021-09-30,development,ridge,8,-0.0185078308306467,333
2021-09-30,development,ridge,9,-0.022286685280204367,318
2021-09-30,development,ridge,10,-0.021439529300737205,373
2021-09-30,development,huber,1,-0.02098951079022382,298
2021-09-30,development,huber,2,-0.0160136270010872,326
2021-09-30,development,huber,3,-0.01831609100213637,325
2021-09-30,development,huber,4,-0.010323189956840078,331
2021-09-30,development,huber,5,-0.014239129785290194,343
2021-09-30,development,huber,6,-0.028599683422997083,315
2021-09-30,development,huber,7,-0.027250861022559435,323
2021-09-30,development,huber,8,-0.01675235293542984,333
2021-09-30,development,huber,9,-0.0233760911517494,318
2021-09-30,development,huber,10,-0.021913761028438127,373
2021-09-30,development,tabm_experimental,1,-0.039009575072178636,298
2021-09-30,development,tabm_experimental,2,-0.018874586219000598,326
2021-09-30,development,tabm_experimental,3,-0.017058221046871762,325
2021-09-30,development,tabm_experimental,4,-0.01105093752739502,331
2021-09-30,development,tabm_experimental,5,-0.025137340782521972,343
2021-09-30,development,tabm_experimental,6,-0.02298442631861613,315
2021-09-30,development,tabm_experimental,7,-0.010871898545753168,323
2021-09-30,development,tabm_experimental,8,-0.015191551367556578,333
2021-09-30,development,tabm_experimental,9,-0.02231786624604269,318
2021-09-30,development,tabm_experimental,10,-0.016679248234631624,373
2021-09-30,development,retrieval_experimental,1,-0.028692778877088577,298
2021-09-30,development,retrieval_experimental,2,-0.027479805784234517,326
2021-09-30,development,retrieval_experimental,3,-0.011355565780525914,325
2021-09-30,development,retrieval_experimental,4,-0.017981108842890257,331
2021-09-30,development,retrieval_experimental,5,-0.01739431433301243,343
2021-09-30,development,retrieval_experimental,6,-0.02246463561479799,315
2021-09-30,development,retrieval_experimental,7,-0.01988490901829349,323
2021-09-30,development,retrieval_experimental,8,-0.01286902513172039,333
2021-09-30,development,retrieval_experimental,9,-0.02377941851335351,318
2021-09-30,development,retrieval_experimental,10,-0.01682451683498665,373
2021-10-31,development,ols,1,0.08036090655007135,295
2021-10-31,development,ols,2,0.09096012031914999,330
2021-10-31,development,ols,3,0.13432108596360795,322
2021-10-31,development,ols,4,0.10077905918336631,334
2021-10-31,development,ols,5,0.10439034177560787,345
2021-10-31,development,ols,6,0.10487711343319557,312
2021-10-31,development,ols,7,0.09443221271697819,329
2021-10-31,development,ols,8,0.1027078997078286,327
2021-10-31,development,ols,9,0.09371398253173857,325
2021-10-31,development,ols,10,0.09234395173335991,373
2021-10-31,development,ridge,1,0.07904775925995727,295
2021-10-31,development,ridge,2,0.09348047696799411,330
2021-10-31,development,ridge,3,0.13349065003837918,322
2021-10-31,development,ridge,4,0.09732713225490318,334
2021-10-31,development,ridge,5,0.10788656101382581,345
2021-10-31,development,ridge,6,0.10290004303425529,312
2021-10-31,development,ridge,7,0.09677712962845837,329
2021-10-31,development,ridge,8,0.10039669068845952,327
2021-10-31,development,ridge,9,0.09534132963691709,325
2021-10-31,development,ridge,10,0.09192050648417308,373
2021-10-31,development,huber,1,0.08115434403940174,295
2021-10-31,development,huber,2,0.08943865399368248,330
2021-10-31,development,huber,3,0.13724506284024374,322
2021-10-31,development,huber,4,0.09949992022675111,334
2021-10-31,development,huber,5,0.10479698261444607,345
2021-10-31,development,huber,6,0.10050736568878957,312
2021-10-31,development,huber,7,0.0975729619154345,329
2021-10-31,development,huber,8,0.10403088301346479,327
2021-10-31,development,huber,9,0.09146590210169232,325
2021-10-31,development,huber,10,0.09299142091478063,373
2021-10-31,development,tabm_experimental,1,0.1018119105380501,295
2021-10-31,development,tabm_experimental,2,0.09901228886857297,330
2021-10-31,development,tabm_experimental,3,0.09028786387823011,322
2021-10-31,development,tabm_experimental,4,0.1055979209349006,334
2021-10-31,development,tabm_experimental,5,0.1094835721626454,345
2021-10-31,development,tabm_experimental,6,0.095930438628948,312
2021-10-31,development,tabm_experimental,7,0.09727217721117142,329
2021-10-31,development,tabm_experimental,8,0.09096985891977315,327
2021-10-31,development,tabm_experimental,9,0.10993086607941836,325
2021-10-31,development,tabm_experimental,10,0.09838051422725219,373
2021-10-31,development,retrieval_experimental,1,0.0933292786934223,295
2021-10-31,development,retrieval_experimental,2,0.12904694444103612,330
2021-10-31,development,retrieval_experimental,3,0.1106911605606878,322
2021-10-31,development,retrieval_experimental,4,0.09863379545116334,334
2021-10-31,development,retrieval_experimental,5,0.09150534068807908,345
2021-10-31,development,retrieval_experimental,6,0.09288424773799288,312
2021-10-31,development,retrieval_experimental,7,0.10545523420446887,329
2021-10-31,development,retrieval_experimental,8,0.09252613635871682,327
2021-10-31,development,retrieval_experimental,9,0.08485366363112438,325
2021-10-31,development,retrieval_experimental,10,0.09958416080671255,373
2021-11-30,development,ols,1,-0.03121261093024342,300
2021-11-30,development,ols,2,-0.013707079105610684,338
2021-11-30,development,ols,3,0.011840025424606625,327
2021-11-30,development,ols,4,0.01206926440219215,333
2021-11-30,development,ols,5,0.016952149875276133,344
2021-11-30,development,ols,6,0.03704870508161598,327
2021-11-30,development,ols,7,0.03368943978535091,323
2021-11-30,development,ols,8,0.048553572840496946,337
2021-11-30,development,ols,9,0.05276970239272054,328
2021-11-30,development,ols,10,0.06458527026144986,371
2021-11-30,development,ridge,1,-0.03220461251997259,300
2021-11-30,development,ridge,2,-0.010708457015877512,338
2021-11-30,development,ridge,3,0.009269586987883875,327
2021-11-30,development,ridge,4,0.012283434659418094,333
2021-11-30,development,ridge,5,0.01675398378861256,344
2021-11-30,development,ridge,6,0.03438276244878836,327
2021-11-30,development,ridge,7,0.03857003814185245,323
2021-11-30,development,ridge,8,0.047229235114614784,337
2021-11-30,development,ridge,9,0.05208675526704794,328
2021-11-30,development,ridge,10,0.06482001004630389,371
2021-11-30,development,huber,1,-0.031117707683257716,300
2021-11-30,development,huber,2,-0.012417913773855418,338
2021-11-30,development,huber,3,0.009819397887686805,327
2021-11-30,development,huber,4,0.012570975993988305,333
2021-11-30,development,huber,5,0.018328399513730706,344
2021-11-30,development,huber,6,0.036130407409718304,327
2021-11-30,development,huber,7,0.03375190078580847,323
2021-11-30,development,huber,8,0.048012368817852924,337
2021-11-30,development,huber,9,0.05290187261510603,328
2021-11-30,development,huber,10,0.06451836694850818,371
2021-11-30,development,tabm_experimental,1,0.007530040864744434,300
2021-11-30,development,tabm_experimental,2,0.00404092221298697,338
2021-11-30,development,tabm_experimental,3,0.0156195480053266,327
2021-11-30,development,tabm_experimental,4,0.016586132236729282,333
2021-11-30,development,tabm_experimental,5,0.03332691295757065,344
2021-11-30,development,tabm_experimental,6,0.03104121759559675,327
2021-11-30,development,tabm_experimental,7,0.02252892915125475,323
2021-11-30,development,tabm_experimental,8,0.039779275291233644,337
2021-11-30,development,tabm_experimental,9,0.030153656129758677,328
2021-11-30,development,tabm_experimental,10,0.03749560835796359,371
2021-11-30,development,retrieval_experimental,1,0.012608035715885766,300
2021-11-30,development,retrieval_experimental,2,0.02053724811419159,338
2021-11-30,development,retrieval_experimental,3,0.013710301405215532,327
2021-11-30,development,retrieval_experimental,4,0.03360781706669884,333
2021-11-30,development,retrieval_experimental,5,0.03459460238435328,344
2021-11-30,development,retrieval_experimental,6,0.052712995934472956,327
2021-11-30,development,retrieval_experimental,7,0.029050692921784332,323
2021-11-30,development,retrieval_experimental,8,0.030069810726723357,337
2021-11-30,development,retrieval_experimental,9,0.01063439684209701,328
2021-11-30,development,retrieval_experimental,10,0.0048866223929854,371
2021-12-31,development,ols,1,-0.14868776099303932,309
2021-12-31,development,ols,2,-0.12032324268220844,345
2021-12-31,development,ols,3,-0.11423255508315351,332
2021-12-31,development,ols,4,-0.10151446227187488,342
2021-12-31,development,ols,5,-0.10269358529807687,352
2021-12-31,development,ols,6,-0.10691440213295382,330
2021-12-31,development,ols,7,-0.08598855389925877,334
2021-12-31,development,ols,8,-0.09085512330628202,340
2021-12-31,development,ols,9,-0.08912620348242882,337
2021-12-31,development,ols,10,-0.0751697807518551,383
2021-12-31,development,ridge,1,-0.14953258636907468,309
2021-12-31,development,ridge,2,-0.1203202869968065,345
2021-12-31,development,ridge,3,-0.1141526267268188,332
2021-12-31,development,ridge,4,-0.09993471899401402,342
2021-12-31,development,ridge,5,-0.10622015084931244,352
2021-12-31,development,ridge,6,-0.10594730513491477,330
2021-12-31,development,ridge,7,-0.08434159144376188,334
2021-12-31,development,ridge,8,-0.09051301779078003,340
2021-12-31,development,ridge,9,-0.08924006922703569,337
2021-12-31,development,ridge,10,-0.07520267004791877,383
2021-12-31,development,huber,1,-0.1484622722934316,309
2021-12-31,development,huber,2,-0.12049920002420168,345
2021-12-31,development,huber,3,-0.11617124114646488,332
2021-12-31,development,huber,4,-0.09839123017115135,342
2021-12-31,development,huber,5,-0.10426361581632598,352
2021-12-31,development,huber,6,-0.10537355296260051,330
2021-12-31,development,huber,7,-0.08661729832730225,334
2021-12-31,development,huber,8,-0.09182159486576906,340
2021-12-31,development,huber,9,-0.08845871224342057,337
2021-12-31,development,huber,10,-0.07536728830476831,383
2021-12-31,development,tabm_experimental,1,-0.11432148527811341,309
2021-12-31,development,tabm_experimental,2,-0.11775129362716028,345
2021-12-31,development,tabm_experimental,3,-0.10120645814507286,332
2021-12-31,development,tabm_experimental,4,-0.1044686069009414,342
2021-12-31,development,tabm_experimental,5,-0.1007607825517418,352
2021-12-31,development,tabm_experimental,6,-0.09681702752670261,330
2021-12-31,development,tabm_experimental,7,-0.1073046910184311,334
2021-12-31,development,tabm_experimental,8,-0.09553275411673254,340
2021-12-31,development,tabm_experimental,9,-0.10458415296352434,337
2021-12-31,development,tabm_experimental,10,-0.08800010784974722,383
2021-12-31,development,retrieval_experimental,1,-0.11640847439157927,309
2021-12-31,development,retrieval_experimental,2,-0.10342596067056506,345
2021-12-31,development,retrieval_experimental,3,-0.11282745619099338,332
2021-12-31,development,retrieval_experimental,4,-0.10713843886823077,342
2021-12-31,development,retrieval_experimental,5,-0.09663151170869227,352
2021-12-31,development,retrieval_experimental,6,-0.10496605107336231,330
2021-12-31,development,retrieval_experimental,7,-0.09569367058835997,334
2021-12-31,development,retrieval_experimental,8,-0.094486069065339,340
2021-12-31,development,retrieval_experimental,9,-0.09911273874215826,337
2021-12-31,development,retrieval_experimental,10,-0.09940546620478502,383
2022-01-31,selection,ols,1,0.04583389284704398,311
2022-01-31,selection,ols,2,0.0543263385510035,352
2022-01-31,selection,ols,3,0.04583442399415048,339
2022-01-31,selection,ols,4,0.04357959882125803,352
2022-01-31,selection,ols,5,0.04237963510504158,356
2022-01-31,selection,ols,6,0.03879844206586223,333
2022-01-31,selection,ols,7,0.04830285162498911,344
2022-01-31,selection,ols,8,0.041174723393954914,347
2022-01-31,selection,ols,9,0.0442106363976625,344
2022-01-31,selection,ols,10,0.04789559705896687,383
2022-01-31,selection,ridge,1,0.04504658362322613,311
2022-01-31,selection,ridge,2,0.0552337566410448,352
2022-01-31,selection,ridge,3,0.046089923009525545,339
2022-01-31,selection,ridge,4,0.0451451096748024,352
2022-01-31,selection,ridge,5,0.042328192512901756,356
2022-01-31,selection,ridge,6,0.04006132048009747,333
2022-01-31,selection,ridge,7,0.045911274599062926,344
2022-01-31,selection,ridge,8,0.039198061419409215,347
2022-01-31,selection,ridge,9,0.04532387383507783,344
2022-01-31,selection,ridge,10,0.04792482313920075,383
2022-01-31,selection,huber,1,0.045991339584640085,311
2022-01-31,selection,huber,2,0.053745285640823655,352
2022-01-31,selection,huber,3,0.04564152697315432,339
2022-01-31,selection,huber,4,0.04375723770571549,352
2022-01-31,selection,huber,5,0.04346643500527851,356
2022-01-31,selection,huber,6,0.03826673540636535,333
2022-01-31,selection,huber,7,0.04715452321041347,344
2022-01-31,selection,huber,8,0.04190197692770979,347
2022-01-31,selection,huber,9,0.04403363465942025,344
2022-01-31,selection,huber,10,0.04829283476461729,383
2022-01-31,selection,tabm_experimental,1,0.03996668733092319,311
2022-01-31,selection,tabm_experimental,2,0.051437933986600785,352
2022-01-31,selection,tabm_experimental,3,0.04617062861230271,339
2022-01-31,selection,tabm_experimental,4,0.04821542271282773,352
2022-01-31,selection,tabm_experimental,5,0.04601414103919911,356
2022-01-31,selection,tabm_experimental,6,0.03712642593307315,333
2022-01-31,selection,tabm_experimental,7,0.04842078555106593,344
2022-01-31,selection,tabm_experimental,8,0.04528274140478512,347
2022-01-31,selection,tabm_experimental,9,0.046571329975004724,344
2022-01-31,selection,tabm_experimental,10,0.04288359469740454,383
2022-01-31,selection,retrieval_experimental,1,0.03968072156087459,311
2022-01-31,selection,retrieval_experimental,2,0.041865536895280296,352
2022-01-31,selection,retrieval_experimental,3,0.04752936254565927,339
2022-01-31,selection,retrieval_experimental,4,0.04529215238692499,352
2022-01-31,selection,retrieval_experimental,5,0.04807697231739613,356
2022-01-31,selection,retrieval_experimental,6,0.04914706880700229,333
2022-01-31,selection,retrieval_experimental,7,0.03833980359169817,344
2022-01-31,selection,retrieval_experimental,8,0.04456277495985111,347
2022-01-31,selection,retrieval_experimental,9,0.05202757551813606,344
2022-01-31,selection,retrieval_experimental,10,0.0458347569779808,383
2022-02-28,selection,ols,1,-0.043870444676435104,314
2022-02-28,selection,ols,2,-0.050535821375393294,355
2022-02-28,selection,ols,3,-0.04293039586298289,344
2022-02-28,selection,ols,4,-0.042279107168399103,354
2022-02-28,selection,ols,5,-0.0583554719975931,359
2022-02-28,selection,ols,6,-0.05067654288055432,339
2022-02-28,selection,ols,7,-0.061723994546755624,343
2022-02-28,selection,ols,8,-0.06408221741472814,355
2022-02-28,selection,ols,9,-0.06406436648335757,344
2022-02-28,selection,ols,10,-0.05121379720003317,391
2022-02-28,selection,ridge,1,-0.04329281083970426,314
2022-02-28,selection,ridge,2,-0.047698493267055164,355
2022-02-28,selection,ridge,3,-0.04756979424224351,344
2022-02-28,selection,ridge,4,-0.0424250737480061,354
2022-02-28,selection,ridge,5,-0.05719878468889891,359
2022-02-28,selection,ridge,6,-0.051547551384325846,339
2022-02-28,selection,ridge,7,-0.06020655026728614,343
2022-02-28,selection,ridge,8,-0.06473922562076381,355
2022-02-28,selection,ridge,9,-0.06339728895943324,344
2022-02-28,selection,ridge,10,-0.051668278774291476,391
2022-02-28,selection,huber,1,-0.04276554841414373,314
2022-02-28,selection,huber,2,-0.051507099170338085,355
2022-02-28,selection,huber,3,-0.043909437024613314,344
2022-02-28,selection,huber,4,-0.04077430841414075,354
2022-02-28,selection,huber,5,-0.059754559908524234,359
2022-02-28,selection,huber,6,-0.05181769424039851,339
2022-02-28,selection,huber,7,-0.05952076397449014,343
2022-02-28,selection,huber,8,-0.0643571997704653,355
2022-02-28,selection,huber,9,-0.06368720164138689,344
2022-02-28,selection,huber,10,-0.051461248845014046,391
2022-02-28,selection,tabm_experimental,1,-0.05726636278423488,314
2022-02-28,selection,tabm_experimental,2,-0.0542806270413836,355
2022-02-28,selection,tabm_experimental,3,-0.060719323500409254,344
2022-02-28,selection,tabm_experimental,4,-0.04067507493671397,354
2022-02-28,selection,tabm_experimental,5,-0.049772534172629265,359
2022-02-28,selection,tabm_experimental,6,-0.06076781795375747,339
2022-02-28,selection,tabm_experimental,7,-0.04074035618089528,343
2022-02-28,selection,tabm_experimental,8,-0.053518820608055497,355
2022-02-28,selection,tabm_experimental,9,-0.06697564892195698,344
2022-02-28,selection,tabm_experimental,10,-0.04742596370078262,391
2022-02-28,selection,retrieval_experimental,1,-0.04841387174302035,314
2022-02-28,selection,retrieval_experimental,2,-0.067447036014124,355
2022-02-28,selection,retrieval_experimental,3,-0.05237464226570389,344
2022-02-28,selection,retrieval_experimental,4,-0.04977624581884698,354
2022-02-28,selection,retrieval_experimental,5,-0.05198465554622695,359
2022-02-28,selection,retrieval_experimental,6,-0.05394926575883169,339
2022-02-28,selection,retrieval_experimental,7,-0.05611717914706906,343
2022-02-28,selection,retrieval_experimental,8,-0.039621916771625874,355
2022-02-28,selection,retrieval_experimental,9,-0.061708870656609356,344
2022-02-28,selection,retrieval_experimental,10,-0.049325254705526435,391
2022-03-31,selection,ols,1,-0.2197584245923668,320
2022-03-31,selection,ols,2,-0.19030589939498857,358
2022-03-31,selection,ols,3,-0.179192631751073,349
2022-03-31,selection,ols,4,-0.15772399957159844,353
2022-03-31,selection,ols,5,-0.14892251714507534,368
2022-03-31,selection,ols,6,-0.13742624154756844,346
2022-03-31,selection,ols,7,-0.1476920745640717,344
2022-03-31,selection,ols,8,-0.12512181937718525,358
2022-03-31,selection,ols,9,-0.12923059343544874,349
2022-03-31,selection,ols,10,-0.10789483016892855,393
2022-03-31,selection,ridge,1,-0.22111958672869095,320
2022-03-31,selection,ridge,2,-0.1896515446391006,358
2022-03-31,selection,ridge,3,-0.1775550935815387,349
2022-03-31,selection,ridge,4,-0.15831256943335853,353
2022-03-31,selection,ridge,5,-0.149611551800926,368
2022-03-31,selection,ridge,6,-0.1379699998013867,346
2022-03-31,selection,ridge,7,-0.14607928744528628,344
2022-03-31,selection,ridge,8,-0.12653019280249622,358
2022-03-31,selection,ridge,9,-0.12756126833214126,349
2022-03-31,selection,ridge,10,-0.10879537269674366,393
2022-03-31,selection,huber,1,-0.21897277011816554,320
2022-03-31,selection,huber,2,-0.19295008482611425,358
2022-03-31,selection,huber,3,-0.17710509414767936,349
2022-03-31,selection,huber,4,-0.1575871812090087,353
2022-03-31,selection,huber,5,-0.15118853908543387,368
2022-03-31,selection,huber,6,-0.13509462677882644,346
2022-03-31,selection,huber,7,-0.14741210512020186,344
2022-03-31,selection,huber,8,-0.12439423246170234,358
2022-03-31,selection,huber,9,-0.13088210551699425,349
2022-03-31,selection,huber,10,-0.10747470059357873,393
2022-03-31,selection,tabm_experimental,1,-0.17671388805840643,320
2022-03-31,selection,tabm_experimental,2,-0.16227744631627086,358
2022-03-31,selection,tabm_experimental,3,-0.1658527826118398,349
2022-03-31,selection,tabm_experimental,4,-0.14821212015101856,353
2022-03-31,selection,tabm_experimental,5,-0.1558724815166088,368
2022-03-31,selection,tabm_experimental,6,-0.14890882897161387,346
2022-03-31,selection,tabm_experimental,7,-0.14345912735206018,344
2022-03-31,selection,tabm_experimental,8,-0.14480769991874032,358
2022-03-31,selection,tabm_experimental,9,-0.13683001290176608,349
2022-03-31,selection,tabm_experimental,10,-0.15127286516631236,393
2022-03-31,selection,retrieval_experimental,1,-0.17783138670371534,320
2022-03-31,selection,retrieval_experimental,2,-0.16930437318436725,358
2022-03-31,selection,retrieval_experimental,3,-0.15930683127825548,349
2022-03-31,selection,retrieval_experimental,4,-0.15623479929679202,353
2022-03-31,selection,retrieval_experimental,5,-0.1477557336929154,368
2022-03-31,selection,retrieval_experimental,6,-0.1580280526729455,346
2022-03-31,selection,retrieval_experimental,7,-0.1449341029847665,344
2022-03-31,selection,retrieval_experimental,8,-0.14175619856496552,358
2022-03-31,selection,retrieval_experimental,9,-0.13118659086857204,349
2022-03-31,selection,retrieval_experimental,10,-0.14864081388572478,393
2022-04-30,selection,ols,1,0.09261413583157987,318
2022-04-30,selection,ols,2,0.10042196363002485,360
2022-04-30,selection,ols,3,0.09964469938218119,345
2022-04-30,selection,ols,4,0.10602631484424155,362
2022-04-30,selection,ols,5,0.10218485469536889,364
2022-04-30,selection,ols,6,0.1114508080864374,341
2022-04-30,selection,ols,7,0.10943272462263127,356
2022-04-30,selection,ols,8,0.10460721046002122,351
2022-04-30,selection,ols,9,0.10654656665659196,354
2022-04-30,selection,ols,10,0.1160364609317863,398
2022-04-30,selection,ridge,1,0.09128479983180199,318
2022-04-30,selection,ridge,2,0.10350443044669506,360
2022-04-30,selection,ridge,3,0.09795393549460203,345
2022-04-30,selection,ridge,4,0.10686197866453469,362
2022-04-30,selection,ridge,5,0.1011086865686645,364
2022-04-30,selection,ridge,6,0.11003311561759006,341
2022-04-30,selection,ridge,7,0.11443308533388143,356
2022-04-30,selection,ridge,8,0.10221852946380049,351
2022-04-30,selection,ridge,9,0.10771874503320675,354
2022-04-30,selection,ridge,10,0.11380618413113526,398
2022-04-30,selection,huber,1,0.09666146497005197,318
2022-04-30,selection,huber,2,0.09860879273801382,360
2022-04-30,selection,huber,3,0.0963604083581558,345
2022-04-30,selection,huber,4,0.10710614433979435,362
2022-04-30,selection,huber,5,0.10222373062112444,364
2022-04-30,selection,huber,6,0.11252624398655997,341
2022-04-30,selection,huber,7,0.10691237420185429,356
2022-04-30,selection,huber,8,0.10648360337663272,351
2022-04-30,selection,huber,9,0.10679428180140255,354
2022-04-30,selection,huber,10,0.11572977293398391,398
2022-04-30,selection,tabm_experimental,1,0.12393814045025708,318
2022-04-30,selection,tabm_experimental,2,0.10611314314220634,360
2022-04-30,selection,tabm_experimental,3,0.11278506414691386,345
2022-04-30,selection,tabm_experimental,4,0.10155465677244928,362
2022-04-30,selection,tabm_experimental,5,0.09583500578741863,364
2022-04-30,selection,tabm_experimental,6,0.10700030828879775,341
2022-04-30,selection,tabm_experimental,7,0.1024597358116342,356
2022-04-30,selection,tabm_experimental,8,0.10165485022098275,351
2022-04-30,selection,tabm_experimental,9,0.10770442458882606,354
2022-04-30,selection,tabm_experimental,10,0.09596913045723082,398
2022-04-30,selection,retrieval_experimental,1,0.11723521334206174,318
2022-04-30,selection,retrieval_experimental,2,0.12008143972019304,360
2022-04-30,selection,retrieval_experimental,3,0.1026791715989686,345
2022-04-30,selection,retrieval_experimental,4,0.10374377409077354,362
2022-04-30,selection,retrieval_experimental,5,0.09244973676960419,364
2022-04-30,selection,retrieval_experimental,6,0.10336009486986268,341
2022-04-30,selection,retrieval_experimental,7,0.0987032667318294,356
2022-04-30,selection,retrieval_experimental,8,0.1070623059892216,351
2022-04-30,selection,retrieval_experimental,9,0.10185137776357495,354
2022-04-30,selection,retrieval_experimental,10,0.10547122041797839,398
2022-05-31,selection,ols,1,0.07826718619315291,318
2022-05-31,selection,ols,2,0.0774791040814737,358
2022-05-31,selection,ols,3,0.08132571658424768,348
2022-05-31,selection,ols,4,0.08806259818456628,362
2022-05-31,selection,ols,5,0.0815816674913051,367
2022-05-31,selection,ols,6,0.08874637247959664,342
2022-05-31,selection,ols,7,0.08074749868584902,352
2022-05-31,selection,ols,8,0.08474068511517473,358
2022-05-31,selection,ols,9,0.08274177664726619,348
2022-05-31,selection,ols,10,0.05923468692470888,390
2022-05-31,selection,ridge,1,0.07814982338668294,318
2022-05-31,selection,ridge,2,0.07757080990570446,358
2022-05-31,selection,ridge,3,0.08115433581695904,348
2022-05-31,selection,ridge,4,0.08904458959048811,362
2022-05-31,selection,ridge,5,0.08114172323713019,367
2022-05-31,selection,ridge,6,0.08976398521044837,342
2022-05-31,selection,ridge,7,0.08354683592508734,352
2022-05-31,selection,ridge,8,0.07925225030304761,358
2022-05-31,selection,ridge,9,0.08320940942253512,348
2022-05-31,selection,ridge,10,0.06010351523630507,390
2022-05-31,selection,huber,1,0.0789075493911464,318
2022-05-31,selection,huber,2,0.07695071986086754,358
2022-05-31,selection,huber,3,0.08045803168866753,348
2022-05-31,selection,huber,4,0.08735632190647812,362
2022-05-31,selection,huber,5,0.08290203650213541,367
2022-05-31,selection,huber,6,0.08899334023729892,342
2022-05-31,selection,huber,7,0.07994281143825764,352
2022-05-31,selection,huber,8,0.08566359595325476,358
2022-05-31,selection,huber,9,0.08237662139420417,348
2022-05-31,selection,huber,10,0.059373240436044965,390
2022-05-31,selection,tabm_experimental,1,0.09373705539380754,318
2022-05-31,selection,tabm_experimental,2,0.08689813770937543,358
2022-05-31,selection,tabm_experimental,3,0.0884823814464897,348
2022-05-31,selection,tabm_experimental,4,0.0730272193429219,362
2022-05-31,selection,tabm_experimental,5,0.0821965390862109,367
2022-05-31,selection,tabm_experimental,6,0.08172662472220288,342
2022-05-31,selection,tabm_experimental,7,0.08694812895097102,352
2022-05-31,selection,tabm_experimental,8,0.07251652911532525,358
2022-05-31,selection,tabm_experimental,9,0.07122091393794842,348
2022-05-31,selection,tabm_experimental,10,0.06702657769184228,390
2022-05-31,selection,retrieval_experimental,1,0.10140178757948862,318
2022-05-31,selection,retrieval_experimental,2,0.07585418713304326,358
2022-05-31,selection,retrieval_experimental,3,0.06697181826682232,348
2022-05-31,selection,retrieval_experimental,4,0.0692404817266308,362
2022-05-31,selection,retrieval_experimental,5,0.08801094634069316,367
2022-05-31,selection,retrieval_experimental,6,0.07064281941309314,342
2022-05-31,selection,retrieval_experimental,7,0.07744471326320107,352
2022-05-31,selection,retrieval_experimental,8,0.09247351178868311,358
2022-05-31,selection,retrieval_experimental,9,0.08415343620128593,348
2022-05-31,selection,retrieval_experimental,10,0.07658986796264733,390
2022-06-30,selection,ols,1,0.026097251895863302,329
2022-06-30,selection,ols,2,0.02132978038532225,367
2022-06-30,selection,ols,3,0.03232558074285564,352
2022-06-30,selection,ols,4,0.01741033189320845,370
2022-06-30,selection,ols,5,0.02861350942929255,374
2022-06-30,selection,ols,6,0.028678297407690994,349
2022-06-30,selection,ols,7,0.030516436384372216,361
2022-06-30,selection,ols,8,0.017642370300515266,361
2022-06-30,selection,ols,9,0.02075543614180289,358
2022-06-30,selection,ols,10,0.017099085355199523,399
2022-06-30,selection,ridge,1,0.027903447821454742,329
2022-06-30,selection,ridge,2,0.020728626988080846,367
2022-06-30,selection,ridge,3,0.032860111656565404,352
2022-06-30,selection,ridge,4,0.014715985308072622,370
2022-06-30,selection,ridge,5,0.02954054265419082,374
2022-06-30,selection,ridge,6,0.03086743503249666,349
2022-06-30,selection,ridge,7,0.028585448023160806,361
2022-06-30,selection,ridge,8,0.01786325988692926,361
2022-06-30,selection,ridge,9,0.02034936537745078,358
2022-06-30,selection,ridge,10,0.01731747564671136,399
2022-06-30,selection,huber,1,0.026748830614449846,329
2022-06-30,selection,huber,2,0.02172975924309833,367
2022-06-30,selection,huber,3,0.03338241833863948,352
2022-06-30,selection,huber,4,0.01593196133656352,370
2022-06-30,selection,huber,5,0.026891843990036877,374
2022-06-30,selection,huber,6,0.028453364060922266,349
2022-06-30,selection,huber,7,0.029866477988394844,361
2022-06-30,selection,huber,8,0.020546536577890153,361
2022-06-30,selection,huber,9,0.01998019647739877,358
2022-06-30,selection,huber,10,0.017099085355199523,399
2022-06-30,selection,tabm_experimental,1,0.01969252231367045,329
2022-06-30,selection,tabm_experimental,2,0.011385783660559728,367
2022-06-30,selection,tabm_experimental,3,0.029948121130733328,352
2022-06-30,selection,tabm_experimental,4,0.026868642269306953,370
2022-06-30,selection,tabm_experimental,5,0.019705140014736645,374
2022-06-30,selection,tabm_experimental,6,0.02724046477174314,349
2022-06-30,selection,tabm_experimental,7,0.02280461047511979,361
2022-06-30,selection,tabm_experimental,8,0.022084575745450436,361
2022-06-30,selection,tabm_experimental,9,0.03510612341223395,358
2022-06-30,selection,tabm_experimental,10,0.024543231898141425,399
2022-06-30,selection,retrieval_experimental,1,0.03523018489038936,329
2022-06-30,selection,retrieval_experimental,2,0.027033977314043257,367
2022-06-30,selection,retrieval_experimental,3,0.03584320074725828,352
2022-06-30,selection,retrieval_experimental,4,0.019864216946544763,370
2022-06-30,selection,retrieval_experimental,5,0.020743657118804226,374
2022-06-30,selection,retrieval_experimental,6,0.022724982184605745,349
2022-06-30,selection,retrieval_experimental,7,0.014918543897215572,361
2022-06-30,selection,retrieval_experimental,8,0.02033537141556981,361
2022-06-30,selection,retrieval_experimental,9,0.01954731367405014,358
2022-06-30,selection,retrieval_experimental,10,0.024286780759810753,399
2022-07-31,selection,ols,1,-0.095518126964692,329
2022-07-31,selection,ols,2,-0.07147332463457086,369
2022-07-31,selection,ols,3,-0.05544908907219765,355
2022-07-31,selection,ols,4,-0.05195937089880368,366
2022-07-31,selection,ols,5,-0.023816953662459363,381
2022-07-31,selection,ols,6,-0.02476618931033543,348
2022-07-31,selection,ols,7,-0.027035710660492266,359
2022-07-31,selection,ols,8,-0.024836044218472582,362
2022-07-31,selection,ols,9,-0.015087087569600073,362
2022-07-31,selection,ols,10,-0.004918588974519693,403
2022-07-31,selection,ridge,1,-0.09503027774784872,329
2022-07-31,selection,ridge,2,-0.07190829046747448,369
2022-07-31,selection,ridge,3,-0.055717960233685034,355
2022-07-31,selection,ridge,4,-0.050432146768548285,366
2022-07-31,selection,ridge,5,-0.024940239994375828,381
2022-07-31,selection,ridge,6,-0.025083034612764375,348
2022-07-31,selection,ridge,7,-0.026979838522667946,359
2022-07-31,selection,ridge,8,-0.024733309787256002,362
2022-07-31,selection,ridge,9,-0.015038823683465652,362
2022-07-31,selection,ridge,10,-0.004918588974519693,403
2022-07-31,selection,huber,1,-0.09512152319048232,329
2022-07-31,selection,huber,2,-0.07099357021294245,369
2022-07-31,selection,huber,3,-0.057592408456862816,355
2022-07-31,selection,huber,4,-0.05099283984269318,366
2022-07-31,selection,huber,5,-0.021732511379364217,381
2022-07-31,selection,huber,6,-0.028421823566734235,348
2022-07-31,selection,huber,7,-0.024639721669665948,359
2022-07-31,selection,huber,8,-0.025206742473139473,362
2022-07-31,selection,huber,9,-0.015564128388873158,362
2022-07-31,selection,huber,10,-0.004858227435683523,403
2022-07-31,selection,tabm_experimental,1,-0.0523550172319245,329
2022-07-31,selection,tabm_experimental,2,-0.04326312918828425,369
2022-07-31,selection,tabm_experimental,3,-0.044457023845723635,355
2022-07-31,selection,tabm_experimental,4,-0.03695548568657865,366
2022-07-31,selection,tabm_experimental,5,-0.037492452770647514,381
2022-07-31,selection,tabm_experimental,6,-0.02912616718996221,348
2022-07-31,selection,tabm_experimental,7,-0.03716779219774501,359
2022-07-31,selection,tabm_experimental,8,-0.038010818805619254,362
2022-07-31,selection,tabm_experimental,9,-0.03710853987478202,362
2022-07-31,selection,tabm_experimental,10,-0.031960131147240306,403
2022-07-31,selection,retrieval_experimental,1,-0.055664278984650886,329
2022-07-31,selection,retrieval_experimental,2,-0.05102787510808588,369
2022-07-31,selection,retrieval_experimental,3,-0.052459959625714,355
2022-07-31,selection,retrieval_experimental,4,-0.04464399567644457,366
2022-07-31,selection,retrieval_experimental,5,-0.03600305458698154,381
2022-07-31,selection,retrieval_experimental,6,-0.033369513240296154,348
2022-07-31,selection,retrieval_experimental,7,-0.023931298606738104,359
2022-07-31,selection,retrieval_experimental,8,-0.033760840217097486,362
2022-07-31,selection,retrieval_experimental,9,-0.025627381273089573,362
2022-07-31,selection,retrieval_experimental,10,-0.03178239895182653,403
2022-08-31,selection,ols,1,-0.10805869475683344,332
2022-08-31,selection,ols,2,-0.09888015597441696,371
2022-08-31,selection,ols,3,-0.10153400627743643,353
2022-08-31,selection,ols,4,-0.09951809332878561,371
2022-08-31,selection,ols,5,-0.08845476262351885,367
2022-08-31,selection,ols,6,-0.0887605436174843,361
2022-08-31,selection,ols,7,-0.08520346232680112,356
2022-08-31,selection,ols,8,-0.08616076396165799,368
2022-08-31,selection,ols,9,-0.08417672013235725,356
2022-08-31,selection,ols,10,-0.07325550824763359,402
2022-08-31,selection,ridge,1,-0.10836904429064957,332
2022-08-31,selection,ridge,2,-0.09860243078512597,371
2022-08-31,selection,ridge,3,-0.10110695616728396,353
2022-08-31,selection,ridge,4,-0.09995490696303763,371
2022-08-31,selection,ridge,5,-0.08869223959293232,367
2022-08-31,selection,ridge,6,-0.0888180224413772,361
2022-08-31,selection,ridge,7,-0.08469908428710791,356
2022-08-31,selection,ridge,8,-0.08604662715158769,368
2022-08-31,selection,ridge,9,-0.08407111536039304,356
2022-08-31,selection,ridge,10,-0.07360362554721606,402
2022-08-31,selection,huber,1,-0.10821663402486371,332
2022-08-31,selection,huber,2,-0.09951747651042163,371
2022-08-31,selection,huber,3,-0.10144640735739867,353
2022-08-31,selection,huber,4,-0.09967196721705467,371
2022-08-31,selection,huber,5,-0.08610510268039909,367
2022-08-31,selection,huber,6,-0.09061604657093597,361
2022-08-31,selection,huber,7,-0.08426739898528518,356
2022-08-31,selection,huber,8,-0.08658578996083206,368
2022-08-31,selection,huber,9,-0.08359220688273836,356
2022-08-31,selection,huber,10,-0.07390813954628672,402
2022-08-31,selection,tabm_experimental,1,-0.0962559185626271,332
2022-08-31,selection,tabm_experimental,2,-0.09547801272976043,371
2022-08-31,selection,tabm_experimental,3,-0.10051967312147096,353
2022-08-31,selection,tabm_experimental,4,-0.0934519707144367,371
2022-08-31,selection,tabm_experimental,5,-0.07675783649399956,367
2022-08-31,selection,tabm_experimental,6,-0.08850320663396184,361
2022-08-31,selection,tabm_experimental,7,-0.09036730426601176,356
2022-08-31,selection,tabm_experimental,8,-0.08992884723787285,368
2022-08-31,selection,tabm_experimental,9,-0.09146876417103773,356
2022-08-31,selection,tabm_experimental,10,-0.08906154909597243,402
2022-08-31,selection,retrieval_experimental,1,-0.0823568985333789,332
2022-08-31,selection,retrieval_experimental,2,-0.09359425994450692,371
2022-08-31,selection,retrieval_experimental,3,-0.09868554627087253,353
2022-08-31,selection,retrieval_experimental,4,-0.09041186020250926,371
2022-08-31,selection,retrieval_experimental,5,-0.09177014135367571,367
2022-08-31,selection,retrieval_experimental,6,-0.08864907848478679,361
2022-08-31,selection,retrieval_experimental,7,-0.0872906822535012,356
2022-08-31,selection,retrieval_experimental,8,-0.09068215854339214,368
2022-08-31,selection,retrieval_experimental,9,-0.09184729433925157,356
2022-08-31,selection,retrieval_experimental,10,-0.09455856707038875,402
2022-09-30,selection,ols,1,0.012893396804071216,331
2022-09-30,selection,ols,2,0.026867498506785246,372
2022-09-30,selection,ols,3,0.026326564136188668,354
2022-09-30,selection,ols,4,0.03256709545458082,376
2022-09-30,selection,ols,5,0.02824968857473834,369
2022-09-30,selection,ols,6,0.028320210886927717,354
2022-09-30,selection,ols,7,0.036691497942007836,364
2022-09-30,selection,ols,8,0.0361208242482016,366
2022-09-30,selection,ols,9,0.03889933749974824,360
2022-09-30,selection,ols,10,0.027874070838637546,405
2022-09-30,selection,ridge,1,0.012893396804071216,331
2022-09-30,selection,ridge,2,0.026716586924783983,372
2022-09-30,selection,ridge,3,0.025990984150800648,354
2022-09-30,selection,ridge,4,0.03452898304593407,376
2022-09-30,selection,ridge,5,0.026724660631602865,369
2022-09-30,selection,ridge,6,0.029832803129791984,354
2022-09-30,selection,ridge,7,0.034592322784569356,364
2022-09-30,selection,ridge,8,0.0366478726544696,366
2022-09-30,selection,ridge,9,0.04003241577729366,360
2022-09-30,selection,ridge,10,0.0269551429540035,405
2022-09-30,selection,huber,1,0.013671981923909554,331
2022-09-30,selection,huber,2,0.025882332414054406,372
2022-09-30,selection,huber,3,0.02695887064361776,354
2022-09-30,selection,huber,4,0.03218999289425299,376
2022-09-30,selection,huber,5,0.0296504137135952,369
2022-09-30,selection,huber,6,0.026976532803318794,354
2022-09-30,selection,huber,7,0.035496547257112335,364
2022-09-30,selection,huber,8,0.03743179616733428,366
2022-09-30,selection,huber,9,0.03844086749541079,360
2022-09-30,selection,huber,10,0.02813509346753385,405
2022-09-30,selection,tabm_experimental,1,0.02507907266591485,331
2022-09-30,selection,tabm_experimental,2,0.02256576215263382,372
2022-09-30,selection,tabm_experimental,3,0.027865076294311383,354
2022-09-30,selection,tabm_experimental,4,0.02909636807854305,376
2022-09-30,selection,tabm_experimental,5,0.021649468449352373,369
2022-09-30,selection,tabm_experimental,6,0.028765787554094917,354
2022-09-30,selection,tabm_experimental,7,0.027795763866818146,364
2022-09-30,selection,tabm_experimental,8,0.03796991050009881,366
2022-09-30,selection,tabm_experimental,9,0.03338803763966057,360
2022-09-30,selection,tabm_experimental,10,0.040590722872675344,405
2022-09-30,selection,retrieval_experimental,1,0.03299712576075508,331
2022-09-30,selection,retrieval_experimental,2,0.02053726630469572,372
2022-09-30,selection,retrieval_experimental,3,0.0259254279414723,354
2022-09-30,selection,retrieval_experimental,4,0.033504252517165725,376
2022-09-30,selection,retrieval_experimental,5,0.031241945075023224,369
2022-09-30,selection,retrieval_experimental,6,0.024752801005913764,354
2022-09-30,selection,retrieval_experimental,7,0.03241101109074973,364
2022-09-30,selection,retrieval_experimental,8,0.03888639422540122,366
2022-09-30,selection,retrieval_experimental,9,0.02540061222822795,360
2022-09-30,selection,retrieval_experimental,10,0.030477289113048957,405
2022-10-31,selection,ols,1,0.04321228381335088,334
2022-10-31,selection,ols,2,0.05116195407012553,373
2022-10-31,selection,ols,3,0.08126824015995292,362
2022-10-31,selection,ols,4,0.07781042874885731,373
2022-10-31,selection,ols,5,0.07710777149770184,377
2022-10-31,selection,ols,6,0.08107112329992816,361
2022-10-31,selection,ols,7,0.08890596841052348,362
2022-10-31,selection,ols,8,0.09262461995576352,373
2022-10-31,selection,ols,9,0.08734430205786949,362
2022-10-31,selection,ols,10,0.08950401330951424,408
2022-10-31,selection,ridge,1,0.04321228381335088,334
2022-10-31,selection,ridge,2,0.05116195407012553,373
2022-10-31,selection,ridge,3,0.08126824015995292,362
2022-10-31,selection,ridge,4,0.07781042874885731,373
2022-10-31,selection,ridge,5,0.07710777149770184,377
2022-10-31,selection,ridge,6,0.08107112329992816,361
2022-10-31,selection,ridge,7,0.08890596841052348,362
2022-10-31,selection,ridge,8,0.09262461995576352,373
2022-10-31,selection,ridge,9,0.08734430205786949,362
2022-10-31,selection,ridge,10,0.08950401330951424,408
2022-10-31,selection,huber,1,0.04380905712934412,334
2022-10-31,selection,huber,2,0.052248608823619036,373
2022-10-31,selection,huber,3,0.0809806044025056,362
2022-10-31,selection,huber,4,0.07429307534945409,373
2022-10-31,selection,huber,5,0.07894379294705009,377
2022-10-31,selection,huber,6,0.07819214812696121,361
2022-10-31,selection,huber,7,0.0917480238163031,362
2022-10-31,selection,huber,8,0.09274263025883961,373
2022-10-31,selection,huber,9,0.0876007618228336,362
2022-10-31,selection,huber,10,0.0894866164167659,408
2022-10-31,selection,tabm_experimental,1,0.06908492912654075,334
2022-10-31,selection,tabm_experimental,2,0.0740876270016026,373
2022-10-31,selection,tabm_experimental,3,0.06205693098862968,362
2022-10-31,selection,tabm_experimental,4,0.06445366393295282,373
2022-10-31,selection,tabm_experimental,5,0.06871811863583865,377
2022-10-31,selection,tabm_experimental,6,0.09264323253780803,361
2022-10-31,selection,tabm_experimental,7,0.08083857753886443,362
2022-10-31,selection,tabm_experimental,8,0.08913389489372867,373
2022-10-31,selection,tabm_experimental,9,0.0823382488884281,362
2022-10-31,selection,tabm_experimental,10,0.08892514699424507,408
2022-10-31,selection,retrieval_experimental,1,0.0650873706418443,334
2022-10-31,selection,retrieval_experimental,2,0.07134296526708796,373
2022-10-31,selection,retrieval_experimental,3,0.07623095520730208,362
2022-10-31,selection,retrieval_experimental,4,0.07254961213974509,373
2022-10-31,selection,retrieval_experimental,5,0.08561039716067438,377
2022-10-31,selection,retrieval_experimental,6,0.07730536017965257,361
2022-10-31,selection,retrieval_experimental,7,0.08450677400564052,362
2022-10-31,selection,retrieval_experimental,8,0.07966918159124911,373
2022-10-31,selection,retrieval_experimental,9,0.07323900816172164,362
2022-10-31,selection,retrieval_experimental,10,0.08616317864601065,408
2022-11-30,selection,ols,1,-0.07374673781381559,341
2022-11-30,selection,ols,2,-0.049323386530733586,379
2022-11-30,selection,ols,3,-0.03796046430622378,366
2022-11-30,selection,ols,4,-0.02535386375260984,380
2022-11-30,selection,ols,5,-0.040529196626713955,385
2022-11-30,selection,ols,6,-0.04358314792242335,368
2022-11-30,selection,ols,7,-0.027252573864099676,365
2022-11-30,selection,ols,8,-0.03411057379930779,381
2022-11-30,selection,ols,9,-0.03201104876289238,364
2022-11-30,selection,ols,10,-0.02521958681608174,414
2022-11-30,selection,ridge,1,-0.07374673781381559,341
2022-11-30,selection,ridge,2,-0.049323386530733586,379
2022-11-30,selection,ridge,3,-0.03796046430622378,366
2022-11-30,selection,ridge,4,-0.02560556929834775,380
2022-11-30,selection,ridge,5,-0.04028075998416745,385
2022-11-30,selection,ridge,6,-0.04356536319564168,368
2022-11-30,selection,ridge,7,-0.027270504766717923,365
2022-11-30,selection,ridge,8,-0.03411057379930779,381
2022-11-30,selection,ridge,9,-0.03201104876289238,364
2022-11-30,selection,ridge,10,-0.02521958681608174,414
2022-11-30,selection,huber,1,-0.07461572682788063,341
2022-11-30,selection,huber,2,-0.04686334173955476,379
2022-11-30,selection,huber,3,-0.040082252483153086,366
2022-11-30,selection,huber,4,-0.024852088605507618,380
2022-11-30,selection,huber,5,-0.04255528008077263,385
2022-11-30,selection,huber,6,-0.042130165914416595,368
2022-11-30,selection,huber,7,-0.02699305243903108,365
2022-11-30,selection,huber,8,-0.03371280585032817,381
2022-11-30,selection,huber,9,-0.03209858596870699,364
2022-11-30,selection,huber,10,-0.025265959811569604,414
2022-11-30,selection,tabm_experimental,1,-0.037026705475719464,341
2022-11-30,selection,tabm_experimental,2,-0.042178499212054466,379
2022-11-30,selection,tabm_experimental,3,-0.04650851214544098,366
2022-11-30,selection,tabm_experimental,4,-0.0356955451657588,380
2022-11-30,selection,tabm_experimental,5,-0.03672779349936333,385
2022-11-30,selection,tabm_experimental,6,-0.03521063943183409,368
2022-11-30,selection,tabm_experimental,7,-0.037052226344118304,365
2022-11-30,selection,tabm_experimental,8,-0.03702931953030262,381
2022-11-30,selection,tabm_experimental,9,-0.04127089092411636,364
2022-11-30,selection,tabm_experimental,10,-0.03646631236701302,414
2022-11-30,selection,retrieval_experimental,1,-0.05475137136900788,341
2022-11-30,selection,retrieval_experimental,2,-0.041110068778037266,379
2022-11-30,selection,retrieval_experimental,3,-0.03847672110809,366
2022-11-30,selection,retrieval_experimental,4,-0.026731281583773737,380
2022-11-30,selection,retrieval_experimental,5,-0.04329927360476484,385
2022-11-30,selection,retrieval_experimental,6,-0.03910496405218621,368
2022-11-30,selection,retrieval_experimental,7,-0.03244380079782598,365
2022-11-30,selection,retrieval_experimental,8,-0.039906696566896764,381
2022-11-30,selection,retrieval_experimental,9,-0.032350525436640784,364
2022-11-30,selection,retrieval_experimental,10,-0.03785896008617299,414
2022-12-31,selection,ols,1,0.05412674438940197,345
2022-12-31,selection,ols,2,0.06098354896492725,384
2022-12-31,selection,ols,3,0.07233552898923794,366
2022-12-31,selection,ols,4,0.07990206792371775,384
2022-12-31,selection,ols,5,0.07986636119952127,384
2022-12-31,selection,ols,6,0.0874107396361487,372
2022-12-31,selection,ols,7,0.08606901338477388,371
2022-12-31,selection,ols,8,0.08418273791730503,379
2022-12-31,selection,ols,9,0.08237555649501338,371
2022-12-31,selection,ols,10,0.07930269618911423,419
2022-12-31,selection,ridge,1,0.05412674438940197,345
2022-12-31,selection,ridge,2,0.06098354896492725,384
2022-12-31,selection,ridge,3,0.07188929004166698,366
2022-12-31,selection,ridge,4,0.08032738942062131,384
2022-12-31,selection,ridge,5,0.07986636119952127,384
2022-12-31,selection,ridge,6,0.08811582617746641,372
2022-12-31,selection,ridge,7,0.08536202634064939,371
2022-12-31,selection,ridge,8,0.08418273791730503,379
2022-12-31,selection,ridge,9,0.08237555649501338,371
2022-12-31,selection,ridge,10,0.07930269618911423,419
2022-12-31,selection,huber,1,0.054359119436806,345
2022-12-31,selection,huber,2,0.06038853384785045,384
2022-12-31,selection,huber,3,0.07262893134069719,366
2022-12-31,selection,huber,4,0.07958493710147489,384
2022-12-31,selection,huber,5,0.07992114756730555,384
2022-12-31,selection,huber,6,0.08875220367357808,372
2022-12-31,selection,huber,7,0.08548753772382231,371
2022-12-31,selection,huber,8,0.08275868780200969,379
2022-12-31,selection,huber,9,0.08342927298988621,371
2022-12-31,selection,huber,10,0.07931978555873126,419
2022-12-31,selection,tabm_experimental,1,0.07218022258135726,345
2022-12-31,selection,tabm_experimental,2,0.06963034749969611,384
2022-12-31,selection,tabm_experimental,3,0.06869310738546505,366
2022-12-31,selection,tabm_experimental,4,0.07459918550684198,384
2022-12-31,selection,tabm_experimental,5,0.07822837272524613,384
2022-12-31,selection,tabm_experimental,6,0.07918308491973519,372
2022-12-31,selection,tabm_experimental,7,0.07826012680521391,371
2022-12-31,selection,tabm_experimental,8,0.07570144194031637,379
2022-12-31,selection,tabm_experimental,9,0.08351892197847498,371
2022-12-31,selection,tabm_experimental,10,0.08693421688611667,419
2022-12-31,selection,retrieval_experimental,1,0.08531350902996077,345
2022-12-31,selection,retrieval_experimental,2,0.07401611927775226,384
2022-12-31,selection,retrieval_experimental,3,0.08275829044245801,366
2022-12-31,selection,retrieval_experimental,4,0.07581245479957348,384
2022-12-31,selection,retrieval_experimental,5,0.08387578312383918,384
2022-12-31,selection,retrieval_experimental,6,0.07592526783474916,372
2022-12-31,selection,retrieval_experimental,7,0.0738865754236302,371
2022-12-31,selection,retrieval_experimental,8,0.07187868387155769,379
2022-12-31,selection,retrieval_experimental,9,0.07608528450251516,371
2022-12-31,selection,retrieval_experimental,10,0.07033212175951331,419
2023-01-31,selection,ols,1,-0.010158259244050501,348
2023-01-31,selection,ols,2,0.014615424875864392,384
2023-01-31,selection,ols,3,0.015347228096151319,373
2023-01-31,selection,ols,4,0.02507054460139453,385
2023-01-31,selection,ols,5,0.03222058015152419,395
2023-01-31,selection,ols,6,0.037090058209100524,372
2023-01-31,selection,ols,7,0.0277794110966923,374
2023-01-31,selection,ols,8,0.04280027411702227,384
2023-01-31,selection,ols,9,0.04958411060999856,373
2023-01-31,selection,ols,10,0.046427678397625106,424
2023-01-31,selection,ridge,1,-0.010158259244050501,348
2023-01-31,selection,ridge,2,0.014615424875864392,384
2023-01-31,selection,ridge,3,0.015347228096151319,373
2023-01-31,selection,ridge,4,0.02507054460139453,385
2023-01-31,selection,ridge,5,0.03222058015152419,395
2023-01-31,selection,ridge,6,0.037090058209100524,372
2023-01-31,selection,ridge,7,0.0277794110966923,374
2023-01-31,selection,ridge,8,0.04280027411702227,384
2023-01-31,selection,ridge,9,0.04958411060999856,373
2023-01-31,selection,ridge,10,0.046427678397625106,424
2023-01-31,selection,huber,1,-0.009976809381469966,348
2023-01-31,selection,huber,2,0.014108943674989672,384
2023-01-31,selection,huber,3,0.015831643567709757,373
2023-01-31,selection,huber,4,0.02551533611662068,385
2023-01-31,selection,huber,5,0.03252380178746755,395
2023-01-31,selection,huber,6,0.034249845704540385,372
2023-01-31,selection,huber,7,0.03027001575701669,374
2023-01-31,selection,huber,8,0.04233679878255914,384
2023-01-31,selection,huber,9,0.049672826576176186,373
2023-01-31,selection,huber,10,0.04626163207755792,424
2023-01-31,selection,tabm_experimental,1,0.013667847308900378,348
2023-01-31,selection,tabm_experimental,2,0.028549935578987076,384
2023-01-31,selection,tabm_experimental,3,0.026030706654985095,373
2023-01-31,selection,tabm_experimental,4,0.03567082602671299,385
2023-01-31,selection,tabm_experimental,5,0.023557044897911064,395
2023-01-31,selection,tabm_experimental,6,0.030954922828685293,372
2023-01-31,selection,tabm_experimental,7,0.03186636290317165,374
2023-01-31,selection,tabm_experimental,8,0.031217733275023824,384
2023-01-31,selection,tabm_experimental,9,0.03606832153244913,373
2023-01-31,selection,tabm_experimental,10,0.027457274573811644,424
2023-01-31,selection,retrieval_experimental,1,0.020018515839232295,348
2023-01-31,selection,retrieval_experimental,2,0.029948236073063916,384
2023-01-31,selection,retrieval_experimental,3,0.0316914495873847,373
2023-01-31,selection,retrieval_experimental,4,0.024101797724900814,385
2023-01-31,selection,retrieval_experimental,5,0.028432271066935418,395
2023-01-31,selection,retrieval_experimental,6,0.028814600818671057,372
2023-01-31,selection,retrieval_experimental,7,0.026558921288645374,374
2023-01-31,selection,retrieval_experimental,8,0.03467237810377975,384
2023-01-31,selection,retrieval_experimental,9,0.032797328711742894,373
2023-01-31,selection,retrieval_experimental,10,0.02827002001439249,424
2023-02-28,selection,ols,1,-0.015372985088964515,348
2023-02-28,selection,ols,2,-0.012384565214912373,392
2023-02-28,selection,ols,3,-0.014873670039591752,374
2023-02-28,selection,ols,4,-0.02302626633251563,391
2023-02-28,selection,ols,5,-0.010401925739702663,391
2023-02-28,selection,ols,6,-0.01114779375334882,378
2023-02-28,selection,ols,7,-0.0007722035798719206,377
2023-02-28,selection,ols,8,-0.00972881490526361,388
2023-02-28,selection,ols,9,-0.004133578243337795,378
2023-02-28,selection,ols,10,-0.006769247866914267,424
2023-02-28,selection,ridge,1,-0.015372985088964515,348
2023-02-28,selection,ridge,2,-0.012384565214912373,392
2023-02-28,selection,ridge,3,-0.014873670039591752,374
2023-02-28,selection,ridge,4,-0.02302626633251563,391
2023-02-28,selection,ridge,5,-0.010401925739702663,391
2023-02-28,selection,ridge,6,-0.01114779375334882,378
2023-02-28,selection,ridge,7,-0.0007722035798719206,377
2023-02-28,selection,ridge,8,-0.00972881490526361,388
2023-02-28,selection,ridge,9,-0.004133578243337795,378
2023-02-28,selection,ridge,10,-0.006769247866914267,424
2023-02-28,selection,huber,1,-0.01534777173625876,348
2023-02-28,selection,huber,2,-0.01024898576607706,392
2023-02-28,selection,huber,3,-0.01791748126188759,374
2023-02-28,selection,huber,4,-0.021898746904090296,391
2023-02-28,selection,huber,5,-0.010977190820171335,391
2023-02-28,selection,huber,6,-0.00897889792479307,378
2023-02-28,selection,huber,7,-0.002887898140080268,377
2023-02-28,selection,huber,8,-0.009376458607162016,388
2023-02-28,selection,huber,9,-0.004764142465205518,378
2023-02-28,selection,huber,10,-0.006401451134344462,424
2023-02-28,selection,tabm_experimental,1,-0.006470757265230382,348
2023-02-28,selection,tabm_experimental,2,-0.009234578719988501,392
2023-02-28,selection,tabm_experimental,3,-0.013851712164758848,374
2023-02-28,selection,tabm_experimental,4,-0.01761616304373424,391
2023-02-28,selection,tabm_experimental,5,-0.012293784768674515,391
2023-02-28,selection,tabm_experimental,6,-0.011801671380374096,378
2023-02-28,selection,tabm_experimental,7,-0.013767128713088201,377
2023-02-28,selection,tabm_experimental,8,-0.004115194582514068,388
2023-02-28,selection,tabm_experimental,9,-0.005063932498984861,378
2023-02-28,selection,tabm_experimental,10,-0.013304092201340713,424
2023-02-28,selection,retrieval_experimental,1,-0.0006157637129666917,348
2023-02-28,selection,retrieval_experimental,2,-0.009201168079402383,392
2023-02-28,selection,retrieval_experimental,3,-0.008857911238215969,374
2023-02-28,selection,retrieval_experimental,4,-0.004377261392113344,391
2023-02-28,selection,retrieval_experimental,5,-0.01395557246382998,391
2023-02-28,selection,retrieval_experimental,6,-0.0060551922859172075,378
2023-02-28,selection,retrieval_experimental,7,-0.021747487724658555,377
2023-02-28,selection,retrieval_experimental,8,-0.008316643523045628,388
2023-02-28,selection,retrieval_experimental,9,-0.011684731394892327,378
2023-02-28,selection,retrieval_experimental,10,-0.021501538922015128,424
2023-03-31,selection,ols,1,-0.027170660958492448,355
2023-03-31,selection,ols,2,-0.03020807152532265,390
2023-03-31,selection,ols,3,-0.03264719065410414,380
2023-03-31,selection,ols,4,-0.029760173434841122,393
2023-03-31,selection,ols,5,-0.026412617127293314,406
2023-03-31,selection,ols,6,-0.031708882226618364,372
2023-03-31,selection,ols,7,-0.020218942786561583,387
2023-03-31,selection,ols,8,-0.029558871250131603,386
2023-03-31,selection,ols,9,-0.022244216276593443,384
2023-03-31,selection,ols,10,-0.014501802786051435,431
2023-03-31,selection,ridge,1,-0.027170660958492448,355
2023-03-31,selection,ridge,2,-0.03020807152532265,390
2023-03-31,selection,ridge,3,-0.03264719065410414,380
2023-03-31,selection,ridge,4,-0.029760173434841122,393
2023-03-31,selection,ridge,5,-0.026412617127293314,406
2023-03-31,selection,ridge,6,-0.031708882226618364,372
2023-03-31,selection,ridge,7,-0.020218942786561583,387
2023-03-31,selection,ridge,8,-0.029558871250131603,386
2023-03-31,selection,ridge,9,-0.022244216276593443,384
2023-03-31,selection,ridge,10,-0.014501802786051435,431
2023-03-31,selection,huber,1,-0.027258382804066117,355
2023-03-31,selection,huber,2,-0.02951052496395106,390
2023-03-31,selection,huber,3,-0.032250876471671096,380
2023-03-31,selection,huber,4,-0.028703564732671827,393
2023-03-31,selection,huber,5,-0.028280917109943047,406
2023-03-31,selection,huber,6,-0.03000283106798019,372
2023-03-31,selection,huber,7,-0.02130734401047742,387
2023-03-31,selection,huber,8,-0.02951787113346843,386
2023-03-31,selection,huber,9,-0.02244897690375389,384
2023-03-31,selection,huber,10,-0.014963186641359818,431
2023-03-31,selection,tabm_experimental,1,-0.037841030100218984,355
2023-03-31,selection,tabm_experimental,2,-0.03247137567932382,390
2023-03-31,selection,tabm_experimental,3,-0.012333599232592222,380
2023-03-31,selection,tabm_experimental,4,-0.025183642746777993,393
2023-03-31,selection,tabm_experimental,5,-0.018640873481234936,406
2023-03-31,selection,tabm_experimental,6,-0.03120075936735512,372
2023-03-31,selection,tabm_experimental,7,-0.0284794137471002,387
2023-03-31,selection,tabm_experimental,8,-0.033639017497159036,386
2023-03-31,selection,tabm_experimental,9,-0.024952827678899375,384
2023-03-31,selection,tabm_experimental,10,-0.020022860251455322,431
2023-03-31,selection,retrieval_experimental,1,-0.009379727360626379,355
2023-03-31,selection,retrieval_experimental,2,-0.012622339120658087,390
2023-03-31,selection,retrieval_experimental,3,-0.030667328094576243,380
2023-03-31,selection,retrieval_experimental,4,-0.029569364927904396,393
2023-03-31,selection,retrieval_experimental,5,-0.02564958614866017,406
2023-03-31,selection,retrieval_experimental,6,-0.024559363049997184,372
2023-03-31,selection,retrieval_experimental,7,-0.023135095563386745,387
2023-03-31,selection,retrieval_experimental,8,-0.036903289096231084,386
2023-03-31,selection,retrieval_experimental,9,-0.03726380742813336,384
2023-03-31,selection,retrieval_experimental,10,-0.03129981874085291,431
2023-04-30,selection,ols,1,-0.01147979127734424,356
2023-04-30,selection,ols,2,-0.004173244595648207,392
2023-04-30,selection,ols,3,-0.003450812216327959,382
2023-04-30,selection,ols,4,-0.006618143563574029,396
2023-04-30,selection,ols,5,-0.010512079063246972,404
2023-04-30,selection,ols,6,0.002992957205089212,377
2023-04-30,selection,ols,7,0.0014165550822206171,391
2023-04-30,selection,ols,8,-0.0038428184905063495,387
2023-04-30,selection,ols,9,0.0002590244689292962,387
2023-04-30,selection,ols,10,0.005238933734795923,432
2023-04-30,selection,ridge,1,-0.009129376244886573,356
2023-04-30,selection,ridge,2,-0.006467836550573602,392
2023-04-30,selection,ridge,3,-0.0025516743783685607,382
2023-04-30,selection,ridge,4,-0.008231220820985546,396
2023-04-30,selection,ridge,5,-0.010271190474900577,404
2023-04-30,selection,ridge,6,0.004671325592214597,377
2023-04-30,selection,ridge,7,0.0006713094148948037,391
2023-04-30,selection,ridge,8,-0.004012422660639545,387
2023-04-30,selection,ridge,9,0.00023982497534416478,387
2023-04-30,selection,ridge,10,0.005221420856915053,432
2023-04-30,selection,huber,1,-0.01147979127734424,356
2023-04-30,selection,huber,2,-0.0037195400295023367,392
2023-04-30,selection,huber,3,-0.003443416523410649,382
2023-04-30,selection,huber,4,-0.007255909860067456,396
2023-04-30,selection,huber,5,-0.010080114765289474,404
2023-04-30,selection,huber,6,0.002269512387015468,377
2023-04-30,selection,huber,7,0.0014078638267222567,391
2023-04-30,selection,huber,8,-0.003038618150391201,387
2023-04-30,selection,huber,9,-0.0001233316482959135,387
2023-04-30,selection,huber,10,0.0052626554835649665,432
2023-04-30,selection,tabm_experimental,1,0.010140179200330215,356
2023-04-30,selection,tabm_experimental,2,0.0029025054646177164,392
2023-04-30,selection,tabm_experimental,3,0.009356181542585868,382
2023-04-30,selection,tabm_experimental,4,0.0038770709701130305,396
2023-04-30,selection,tabm_experimental,5,0.002255736876443395,404
2023-04-30,selection,tabm_experimental,6,-0.008455995306951196,377
2023-04-30,selection,tabm_experimental,7,-0.00499659474305425,391
2023-04-30,selection,tabm_experimental,8,-0.012015130765163936,387
2023-04-30,selection,tabm_experimental,9,-0.014969800013238534,387
2023-04-30,selection,tabm_experimental,10,-0.015124355897017208,432
2023-04-30,selection,retrieval_experimental,1,0.0032109298335639106,356
2023-04-30,selection,retrieval_experimental,2,-0.0062891927863389634,392
2023-04-30,selection,retrieval_experimental,3,-0.003008078661318565,382
2023-04-30,selection,retrieval_experimental,4,-0.013403578806128132,396
2023-04-30,selection,retrieval_experimental,5,0.004646986841203035,404
2023-04-30,selection,retrieval_experimental,6,-0.006912813921061855,377
2023-04-30,selection,retrieval_experimental,7,-0.0008694913757862251,391
2023-04-30,selection,retrieval_experimental,8,0.004037323135341129,387
2023-04-30,selection,retrieval_experimental,9,-0.001459558453677505,387
2023-04-30,selection,retrieval_experimental,10,-0.008101350641609188,432
2023-05-31,selection,ols,1,0.02361774560505826,357
2023-05-31,selection,ols,2,0.03553786554543587,392
2023-05-31,selection,ols,3,0.027294700396770556,378
2023-05-31,selection,ols,4,0.02330108408826904,400
2023-05-31,selection,ols,5,0.01565785807994482,400
2023-05-31,selection,ols,6,0.02327103697444584,375
2023-05-31,selection,ols,7,0.01569551699830231,390
2023-05-31,selection,ols,8,0.023973122165457765,388
2023-05-31,selection,ols,9,0.017984876978444267,382
2023-05-31,selection,ols,10,0.02431828036334586,433
2023-05-31,selection,ridge,1,0.02230122514432273,357
2023-05-31,selection,ridge,2,0.033778405503146834,392
2023-05-31,selection,ridge,3,0.029530621156984106,378
2023-05-31,selection,ridge,4,0.023231533442951563,400
2023-05-31,selection,ridge,5,0.01610590328012315,400
2023-05-31,selection,ridge,6,0.023608995085967352,375
2023-05-31,selection,ridge,7,0.016797514786290362,390
2023-05-31,selection,ridge,8,0.024118527124392067,388
2023-05-31,selection,ridge,9,0.019081087805473136,382
2023-05-31,selection,ridge,10,0.022312384711215088,433
2023-05-31,selection,huber,1,0.023741576712029658,357
2023-05-31,selection,huber,2,0.03466186966223892,392
2023-05-31,selection,huber,3,0.02816221849114215,378
2023-05-31,selection,huber,4,0.02185477118637069,400
2023-05-31,selection,huber,5,0.017325011234418552,400
2023-05-31,selection,huber,6,0.023383454482929788,375
2023-05-31,selection,huber,7,0.015109174822327839,390
2023-05-31,selection,huber,8,0.023956964742716996,388
2023-05-31,selection,huber,9,0.017982816425636115,382
2023-05-31,selection,huber,10,0.02449494972700982,433
2023-05-31,selection,tabm_experimental,1,0.028033577896463525,357
2023-05-31,selection,tabm_experimental,2,0.016627307718936557,392
2023-05-31,selection,tabm_experimental,3,0.02434553881088408,378
2023-05-31,selection,tabm_experimental,4,0.02985865668885201,400
2023-05-31,selection,tabm_experimental,5,0.02368687103164826,400
2023-05-31,selection,tabm_experimental,6,0.027412552034492776,375
2023-05-31,selection,tabm_experimental,7,0.019008814628274272,390
2023-05-31,selection,tabm_experimental,8,0.023892829267738388,388
2023-05-31,selection,tabm_experimental,9,0.01839793811689542,382
2023-05-31,selection,tabm_experimental,10,0.020033627856940985,433
2023-05-31,selection,retrieval_experimental,1,0.02868041183464165,357
2023-05-31,selection,retrieval_experimental,2,0.012976197721427751,392
2023-05-31,selection,retrieval_experimental,3,0.02533575104223947,378
2023-05-31,selection,retrieval_experimental,4,0.026398549840287125,400
2023-05-31,selection,retrieval_experimental,5,0.02553803812331675,400
2023-05-31,selection,retrieval_experimental,6,0.0219025935549125,375
2023-05-31,selection,retrieval_experimental,7,0.01707207467780831,390
2023-05-31,selection,retrieval_experimental,8,0.015370537159224661,388
2023-05-31,selection,retrieval_experimental,9,0.027973417349154896,382
2023-05-31,selection,retrieval_experimental,10,0.029132866573579826,433
2023-06-30,selection,ols,1,-0.054370154491882726,362
2023-06-30,selection,ols,2,-0.03018892379797241,398
2023-06-30,selection,ols,3,-0.004366785678759637,382
2023-06-30,selection,ols,4,-0.00942788406111116,406
2023-06-30,selection,ols,5,0.0035588230861566673,407
2023-06-30,selection,ols,6,0.01808408811979582,385
2023-06-30,selection,ols,7,0.01568923726116733,393
2023-06-30,selection,ols,8,0.02083759184146005,395
2023-06-30,selection,ols,9,0.027860868049269048,385
2023-06-30,selection,ols,10,0.02998455968650541,439
2023-06-30,selection,ridge,1,-0.05443047024581319,362
2023-06-30,selection,ridge,2,-0.029355893721294088,398
2023-06-30,selection,ridge,3,-0.007235078408644284,382
2023-06-30,selection,ridge,4,-0.00947524432716105,406
2023-06-30,selection,ridge,5,0.0045282467289610205,407
2023-06-30,selection,ridge,6,0.020088983058479375,385
2023-06-30,selection,ridge,7,0.015006482629646585,393
2023-06-30,selection,ridge,8,0.020049280404480948,395
2023-06-30,selection,ridge,9,0.027424633172674222,385
2023-06-30,selection,ridge,10,0.03086478853503823,439
2023-06-30,selection,huber,1,-0.05386161844754433,362
2023-06-30,selection,huber,2,-0.02940258976155383,398
2023-06-30,selection,huber,3,-0.005805454451202449,382
2023-06-30,selection,huber,4,-0.009954235334033945,406
2023-06-30,selection,huber,5,0.003928534074078527,407
2023-06-30,selection,huber,6,0.019350333218710766,385
2023-06-30,selection,huber,7,0.014701158512684444,393
2023-06-30,selection,huber,8,0.02057762314868524,395
2023-06-30,selection,huber,9,0.028018829904446513,385
2023-06-30,selection,huber,10,0.03011765678382831,439
2023-06-30,selection,tabm_experimental,1,-0.03216928910774447,362
2023-06-30,selection,tabm_experimental,2,-0.03188423817037321,398
2023-06-30,selection,tabm_experimental,3,-0.016022965008453443,382
2023-06-30,selection,tabm_experimental,4,0.002578512780887561,406
2023-06-30,selection,tabm_experimental,5,0.002422722927542872,407
2023-06-30,selection,tabm_experimental,6,0.0012193956288668079,385
2023-06-30,selection,tabm_experimental,7,0.008595675265045441,393
2023-06-30,selection,tabm_experimental,8,0.024968612072154336,395
2023-06-30,selection,tabm_experimental,9,0.02374914722669151,385
2023-06-30,selection,tabm_experimental,10,0.034336300007363076,439
2023-06-30,selection,retrieval_experimental,1,-0.03703195233661684,362
2023-06-30,selection,retrieval_experimental,2,-0.00772921625838579,398
2023-06-30,selection,retrieval_experimental,3,-0.01237724964458891,382
2023-06-30,selection,retrieval_experimental,4,0.005993444063491148,406
2023-06-30,selection,retrieval_experimental,5,0.005066447350803325,407
2023-06-30,selection,retrieval_experimental,6,0.011911683132682127,385
2023-06-30,selection,retrieval_experimental,7,0.00563759805683418,393
2023-06-30,selection,retrieval_experimental,8,0.020441384769528673,395
2023-06-30,selection,retrieval_experimental,9,0.016367312981883566,385
2023-06-30,selection,retrieval_experimental,10,0.01148372319762917,439
2023-07-31,selection,ols,1,-0.05009171421356489,363
2023-07-31,selection,ols,2,-0.045874864883050856,399
2023-07-31,selection,ols,3,-0.041899288731850184,386
2023-07-31,selection,ols,4,-0.04545584038900237,405
2023-07-31,selection,ols,5,-0.04979321508795247,410
2023-07-31,selection,ols,6,-0.04769605253769645,383
2023-07-31,selection,ols,7,-0.0475875249437962,397
2023-07-31,selection,ols,8,-0.042173543908504606,394
2023-07-31,selection,ols,9,-0.04384735066634759,391
2023-07-31,selection,ols,10,-0.04550410924238111,441
2023-07-31,selection,ridge,1,-0.05009171421356489,363
2023-07-31,selection,ridge,2,-0.04596794624198341,399
2023-07-31,selection,ridge,3,-0.04180307250849762,386
2023-07-31,selection,ridge,4,-0.045410336442829734,405
2023-07-31,selection,ridge,5,-0.05021740860582139,410
2023-07-31,selection,ridge,6,-0.04737506943138552,383
2023-07-31,selection,ridge,7,-0.047488878755446474,397
2023-07-31,selection,ridge,8,-0.04198338047142022,394
2023-07-31,selection,ridge,9,-0.04373854322977123,391
2023-07-31,selection,ridge,10,-0.045785462812172925,441
2023-07-31,selection,huber,1,-0.04931148896898901,363
2023-07-31,selection,huber,2,-0.04734449538378104,399
2023-07-31,selection,huber,3,-0.040413036300782905,386
2023-07-31,selection,huber,4,-0.04567851138418839,405
2023-07-31,selection,huber,5,-0.05010756488862011,410
2023-07-31,selection,huber,6,-0.04600511496819921,383
2023-07-31,selection,huber,7,-0.05007914613922173,397
2023-07-31,selection,huber,8,-0.04153424286123852,394
2023-07-31,selection,huber,9,-0.043978389029296405,391
2023-07-31,selection,huber,10,-0.045301323637621384,441
2023-07-31,selection,tabm_experimental,1,-0.0524892951393237,363
2023-07-31,selection,tabm_experimental,2,-0.03825875678737778,399
2023-07-31,selection,tabm_experimental,3,-0.04567333009481498,386
2023-07-31,selection,tabm_experimental,4,-0.04378101804350847,405
2023-07-31,selection,tabm_experimental,5,-0.03729438338692215,410
2023-07-31,selection,tabm_experimental,6,-0.050171492361033916,383
2023-07-31,selection,tabm_experimental,7,-0.0505310673198246,397
2023-07-31,selection,tabm_experimental,8,-0.04292426003561407,394
2023-07-31,selection,tabm_experimental,9,-0.04980280440658609,391
2023-07-31,selection,tabm_experimental,10,-0.04952566251501205,441
2023-07-31,selection,retrieval_experimental,1,-0.0398431884691883,363
2023-07-31,selection,retrieval_experimental,2,-0.04450859591011632,399
2023-07-31,selection,retrieval_experimental,3,-0.04236441367660406,386
2023-07-31,selection,retrieval_experimental,4,-0.04205413533540014,405
2023-07-31,selection,retrieval_experimental,5,-0.046498022964395015,410
2023-07-31,selection,retrieval_experimental,6,-0.055549278282422086,383
2023-07-31,selection,retrieval_experimental,7,-0.05019798243461783,397
2023-07-31,selection,retrieval_experimental,8,-0.044324291360548225,394
2023-07-31,selection,retrieval_experimental,9,-0.04497700574588138,391
2023-07-31,selection,retrieval_experimental,10,-0.04886309005374853,441
2023-08-31,selection,ols,1,-0.027003413420704604,362
2023-08-31,selection,ols,2,-0.005502112301684097,400
2023-08-31,selection,ols,3,-0.008651099021421254,386
2023-08-31,selection,ols,4,-0.005073645946908283,399
2023-08-31,selection,ols,5,0.003903060168068781,414
2023-08-31,selection,ols,6,-0.006013979283761825,386
2023-08-31,selection,ols,7,0.004001792438512819,391
2023-08-31,selection,ols,8,0.0032163618513762044,394
2023-08-31,selection,ols,9,0.003053341805924437,392
2023-08-31,selection,ols,10,0.005984410320473631,440
2023-08-31,selection,ridge,1,-0.027003413420704604,362
2023-08-31,selection,ridge,2,-0.00557539380653021,400
2023-08-31,selection,ridge,3,-0.008454743323968707,386
2023-08-31,selection,ridge,4,-0.00435438810607936,399
2023-08-31,selection,ridge,5,0.003014965322789687,414
2023-08-31,selection,ridge,6,-0.005163757988789067,386
2023-08-31,selection,ridge,7,0.00284697369704334,391
2023-08-31,selection,ridge,8,0.003912483168829423,394
2023-08-31,selection,ridge,9,0.0025453554915455395,392
2023-08-31,selection,ridge,10,0.006173647719761313,440
2023-08-31,selection,huber,1,-0.026347067357453253,362
2023-08-31,selection,huber,2,-0.007197295501929154,400
2023-08-31,selection,huber,3,-0.007768083328788275,386
2023-08-31,selection,huber,4,-0.003824751698306836,399
2023-08-31,selection,huber,5,0.003182610083407977,414
2023-08-31,selection,huber,6,-0.006648540102082808,386
2023-08-31,selection,huber,7,0.0023040212405042687,391
2023-08-31,selection,huber,8,0.006424474070653983,394
2023-08-31,selection,huber,9,0.001869603280423196,392
2023-08-31,selection,huber,10,0.006002031272242405,440
2023-08-31,selection,tabm_experimental,1,-0.008982534822533939,362
2023-08-31,selection,tabm_experimental,2,-0.003186782205430756,400
2023-08-31,selection,tabm_experimental,3,-0.008958667772129772,386
2023-08-31,selection,tabm_experimental,4,0.0059639035268565345,399
2023-08-31,selection,tabm_experimental,5,-0.005815207617008424,414
2023-08-31,selection,tabm_experimental,6,-0.009186935467910594,386
2023-08-31,selection,tabm_experimental,7,0.0007918465182233405,391
2023-08-31,selection,tabm_experimental,8,-0.0001701007580763472,394
2023-08-31,selection,tabm_experimental,9,6.64895746742408e-05,392
2023-08-31,selection,tabm_experimental,10,-0.00021921286390275482,440
2023-08-31,selection,retrieval_experimental,1,-0.011944900562483022,362
2023-08-31,selection,retrieval_experimental,2,-0.009507535500610498,400
2023-08-31,selection,retrieval_experimental,3,-0.006413383108937701,386
2023-08-31,selection,retrieval_experimental,4,-0.004484676708902052,399
2023-08-31,selection,retrieval_experimental,5,-0.002009614517920638,414
2023-08-31,selection,retrieval_experimental,6,-0.003897697297341615,386
2023-08-31,selection,retrieval_experimental,7,-0.002425354022971772,391
2023-08-31,selection,retrieval_experimental,8,0.009370746019006244,394
2023-08-31,selection,retrieval_experimental,9,0.00111255711775478,392
2023-08-31,selection,retrieval_experimental,10,0.0003747924302104456,440
2023-09-30,selection,ols,1,-0.003741858102158637,362
2023-09-30,selection,ols,2,-0.001595468393465125,404
2023-09-30,selection,ols,3,0.00568275340542184,393
2023-09-30,selection,ols,4,-0.0036672818913213714,403
2023-09-30,selection,ols,5,0.0002227862043130238,406
2023-09-30,selection,ols,6,-0.00893840599139122,390
2023-09-30,selection,ols,7,-0.018707685265156686,389
2023-09-30,selection,ols,8,-0.00980537385568817,407
2023-09-30,selection,ols,9,-0.021117973005235408,390
2023-09-30,selection,ols,10,-0.025012071070466883,440
2023-09-30,selection,ridge,1,-0.0037110115991874602,362
2023-09-30,selection,ridge,2,0.0003015772107376271,404
2023-09-30,selection,ridge,3,0.003748309116431207,393
2023-09-30,selection,ridge,4,-0.004158327601621036,403
2023-09-30,selection,ridge,5,0.0006675033684770729,406
2023-09-30,selection,ridge,6,-0.00943980002410177,390
2023-09-30,selection,ridge,7,-0.018292685465466172,389
2023-09-30,selection,ridge,8,-0.009483859176539287,407
2023-09-30,selection,ridge,9,-0.021366044091738208,390
2023-09-30,selection,ridge,10,-0.025012071070466883,440
2023-09-30,selection,huber,1,-0.003762121278862008,362
2023-09-30,selection,huber,2,-0.00010923179690229971,404
2023-09-30,selection,huber,3,0.004180811109660861,393
2023-09-30,selection,huber,4,-0.0019141334123883376,403
2023-09-30,selection,huber,5,-0.0011748501210707937,406
2023-09-30,selection,huber,6,-0.009420503647702517,390
2023-09-30,selection,huber,7,-0.020246369956511273,389
2023-09-30,selection,huber,8,-0.0078391128693585,407
2023-09-30,selection,huber,9,-0.021777652128770367,390
2023-09-30,selection,huber,10,-0.024781040193362528,440
2023-09-30,selection,tabm_experimental,1,-0.001607254363841259,362
2023-09-30,selection,tabm_experimental,2,-0.010281603111911921,404
2023-09-30,selection,tabm_experimental,3,-0.013838582396325953,393
2023-09-30,selection,tabm_experimental,4,-0.011192524403056247,403
2023-09-30,selection,tabm_experimental,5,-0.004799946365143549,406
2023-09-30,selection,tabm_experimental,6,-0.00813467262911494,390
2023-09-30,selection,tabm_experimental,7,-0.0132347764023984,389
2023-09-30,selection,tabm_experimental,8,-0.009211888116223381,407
2023-09-30,selection,tabm_experimental,9,-0.011247108591779369,390
2023-09-30,selection,tabm_experimental,10,-0.004678762837770801,440
2023-09-30,selection,retrieval_experimental,1,-0.010734099829916445,362
2023-09-30,selection,retrieval_experimental,2,-0.00550708519930822,404
2023-09-30,selection,retrieval_experimental,3,-0.012449894505632896,393
2023-09-30,selection,retrieval_experimental,4,-0.0015353201507270573,403
2023-09-30,selection,retrieval_experimental,5,0.0016743001724218074,406
2023-09-30,selection,retrieval_experimental,6,-0.01145418750848169,390
2023-09-30,selection,retrieval_experimental,7,-0.017081365131221306,389
2023-09-30,selection,retrieval_experimental,8,-0.013381469418256613,407
2023-09-30,selection,retrieval_experimental,9,-0.012829603952956042,390
2023-09-30,selection,retrieval_experimental,10,-0.00601060903709734,440
2023-10-31,selection,ols,1,0.03155340346930995,365
2023-10-31,selection,ols,2,0.027028638772933225,406
2023-10-31,selection,ols,3,0.035641337080791965,396
2023-10-31,selection,ols,4,0.03478607643859676,405
2023-10-31,selection,ols,5,0.055541805343430076,412
2023-10-31,selection,ols,6,0.03245916361731967,390
2023-10-31,selection,ols,7,0.035136326419362734,394
2023-10-31,selection,ols,8,0.035923867393873,407
2023-10-31,selection,ols,9,0.03005261632311284,395
2023-10-31,selection,ols,10,0.02389481324849724,442
2023-10-31,selection,ridge,1,0.03155340346930995,365
2023-10-31,selection,ridge,2,0.027028638772933225,406
2023-10-31,selection,ridge,3,0.035641337080791965,396
2023-10-31,selection,ridge,4,0.03478607643859676,405
2023-10-31,selection,ridge,5,0.055541805343430076,412
2023-10-31,selection,ridge,6,0.03245916361731967,390
2023-10-31,selection,ridge,7,0.035136326419362734,394
2023-10-31,selection,ridge,8,0.035923867393873,407
2023-10-31,selection,ridge,9,0.03006665826954792,395
2023-10-31,selection,ridge,10,0.023882264450212496,442
2023-10-31,selection,huber,1,0.03133873637249015,365
2023-10-31,selection,huber,2,0.028870236221489105,406
2023-10-31,selection,huber,3,0.03367024814902685,396
2023-10-31,selection,huber,4,0.03613968035613181,405
2023-10-31,selection,huber,5,0.054020837869327765,412
2023-10-31,selection,huber,6,0.0335491464583979,390
2023-10-31,selection,huber,7,0.03574121444161271,394
2023-10-31,selection,huber,8,0.03500384178726683,407
2023-10-31,selection,huber,9,0.030143348799321113,395
2023-10-31,selection,huber,10,0.02358901474381948,442
2023-10-31,selection,tabm_experimental,1,0.020008893731670505,365
2023-10-31,selection,tabm_experimental,2,0.024384647800358053,406
2023-10-31,selection,tabm_experimental,3,0.03261656907520291,396
2023-10-31,selection,tabm_experimental,4,0.042000585190191154,405
2023-10-31,selection,tabm_experimental,5,0.04348861422244691,412
2023-10-31,selection,tabm_experimental,6,0.03237907324867354,390
2023-10-31,selection,tabm_experimental,7,0.036580006985747024,394
2023-10-31,selection,tabm_experimental,8,0.04010403021536374,407
2023-10-31,selection,tabm_experimental,9,0.034068819422030994,395
2023-10-31,selection,tabm_experimental,10,0.034536785703166234,442
2023-10-31,selection,retrieval_experimental,1,0.03832925179811791,365
2023-10-31,selection,retrieval_experimental,2,0.028860184778750173,406
2023-10-31,selection,retrieval_experimental,3,0.04155468171609591,396
2023-10-31,selection,retrieval_experimental,4,0.029448304833961124,405
2023-10-31,selection,retrieval_experimental,5,0.028252015451820683,412
2023-10-31,selection,retrieval_experimental,6,0.032144408972344204,390
2023-10-31,selection,retrieval_experimental,7,0.03484133228316837,394
2023-10-31,selection,retrieval_experimental,8,0.030543603184750603,407
2023-10-31,selection,retrieval_experimental,9,0.037216434098914196,395
2023-10-31,selection,retrieval_experimental,10,0.040740414275953894,442
2023-11-30,selection,ols,1,-0.02490683379772003,372
2023-11-30,selection,ols,2,-0.014815652376329536,407
2023-11-30,selection,ols,3,-0.018983799932592818,394
2023-11-30,selection,ols,4,-0.019557278792378133,410
2023-11-30,selection,ols,5,-0.016395940687817898,413
2023-11-30,selection,ols,6,-0.023834872895607487,396
2023-11-30,selection,ols,7,-0.02071319794721367,399
2023-11-30,selection,ols,8,-0.016527641154832396,405
2023-11-30,selection,ols,9,-0.01802061092772503,396
2023-11-30,selection,ols,10,-0.01942931129521882,446
2023-11-30,selection,ridge,1,-0.02490683379772003,372
2023-11-30,selection,ridge,2,-0.014794074791752371,407
2023-11-30,selection,ridge,3,-0.01900608946793014,394
2023-11-30,selection,ridge,4,-0.019762896708764136,410
2023-11-30,selection,ridge,5,-0.016138579037196964,413
2023-11-30,selection,ridge,6,-0.023890395663254408,396
2023-11-30,selection,ridge,7,-0.02071319794721367,399
2023-11-30,selection,ridge,8,-0.016527641154832396,405
2023-11-30,selection,ridge,9,-0.01802061092772503,396
2023-11-30,selection,ridge,10,-0.01942931129521882,446
2023-11-30,selection,huber,1,-0.022928543348768853,372
2023-11-30,selection,huber,2,-0.017349379274564685,407
2023-11-30,selection,huber,3,-0.017905269141501746,394
2023-11-30,selection,huber,4,-0.019746415306819448,410
2023-11-30,selection,huber,5,-0.01682413160421435,413
2023-11-30,selection,huber,6,-0.022211389725636636,396
2023-11-30,selection,huber,7,-0.021213525251494638,399
2023-11-30,selection,huber,8,-0.017291733065868856,405
2023-11-30,selection,huber,9,-0.018043492313219795,396
2023-11-30,selection,huber,10,-0.01942931129521882,446
2023-11-30,selection,tabm_experimental,1,-0.01940990564539261,372
2023-11-30,selection,tabm_experimental,2,-0.026480961374545343,407
2023-11-30,selection,tabm_experimental,3,-0.02670471215197551,394
2023-11-30,selection,tabm_experimental,4,-0.013505333512507555,410
2023-11-30,selection,tabm_experimental,5,-0.014169288668557267,413
2023-11-30,selection,tabm_experimental,6,-0.02089007084576223,396
2023-11-30,selection,tabm_experimental,7,-0.01597331677815572,399
2023-11-30,selection,tabm_experimental,8,-0.018168886900334604,405
2023-11-30,selection,tabm_experimental,9,-0.020016890534289802,396
2023-11-30,selection,tabm_experimental,10,-0.01776577966230753,446
2023-11-30,selection,retrieval_experimental,1,-0.017204185312960685,372
2023-11-30,selection,retrieval_experimental,2,-0.02978779238153928,407
2023-11-30,selection,retrieval_experimental,3,-0.0264464898734324,394
2023-11-30,selection,retrieval_experimental,4,-0.013066680725429698,410
2023-11-30,selection,retrieval_experimental,5,-0.013025347568461536,413
2023-11-30,selection,retrieval_experimental,6,-0.025011047974546133,396
2023-11-30,selection,retrieval_experimental,7,-0.01732655606477289,399
2023-11-30,selection,retrieval_experimental,8,-0.01530749779211388,405
2023-11-30,selection,retrieval_experimental,9,-0.015153104383999081,396
2023-11-30,selection,retrieval_experimental,10,-0.020325768730898173,446
2023-12-31,selection,ols,1,-0.24847028102027835,375
2023-12-31,selection,ols,2,-0.21785210880905548,410
2023-12-31,selection,ols,3,-0.2102264608131378,402
2023-12-31,selection,ols,4,-0.19500045640530264,406
2023-12-31,selection,ols,5,-0.18403823848606016,427
2023-12-31,selection,ols,6,-0.18369658519808954,393
2023-12-31,selection,ols,7,-0.17654980103978346,397
2023-12-31,selection,ols,8,-0.15712622142513802,411
2023-12-31,selection,ols,9,-0.14977700044542513,401
2023-12-31,selection,ols,10,-0.13020134463888075,451
2023-12-31,selection,ridge,1,-0.24847028102027835,375
2023-12-31,selection,ridge,2,-0.21785210880905548,410
2023-12-31,selection,ridge,3,-0.2102264608131378,402
2023-12-31,selection,ridge,4,-0.19529863502897912,406
2023-12-31,selection,ridge,5,-0.18375472438485957,427
2023-12-31,selection,ridge,6,-0.18369658519808954,393
2023-12-31,selection,ridge,7,-0.17654980103978346,397
2023-12-31,selection,ridge,8,-0.15712622142513802,411
2023-12-31,selection,ridge,9,-0.14977700044542513,401
2023-12-31,selection,ridge,10,-0.13020134463888075,451
2023-12-31,selection,huber,1,-0.24933234191249798,375
2023-12-31,selection,huber,2,-0.21623312791593435,410
2023-12-31,selection,huber,3,-0.21154083937444373,402
2023-12-31,selection,huber,4,-0.19593593670339288,406
2023-12-31,selection,huber,5,-0.18274060695497554,427
2023-12-31,selection,huber,6,-0.1840961719000353,393
2023-12-31,selection,huber,7,-0.17499822728484585,397
2023-12-31,selection,huber,8,-0.15823925076774564,411
2023-12-31,selection,huber,9,-0.15007340070700032,401
2023-12-31,selection,huber,10,-0.12991096427267884,451
2023-12-31,selection,tabm_experimental,1,-0.2134163046672899,375
2023-12-31,selection,tabm_experimental,2,-0.19137040065964067,410
2023-12-31,selection,tabm_experimental,3,-0.1894338604705781,402
2023-12-31,selection,tabm_experimental,4,-0.18759784573409483,406
2023-12-31,selection,tabm_experimental,5,-0.1815103116955901,427
2023-12-31,selection,tabm_experimental,6,-0.18259057065209564,393
2023-12-31,selection,tabm_experimental,7,-0.16927660984173595,397
2023-12-31,selection,tabm_experimental,8,-0.18086915640505213,411
2023-12-31,selection,tabm_experimental,9,-0.17906330401293136,401
2023-12-31,selection,tabm_experimental,10,-0.1707029368745052,451
2023-12-31,selection,retrieval_experimental,1,-0.20748976405680147,375
2023-12-31,selection,retrieval_experimental,2,-0.19410242442419573,410
2023-12-31,selection,retrieval_experimental,3,-0.18825453430720443,402
2023-12-31,selection,retrieval_experimental,4,-0.17996890367736196,406
2023-12-31,selection,retrieval_experimental,5,-0.18233976811220048,427
2023-12-31,selection,retrieval_experimental,6,-0.18060128950340265,393
2023-12-31,selection,retrieval_experimental,7,-0.17747279917411543,397
2023-12-31,selection,retrieval_experimental,8,-0.17219049702241973,411
2023-12-31,selection,retrieval_experimental,9,-0.18058138380051755,401
2023-12-31,selection,retrieval_experimental,10,-0.18135851121198684,451
2024-01-31,retrospective_test,ols,1,0.08403242566921142,379
2024-01-31,retrospective_test,ols,2,0.0791730838703526,412
2024-01-31,retrospective_test,ols,3,0.07465318128086577,399
2024-01-31,retrospective_test,ols,4,0.09620158600596394,416
2024-01-31,retrospective_test,ols,5,0.07603089887450322,429
2024-01-31,retrospective_test,ols,6,0.06656043203151298,392
2024-01-31,retrospective_test,ols,7,0.07095428296754222,411
2024-01-31,retrospective_test,ols,8,0.060132143107699834,404
2024-01-31,retrospective_test,ols,9,0.06451237488032034,407
2024-01-31,retrospective_test,ols,10,0.06089935988534436,453
2024-01-31,retrospective_test,ridge,1,0.08360389886155052,379
2024-01-31,retrospective_test,ridge,2,0.07956728692885619,412
2024-01-31,retrospective_test,ridge,3,0.07461790809736588,399
2024-01-31,retrospective_test,ridge,4,0.09623541773725351,416
2024-01-31,retrospective_test,ridge,5,0.07603089887450322,429
2024-01-31,retrospective_test,ridge,6,0.06640801110936584,392
2024-01-31,retrospective_test,ridge,7,0.07123163486074195,411
2024-01-31,retrospective_test,ridge,8,0.05984073651127532,404
2024-01-31,retrospective_test,ridge,9,0.06466835924968665,407
2024-01-31,retrospective_test,ridge,10,0.06089935988534436,453
2024-01-31,retrospective_test,huber,1,0.08392223805655034,379
2024-01-31,retrospective_test,huber,2,0.07846849382111364,412
2024-01-31,retrospective_test,huber,3,0.0751972342333484,399
2024-01-31,retrospective_test,huber,4,0.09637237364846801,416
2024-01-31,retrospective_test,huber,5,0.07519108348301816,429
2024-01-31,retrospective_test,huber,6,0.06728070054153927,392
2024-01-31,retrospective_test,huber,7,0.07101931159349434,411
2024-01-31,retrospective_test,huber,8,0.061034862532270584,404
2024-01-31,retrospective_test,huber,9,0.0639952087443098,407
2024-01-31,retrospective_test,huber,10,0.06076894966402623,453
2024-01-31,retrospective_test,tabm_experimental,1,0.08008364073319287,379
2024-01-31,retrospective_test,tabm_experimental,2,0.08891561542669517,412
2024-01-31,retrospective_test,tabm_experimental,3,0.08368169169227808,399
2024-01-31,retrospective_test,tabm_experimental,4,0.0693239577785259,416
2024-01-31,retrospective_test,tabm_experimental,5,0.07328204586862107,429
2024-01-31,retrospective_test,tabm_experimental,6,0.07443004802266179,392
2024-01-31,retrospective_test,tabm_experimental,7,0.07490567252920523,411
2024-01-31,retrospective_test,tabm_experimental,8,0.07009684028644414,404
2024-01-31,retrospective_test,tabm_experimental,9,0.06595752758850704,407
2024-01-31,retrospective_test,tabm_experimental,10,0.05409542329970092,453
2024-01-31,retrospective_test,retrieval_experimental,1,0.08039293204339772,379
2024-01-31,retrospective_test,retrieval_experimental,2,0.07030350538723054,412
2024-01-31,retrospective_test,retrieval_experimental,3,0.0753842739590712,399
2024-01-31,retrospective_test,retrieval_experimental,4,0.07877348917161868,416
2024-01-31,retrospective_test,retrieval_experimental,5,0.0732763570585917,429
2024-01-31,retrospective_test,retrieval_experimental,6,0.07876528848127493,392
2024-01-31,retrospective_test,retrieval_experimental,7,0.07215418235080522,411
2024-01-31,retrospective_test,retrieval_experimental,8,0.0700341237930336,404
2024-01-31,retrospective_test,retrieval_experimental,9,0.0693324482184947,407
2024-01-31,retrospective_test,retrieval_experimental,10,0.06516885821293776,453
2024-02-29,retrospective_test,ols,1,0.013348495850713227,380
2024-02-29,retrospective_test,ols,2,0.01746440074129526,420
2024-02-29,retrospective_test,ols,3,0.033102275113521464,402
2024-02-29,retrospective_test,ols,4,0.04550412257211904,422
2024-02-29,retrospective_test,ols,5,0.05415925108397732,426
2024-02-29,retrospective_test,ols,6,0.051032134440810485,406
2024-02-29,retrospective_test,ols,7,0.04846485073265137,410
2024-02-29,retrospective_test,ols,8,0.045944580554862766,414
2024-02-29,retrospective_test,ols,9,0.04986681593143106,408
2024-02-29,retrospective_test,ols,10,0.047028345775485286,455
2024-02-29,retrospective_test,ridge,1,0.013348495850713227,380
2024-02-29,retrospective_test,ridge,2,0.01746440074129526,420
2024-02-29,retrospective_test,ridge,3,0.033102275113521464,402
2024-02-29,retrospective_test,ridge,4,0.04551248836308952,422
2024-02-29,retrospective_test,ridge,5,0.054212374836579286,426
2024-02-29,retrospective_test,ridge,6,0.05096769827726865,406
2024-02-29,retrospective_test,ridge,7,0.04846485073265137,410
2024-02-29,retrospective_test,ridge,8,0.04633066270122022,414
2024-02-29,retrospective_test,ridge,9,0.04947505610645069,408
2024-02-29,retrospective_test,ridge,10,0.047028345775485286,455
2024-02-29,retrospective_test,huber,1,0.013348495850713227,380
2024-02-29,retrospective_test,huber,2,0.01713181042615437,420
2024-02-29,retrospective_test,huber,3,0.033679001156385134,402
2024-02-29,retrospective_test,huber,4,0.04609404052686042,422
2024-02-29,retrospective_test,huber,5,0.05097643409181351,426
2024-02-29,retrospective_test,huber,6,0.052806303418815294,406
2024-02-29,retrospective_test,huber,7,0.048322978939377474,410
2024-02-29,retrospective_test,huber,8,0.04586440899597448,414
2024-02-29,retrospective_test,huber,9,0.05095324146707037,408
2024-02-29,retrospective_test,huber,10,0.046902110526914204,455
2024-02-29,retrospective_test,tabm_experimental,1,0.02341514141210836,380
2024-02-29,retrospective_test,tabm_experimental,2,0.023525357738106625,420
2024-02-29,retrospective_test,tabm_experimental,3,0.02871278758253398,402
2024-02-29,retrospective_test,tabm_experimental,4,0.051036158126562974,422
2024-02-29,retrospective_test,tabm_experimental,5,0.03413935285310854,426
2024-02-29,retrospective_test,tabm_experimental,6,0.04769196033741567,406
2024-02-29,retrospective_test,tabm_experimental,7,0.03873636363672618,410
2024-02-29,retrospective_test,tabm_experimental,8,0.0464199218460446,414
2024-02-29,retrospective_test,tabm_experimental,9,0.04466557288429298,408
2024-02-29,retrospective_test,tabm_experimental,10,0.06649584169159842,455
2024-02-29,retrospective_test,retrieval_experimental,1,0.02255504806710364,380
2024-02-29,retrospective_test,retrieval_experimental,2,0.024164817062765295,420
2024-02-29,retrospective_test,retrieval_experimental,3,0.030792613134022095,402
2024-02-29,retrospective_test,retrieval_experimental,4,0.03235970221174876,422
2024-02-29,retrospective_test,retrieval_experimental,5,0.05764121421737287,426
2024-02-29,retrospective_test,retrieval_experimental,6,0.0395124079990566,406
2024-02-29,retrospective_test,retrieval_experimental,7,0.050903889276347876,410
2024-02-29,retrospective_test,retrieval_experimental,8,0.05224981740748467,414
2024-02-29,retrospective_test,retrieval_experimental,9,0.04776047547665481,408
2024-02-29,retrospective_test,retrieval_experimental,10,0.048359050163974265,455
2024-03-31,retrospective_test,ols,1,-0.08452232765844184,382
2024-03-31,retrospective_test,ols,2,-0.061647711410982596,422
2024-03-31,retrospective_test,ols,3,-0.04726168808461859,404
2024-03-31,retrospective_test,ols,4,-0.031012079123604427,423
2024-03-31,retrospective_test,ols,5,-0.025014036682417938,429
2024-03-31,retrospective_test,ols,6,-0.012706594006541212,410
2024-03-31,retrospective_test,ols,7,0.00538201462478737,408
2024-03-31,retrospective_test,ols,8,0.008102852847126583,419
2024-03-31,retrospective_test,ols,9,0.01663099305152272,407
2024-03-31,retrospective_test,ols,10,0.02367045412607315,460
2024-03-31,retrospective_test,ridge,1,-0.08452232765844184,382
2024-03-31,retrospective_test,ridge,2,-0.061647711410982596,422
2024-03-31,retrospective_test,ridge,3,-0.04726168808461859,404
2024-03-31,retrospective_test,ridge,4,-0.031012079123604427,423
2024-03-31,retrospective_test,ridge,5,-0.025014036682417938,429
2024-03-31,retrospective_test,ridge,6,-0.012706594006541212,410
2024-03-31,retrospective_test,ridge,7,0.00538201462478737,408
2024-03-31,retrospective_test,ridge,8,0.008102852847126583,419
2024-03-31,retrospective_test,ridge,9,0.01663099305152272,407
2024-03-31,retrospective_test,ridge,10,0.02367045412607315,460
2024-03-31,retrospective_test,huber,1,-0.08583188260029555,382
2024-03-31,retrospective_test,huber,2,-0.061137375619878115,422
2024-03-31,retrospective_test,huber,3,-0.04547136030793475,404
2024-03-31,retrospective_test,huber,4,-0.033207713497250005,423
2024-03-31,retrospective_test,huber,5,-0.024682196894597858,429
2024-03-31,retrospective_test,huber,6,-0.012147782122987906,410
2024-03-31,retrospective_test,huber,7,0.0074436679843128606,408
2024-03-31,retrospective_test,huber,8,0.006312669069850406,419
2024-03-31,retrospective_test,huber,9,0.01652265442028623,407
2024-03-31,retrospective_test,huber,10,0.023826765682350808,460
2024-03-31,retrospective_test,tabm_experimental,1,-0.047832030743157165,382
2024-03-31,retrospective_test,tabm_experimental,2,-0.050827718681106825,422
2024-03-31,retrospective_test,tabm_experimental,3,-0.03351568905138494,404
2024-03-31,retrospective_test,tabm_experimental,4,-0.02674724904888048,423
2024-03-31,retrospective_test,tabm_experimental,5,-0.024144019164993185,429
2024-03-31,retrospective_test,tabm_experimental,6,-0.009617022920022188,410
2024-03-31,retrospective_test,tabm_experimental,7,-0.005043051430091713,408
2024-03-31,retrospective_test,tabm_experimental,8,-0.0009769516719818762,419
2024-03-31,retrospective_test,tabm_experimental,9,-0.003989230546428315,407
2024-03-31,retrospective_test,tabm_experimental,10,-0.000522595214939433,460
2024-03-31,retrospective_test,retrieval_experimental,1,-0.03963222973049676,382
2024-03-31,retrospective_test,retrieval_experimental,2,-0.038275934738558746,422
2024-03-31,retrospective_test,retrieval_experimental,3,-0.027052269435810242,404
2024-03-31,retrospective_test,retrieval_experimental,4,-0.020378640826189072,423
2024-03-31,retrospective_test,retrieval_experimental,5,-0.01402110528345648,429
2024-03-31,retrospective_test,retrieval_experimental,6,-0.02112085441563539,410
2024-03-31,retrospective_test,retrieval_experimental,7,-0.006390670226207755,408
2024-03-31,retrospective_test,retrieval_experimental,8,-0.017826382348913095,419
2024-03-31,retrospective_test,retrieval_experimental,9,-0.007081013904337971,407
2024-03-31,retrospective_test,retrieval_experimental,10,-0.010288645228724838,460
2024-04-30,retrospective_test,ols,1,-0.03430651815509944,385
2024-04-30,retrospective_test,ols,2,-0.023073295572569787,418
2024-04-30,retrospective_test,ols,3,-0.009285589135095319,409
2024-04-30,retrospective_test,ols,4,-0.013159277934517061,425
2024-04-30,retrospective_test,ols,5,-0.015493586920694155,425
2024-04-30,retrospective_test,ols,6,-0.009552848256270865,407
2024-04-30,retrospective_test,ols,7,-0.011475703882817538,413
2024-04-30,retrospective_test,ols,8,-0.010713729803931305,421
2024-04-30,retrospective_test,ols,9,-0.017343835993459726,406
2024-04-30,retrospective_test,ols,10,-0.014437470629344085,459
2024-04-30,retrospective_test,ridge,1,-0.03465756409345914,385
2024-04-30,retrospective_test,ridge,2,-0.021072532769378587,418
2024-04-30,retrospective_test,ridge,3,-0.011253047432718863,409
2024-04-30,retrospective_test,ridge,4,-0.011057340132301098,425
2024-04-30,retrospective_test,ridge,5,-0.016136973353361977,425
2024-04-30,retrospective_test,ridge,6,-0.010090058016998705,407
2024-04-30,retrospective_test,ridge,7,-0.009461922751129677,413
2024-04-30,retrospective_test,ridge,8,-0.009655566367977788,421
2024-04-30,retrospective_test,ridge,9,-0.020712605516139477,406
2024-04-30,retrospective_test,ridge,10,-0.014888829385105894,459
2024-04-30,retrospective_test,huber,1,-0.03440861320964233,385
2024-04-30,retrospective_test,huber,2,-0.023116544504138203,418
2024-04-30,retrospective_test,huber,3,-0.010343612367580437,409
2024-04-30,retrospective_test,huber,4,-0.012197158645211226,425
2024-04-30,retrospective_test,huber,5,-0.014470930784501247,425
2024-04-30,retrospective_test,huber,6,-0.010905967378232382,407
2024-04-30,retrospective_test,huber,7,-0.009702375712134075,413
2024-04-30,retrospective_test,huber,8,-0.011619262225210156,421
2024-04-30,retrospective_test,huber,9,-0.017454863688675926,406
2024-04-30,retrospective_test,huber,10,-0.014674446800572194,459
2024-04-30,retrospective_test,tabm_experimental,1,-0.02877337069902809,385
2024-04-30,retrospective_test,tabm_experimental,2,-0.01096555581369344,418
2024-04-30,retrospective_test,tabm_experimental,3,-0.01555969838521059,409
2024-04-30,retrospective_test,tabm_experimental,4,-0.01598462761349162,425
2024-04-30,retrospective_test,tabm_experimental,5,-0.016667499872846152,425
2024-04-30,retrospective_test,tabm_experimental,6,-0.01937950743782924,407
2024-04-30,retrospective_test,tabm_experimental,7,-0.00689379064479681,413
2024-04-30,retrospective_test,tabm_experimental,8,-0.009821370622925844,421
2024-04-30,retrospective_test,tabm_experimental,9,-0.01261360167701267,406
2024-04-30,retrospective_test,tabm_experimental,10,-0.021222956285903906,459
2024-04-30,retrospective_test,retrieval_experimental,1,-0.03290137699244822,385
2024-04-30,retrospective_test,retrieval_experimental,2,-0.013947494437623333,418
2024-04-30,retrospective_test,retrieval_experimental,3,-0.011584991804077438,409
2024-04-30,retrospective_test,retrieval_experimental,4,-0.019063947493728854,425
2024-04-30,retrospective_test,retrieval_experimental,5,-0.015252653304678022,425
2024-04-30,retrospective_test,retrieval_experimental,6,-0.02313637836487335,407
2024-04-30,retrospective_test,retrieval_experimental,7,-0.016235772011950516,413
2024-04-30,retrospective_test,retrieval_experimental,8,-0.013305232032939686,421
2024-04-30,retrospective_test,retrieval_experimental,9,-0.007359617653601818,406
2024-04-30,retrospective_test,retrieval_experimental,10,-0.006760316099045937,459
2024-05-31,retrospective_test,ols,1,-0.09788342388298742,378
2024-05-31,retrospective_test,ols,2,-0.08323392180227175,417
2024-05-31,retrospective_test,ols,3,-0.08525960726810351,404
2024-05-31,retrospective_test,ols,4,-0.07457874436391344,420
2024-05-31,retrospective_test,ols,5,-0.08747992161437271,428
2024-05-31,retrospective_test,ols,6,-0.08607843297125052,396
2024-05-31,retrospective_test,ols,7,-0.07433366144390909,411
2024-05-31,retrospective_test,ols,8,-0.0713867386637307,413
2024-05-31,retrospective_test,ols,9,-0.08129926218786426,408
2024-05-31,retrospective_test,ols,10,-0.07482965324219212,456
2024-05-31,retrospective_test,ridge,1,-0.09407115988044963,378
2024-05-31,retrospective_test,ridge,2,-0.08606135809974272,417
2024-05-31,retrospective_test,ridge,3,-0.0858269860183407,404
2024-05-31,retrospective_test,ridge,4,-0.07736702992418547,420
2024-05-31,retrospective_test,ridge,5,-0.08842294228140694,428
2024-05-31,retrospective_test,ridge,6,-0.08117873862885945,396
2024-05-31,retrospective_test,ridge,7,-0.0698846463678418,411
2024-05-31,retrospective_test,ridge,8,-0.0752934567323455,413
2024-05-31,retrospective_test,ridge,9,-0.082245628146838,408
2024-05-31,retrospective_test,ridge,10,-0.07532814741601775,456
2024-05-31,retrospective_test,huber,1,-0.09709940825705629,378
2024-05-31,retrospective_test,huber,2,-0.08344112645774358,417
2024-05-31,retrospective_test,huber,3,-0.08654239000637222,404
2024-05-31,retrospective_test,huber,4,-0.07304148869551896,420
2024-05-31,retrospective_test,huber,5,-0.0859583315526435,428
2024-05-31,retrospective_test,huber,6,-0.08629294978362106,396
2024-05-31,retrospective_test,huber,7,-0.07437972591890381,411
2024-05-31,retrospective_test,huber,8,-0.0730825193237911,413
2024-05-31,retrospective_test,huber,9,-0.08112923735506995,408
2024-05-31,retrospective_test,huber,10,-0.07538607611151012,456
2024-05-31,retrospective_test,tabm_experimental,1,-0.08971018055678331,378
2024-05-31,retrospective_test,tabm_experimental,2,-0.08104991551097909,417
2024-05-31,retrospective_test,tabm_experimental,3,-0.09283013965482029,404
2024-05-31,retrospective_test,tabm_experimental,4,-0.08475618305058412,420
2024-05-31,retrospective_test,tabm_experimental,5,-0.08932898782865951,428
2024-05-31,retrospective_test,tabm_experimental,6,-0.08777630682996015,396
2024-05-31,retrospective_test,tabm_experimental,7,-0.08242459146781045,411
2024-05-31,retrospective_test,tabm_experimental,8,-0.0742478339846168,413
2024-05-31,retrospective_test,tabm_experimental,9,-0.06800763973479265,408
2024-05-31,retrospective_test,tabm_experimental,10,-0.06631960112350563,456
2024-05-31,retrospective_test,retrieval_experimental,1,-0.08460981975242825,378
2024-05-31,retrospective_test,retrieval_experimental,2,-0.08371290228592848,417
2024-05-31,retrospective_test,retrieval_experimental,3,-0.0793533040818868,404
2024-05-31,retrospective_test,retrieval_experimental,4,-0.09189209752698765,420
2024-05-31,retrospective_test,retrieval_experimental,5,-0.08282929339952184,428
2024-05-31,retrospective_test,retrieval_experimental,6,-0.07782330813357967,396
2024-05-31,retrospective_test,retrieval_experimental,7,-0.07788583506011262,411
2024-05-31,retrospective_test,retrieval_experimental,8,-0.08295365324602447,413
2024-05-31,retrospective_test,retrieval_experimental,9,-0.0853245737101417,408
2024-05-31,retrospective_test,retrieval_experimental,10,-0.06893561330851784,456
2024-06-30,retrospective_test,ols,1,-0.008941244105558197,384
2024-06-30,retrospective_test,ols,2,0.0011671505887303516,418
2024-06-30,retrospective_test,ols,3,0.00936453292685398,411
2024-06-30,retrospective_test,ols,4,0.007211469508267835,417
2024-06-30,retrospective_test,ols,5,0.002773459539498827,433
2024-06-30,retrospective_test,ols,6,0.013044994021258863,404
2024-06-30,retrospective_test,ols,7,-0.0005243904000689336,410
2024-06-30,retrospective_test,ols,8,0.01123025054558681,418
2024-06-30,retrospective_test,ols,9,0.008183413365650568,411
2024-06-30,retrospective_test,ols,10,0.006085492782917998,457
2024-06-30,retrospective_test,ridge,1,-0.003912612702237681,384
2024-06-30,retrospective_test,ridge,2,0.0017221166169468299,418
2024-06-30,retrospective_test,ridge,3,0.0068333427306353205,411
2024-06-30,retrospective_test,ridge,4,0.012940868218683479,417
2024-06-30,retrospective_test,ridge,5,0.0017213862151904467,433
2024-06-30,retrospective_test,ridge,6,0.00866396853871379,404
2024-06-30,retrospective_test,ridge,7,0.0022721394621991963,410
2024-06-30,retrospective_test,ridge,8,0.008675110493426045,418
2024-06-30,retrospective_test,ridge,9,0.008560588359473275,411
2024-06-30,retrospective_test,ridge,10,0.002765844204758535,457
2024-06-30,retrospective_test,huber,1,-0.007341765641214787,384
2024-06-30,retrospective_test,huber,2,-0.00038389577819145586,418
2024-06-30,retrospective_test,huber,3,0.010400353285824337,411
2024-06-30,retrospective_test,huber,4,0.00584307634839709,417
2024-06-30,retrospective_test,huber,5,0.004888543282598885,433
2024-06-30,retrospective_test,huber,6,0.008768138648200478,404
2024-06-30,retrospective_test,huber,7,0.0024563901604854285,410
2024-06-30,retrospective_test,huber,8,0.009947004631905206,418
2024-06-30,retrospective_test,huber,9,0.00914548173192038,411
2024-06-30,retrospective_test,huber,10,0.0058949045668639085,457
2024-06-30,retrospective_test,tabm_experimental,1,0.010915134951461278,384
2024-06-30,retrospective_test,tabm_experimental,2,0.008046638942602628,418
2024-06-30,retrospective_test,tabm_experimental,3,0.007407637336789515,411
2024-06-30,retrospective_test,tabm_experimental,4,0.011066134042923509,417
2024-06-30,retrospective_test,tabm_experimental,5,0.0018742670226342879,433
2024-06-30,retrospective_test,tabm_experimental,6,0.006672909040163303,404
2024-06-30,retrospective_test,tabm_experimental,7,0.0034450094763886093,410
2024-06-30,retrospective_test,tabm_experimental,8,0.004848370966453566,418
2024-06-30,retrospective_test,tabm_experimental,9,0.002519699927524341,411
2024-06-30,retrospective_test,tabm_experimental,10,-0.004788812306494186,457
2024-06-30,retrospective_test,retrieval_experimental,1,-0.006718727775337343,384
2024-06-30,retrospective_test,retrieval_experimental,2,0.002107823109507215,418
2024-06-30,retrospective_test,retrieval_experimental,3,0.0030152065540916687,411
2024-06-30,retrospective_test,retrieval_experimental,4,0.0078040061205883445,417
2024-06-30,retrospective_test,retrieval_experimental,5,0.005738113618847101,433
2024-06-30,retrospective_test,retrieval_experimental,6,0.010876417151687301,404
2024-06-30,retrospective_test,retrieval_experimental,7,0.007172468923368519,410
2024-06-30,retrospective_test,retrieval_experimental,8,0.008855603550020226,418
2024-06-30,retrospective_test,retrieval_experimental,9,0.006993727227056178,411
2024-06-30,retrospective_test,retrieval_experimental,10,0.003992448898403979,457
2024-07-31,retrospective_test,ols,1,-0.08556107589116965,381
2024-07-31,retrospective_test,ols,2,-0.06351220353169701,416
2024-07-31,retrospective_test,ols,3,-0.05276440062634385,409
2024-07-31,retrospective_test,ols,4,-0.0433984345883364,426
2024-07-31,retrospective_test,ols,5,-0.03799797816529514,431
2024-07-31,retrospective_test,ols,6,-0.038118256174395224,397
2024-07-31,retrospective_test,ols,7,-0.03070501257017806,420
2024-07-31,retrospective_test,ols,8,-0.029452088294892882,415
2024-07-31,retrospective_test,ols,9,-0.02969067009301242,410
2024-07-31,retrospective_test,ols,10,-0.0315992777529811,461
2024-07-31,retrospective_test,ridge,1,-0.08462108996276893,381
2024-07-31,retrospective_test,ridge,2,-0.0621540297487631,416
2024-07-31,retrospective_test,ridge,3,-0.050373516976952804,409
2024-07-31,retrospective_test,ridge,4,-0.04618655468682106,426
2024-07-31,retrospective_test,ridge,5,-0.038928315501520504,431
2024-07-31,retrospective_test,ridge,6,-0.03898067295663001,397
2024-07-31,retrospective_test,ridge,7,-0.03373046124195284,420
2024-07-31,retrospective_test,ridge,8,-0.02573483370154135,415
2024-07-31,retrospective_test,ridge,9,-0.029945738079431055,410
2024-07-31,retrospective_test,ridge,10,-0.03189508400535145,461
2024-07-31,retrospective_test,huber,1,-0.0864503674260769,381
2024-07-31,retrospective_test,huber,2,-0.06309403421336113,416
2024-07-31,retrospective_test,huber,3,-0.05144651546777493,409
2024-07-31,retrospective_test,huber,4,-0.04358130686451536,426
2024-07-31,retrospective_test,huber,5,-0.03985072287269748,431
2024-07-31,retrospective_test,huber,6,-0.035898800725264815,397
2024-07-31,retrospective_test,huber,7,-0.031154878868427133,420
2024-07-31,retrospective_test,huber,8,-0.0297776148237655,415
2024-07-31,retrospective_test,huber,9,-0.02950732184678182,410
2024-07-31,retrospective_test,huber,10,-0.031883150559895566,461
2024-07-31,retrospective_test,tabm_experimental,1,-0.04840167235240124,381
2024-07-31,retrospective_test,tabm_experimental,2,-0.05217093010514557,416
2024-07-31,retrospective_test,tabm_experimental,3,-0.05946214520466108,409
2024-07-31,retrospective_test,tabm_experimental,4,-0.05530569842954538,426
2024-07-31,retrospective_test,tabm_experimental,5,-0.04453723009226006,431
2024-07-31,retrospective_test,tabm_experimental,6,-0.04142861554552796,397
2024-07-31,retrospective_test,tabm_experimental,7,-0.04226093332157764,420
2024-07-31,retrospective_test,tabm_experimental,8,-0.029315711559499528,415
2024-07-31,retrospective_test,tabm_experimental,9,-0.032881529481116736,410
2024-07-31,retrospective_test,tabm_experimental,10,-0.03331055365516481,461
2024-07-31,retrospective_test,retrieval_experimental,1,-0.06696625980621976,381
2024-07-31,retrospective_test,retrieval_experimental,2,-0.05167478434004015,416
2024-07-31,retrospective_test,retrieval_experimental,3,-0.038931414859802324,409
2024-07-31,retrospective_test,retrieval_experimental,4,-0.038311776651761296,426
2024-07-31,retrospective_test,retrieval_experimental,5,-0.04063061414598614,431
2024-07-31,retrospective_test,retrieval_experimental,6,-0.043258296431937245,397
2024-07-31,retrospective_test,retrieval_experimental,7,-0.03773300218333274,420
2024-07-31,retrospective_test,retrieval_experimental,8,-0.04031803410857983,415
2024-07-31,retrospective_test,retrieval_experimental,9,-0.03642202887483071,410
2024-07-31,retrospective_test,retrieval_experimental,10,-0.04546202562692405,461
2024-08-31,retrospective_test,ols,1,0.24619819547067018,380
2024-08-31,retrospective_test,ols,2,0.2584076527980836,419
2024-08-31,retrospective_test,ols,3,0.25994408467413654,409
2024-08-31,retrospective_test,ols,4,0.24612797261142189,419
2024-08-31,retrospective_test,ols,5,0.23809563631715772,426
2024-08-31,retrospective_test,ols,6,0.24824585930473062,407
2024-08-31,retrospective_test,ols,7,0.23621774115097763,409
2024-08-31,retrospective_test,ols,8,0.23267196919145533,419
2024-08-31,retrospective_test,ols,9,0.22452195038747286,409
2024-08-31,retrospective_test,ols,10,0.2107091776323379,456
2024-08-31,retrospective_test,ridge,1,0.2505071365698403,380
2024-08-31,retrospective_test,ridge,2,0.25906240745610304,419
2024-08-31,retrospective_test,ridge,3,0.2583883740684032,409
2024-08-31,retrospective_test,ridge,4,0.24920776741213305,419
2024-08-31,retrospective_test,ridge,5,0.2368572302657566,426
2024-08-31,retrospective_test,ridge,6,0.24275191181039926,407
2024-08-31,retrospective_test,ridge,7,0.2384432041527833,409
2024-08-31,retrospective_test,ridge,8,0.23207106130447575,419
2024-08-31,retrospective_test,ridge,9,0.22013053676796498,409
2024-08-31,retrospective_test,ridge,10,0.21363760660651895,456
2024-08-31,retrospective_test,huber,1,0.24402406748313368,380
2024-08-31,retrospective_test,huber,2,0.26148711953509624,419
2024-08-31,retrospective_test,huber,3,0.2584901857841495,409
2024-08-31,retrospective_test,huber,4,0.2427752012914999,419
2024-08-31,retrospective_test,huber,5,0.24045704862487777,426
2024-08-31,retrospective_test,huber,6,0.24924817319796957,407
2024-08-31,retrospective_test,huber,7,0.23646573504625412,409
2024-08-31,retrospective_test,huber,8,0.23245286376590726,419
2024-08-31,retrospective_test,huber,9,0.22379736975300976,409
2024-08-31,retrospective_test,huber,10,0.2116042514338786,456
2024-08-31,retrospective_test,tabm_experimental,1,0.23380223594421157,380
2024-08-31,retrospective_test,tabm_experimental,2,0.2439097195793476,419
2024-08-31,retrospective_test,tabm_experimental,3,0.23454627414125148,409
2024-08-31,retrospective_test,tabm_experimental,4,0.24127503639417464,419
2024-08-31,retrospective_test,tabm_experimental,5,0.24404568055602183,426
2024-08-31,retrospective_test,tabm_experimental,6,0.24708169937364755,407
2024-08-31,retrospective_test,tabm_experimental,7,0.24421180607275586,409
2024-08-31,retrospective_test,tabm_experimental,8,0.23775815292261376,419
2024-08-31,retrospective_test,tabm_experimental,9,0.23335332911305615,409
2024-08-31,retrospective_test,tabm_experimental,10,0.23731566937082405,456
2024-08-31,retrospective_test,retrieval_experimental,1,0.2440898916691771,380
2024-08-31,retrospective_test,retrieval_experimental,2,0.2562141594742817,419
2024-08-31,retrospective_test,retrieval_experimental,3,0.24713084552343995,409
2024-08-31,retrospective_test,retrieval_experimental,4,0.2505893438728616,419
2024-08-31,retrospective_test,retrieval_experimental,5,0.2405339764938655,426
2024-08-31,retrospective_test,retrieval_experimental,6,0.24320035692882278,407
2024-08-31,retrospective_test,retrieval_experimental,7,0.22614571369300782,409
2024-08-31,retrospective_test,retrieval_experimental,8,0.2368874827985072,419
2024-08-31,retrospective_test,retrieval_experimental,9,0.2307118713274231,409
2024-08-31,retrospective_test,retrieval_experimental,10,0.2237087331533123,456
2024-09-30,retrospective_test,ols,1,0.1712829011506509,378
2024-09-30,retrospective_test,ols,2,0.14694051124664265,420
2024-09-30,retrospective_test,ols,3,0.10124250702936537,402
2024-09-30,retrospective_test,ols,4,0.09709650727438549,428
2024-09-30,retrospective_test,ols,5,0.07227703690297717,427
2024-09-30,retrospective_test,ols,6,0.048904086825882806,401
2024-09-30,retrospective_test,ols,7,0.03959092907348322,419
2024-09-30,retrospective_test,ols,8,0.039250828944029724,411
2024-09-30,retrospective_test,ols,9,0.03484825227509436,411
2024-09-30,retrospective_test,ols,10,0.011344516104230418,457
2024-09-30,retrospective_test,ridge,1,0.18023832525671107,378
2024-09-30,retrospective_test,ridge,2,0.1375712822995612,420
2024-09-30,retrospective_test,ridge,3,0.1147086549113503,402
2024-09-30,retrospective_test,ridge,4,0.08896362457249406,428
2024-09-30,retrospective_test,ridge,5,0.07494095164552829,427
2024-09-30,retrospective_test,ridge,6,0.05171404262424673,401
2024-09-30,retrospective_test,ridge,7,0.03435477519609725,419
2024-09-30,retrospective_test,ridge,8,0.04669845343444538,411
2024-09-30,retrospective_test,ridge,9,0.029093412142784724,411
2024-09-30,retrospective_test,ridge,10,0.0066428496420093495,457
2024-09-30,retrospective_test,huber,1,0.17037897493680254,378
2024-09-30,retrospective_test,huber,2,0.148865926992057,420
2024-09-30,retrospective_test,huber,3,0.10187203582365735,402
2024-09-30,retrospective_test,huber,4,0.09512365924406761,428
2024-09-30,retrospective_test,huber,5,0.06826737934473287,427
2024-09-30,retrospective_test,huber,6,0.05178726947900175,401
2024-09-30,retrospective_test,huber,7,0.04242951832862508,419
2024-09-30,retrospective_test,huber,8,0.037971245757129575,411
2024-09-30,retrospective_test,huber,9,0.034897145381285515,411
2024-09-30,retrospective_test,huber,10,0.0113373610411405,457
2024-09-30,retrospective_test,tabm_experimental,1,0.10818545700566663,378
2024-09-30,retrospective_test,tabm_experimental,2,0.10480961663905623,420
2024-09-30,retrospective_test,tabm_experimental,3,0.09815925051834999,402
2024-09-30,retrospective_test,tabm_experimental,4,0.08922325880132319,428
2024-09-30,retrospective_test,tabm_experimental,5,0.09624387828820094,427
2024-09-30,retrospective_test,tabm_experimental,6,0.09175620162395412,401
2024-09-30,retrospective_test,tabm_experimental,7,0.0717050569439688,419
2024-09-30,retrospective_test,tabm_experimental,8,0.047099705351431785,411
2024-09-30,retrospective_test,tabm_experimental,9,0.03029843363206108,411
2024-09-30,retrospective_test,tabm_experimental,10,0.01993479501338365,457
2024-09-30,retrospective_test,retrieval_experimental,1,0.14491589449746184,378
2024-09-30,retrospective_test,retrieval_experimental,2,0.10507699200120198,420
2024-09-30,retrospective_test,retrieval_experimental,3,0.09418386768848293,402
2024-09-30,retrospective_test,retrieval_experimental,4,0.09935571767618662,428
2024-09-30,retrospective_test,retrieval_experimental,5,0.0665877375926668,427
2024-09-30,retrospective_test,retrieval_experimental,6,0.07244425785756586,401
2024-09-30,retrospective_test,retrieval_experimental,7,0.058312805013236935,419
2024-09-30,retrospective_test,retrieval_experimental,8,0.04035981649871079,411
2024-09-30,retrospective_test,retrieval_experimental,9,0.047173937194957855,411
2024-09-30,retrospective_test,retrieval_experimental,10,0.031133670102167874,457
2024-10-31,retrospective_test,ols,1,-0.03577544364584156,384
2024-10-31,retrospective_test,ols,2,0.03628938896906782,421
2024-10-31,retrospective_test,ols,3,0.018511381381884753,408
2024-10-31,retrospective_test,ols,4,0.058651334070364276,426
2024-10-31,retrospective_test,ols,5,0.056192596439170746,431
2024-10-31,retrospective_test,ols,6,0.060531532787489586,404
2024-10-31,retrospective_test,ols,7,0.050053301498809856,418
2024-10-31,retrospective_test,ols,8,0.06123495454064602,416
2024-10-31,retrospective_test,ols,9,0.04405283903663605,413
2024-10-31,retrospective_test,ols,10,0.04238602485305663,459
2024-10-31,retrospective_test,ridge,1,-0.03799782483552065,384
2024-10-31,retrospective_test,ridge,2,0.033220187594938326,421
2024-10-31,retrospective_test,ridge,3,0.020732923832838573,408
2024-10-31,retrospective_test,ridge,4,0.05795374776844272,426
2024-10-31,retrospective_test,ridge,5,0.056421357120054555,431
2024-10-31,retrospective_test,ridge,6,0.05783062945894788,404
2024-10-31,retrospective_test,ridge,7,0.05682072883105554,418
2024-10-31,retrospective_test,ridge,8,0.05885597131870489,416
2024-10-31,retrospective_test,ridge,9,0.04111927866405548,413
2024-10-31,retrospective_test,ridge,10,0.04652831792619225,459
2024-10-31,retrospective_test,huber,1,-0.03497481645556125,384
2024-10-31,retrospective_test,huber,2,0.03516512209454965,421
2024-10-31,retrospective_test,huber,3,0.018208900624147668,408
2024-10-31,retrospective_test,huber,4,0.05883833246499433,426
2024-10-31,retrospective_test,huber,5,0.05624142673271081,431
2024-10-31,retrospective_test,huber,6,0.06057904090712373,404
2024-10-31,retrospective_test,huber,7,0.04980323060051725,418
2024-10-31,retrospective_test,huber,8,0.06086301170253065,416
2024-10-31,retrospective_test,huber,9,0.04455163029597078,413
2024-10-31,retrospective_test,huber,10,0.04287108863374929,459
2024-10-31,retrospective_test,tabm_experimental,1,0.006498475248954891,384
2024-10-31,retrospective_test,tabm_experimental,2,0.02090122623092637,421
2024-10-31,retrospective_test,tabm_experimental,3,0.03371887496635606,408
2024-10-31,retrospective_test,tabm_experimental,4,0.043955607786242204,426
2024-10-31,retrospective_test,tabm_experimental,5,0.04409196476600194,431
2024-10-31,retrospective_test,tabm_experimental,6,0.052847297168020696,404
2024-10-31,retrospective_test,tabm_experimental,7,0.04288938173485913,418
2024-10-31,retrospective_test,tabm_experimental,8,0.050723417369683096,416
2024-10-31,retrospective_test,tabm_experimental,9,0.051790572539770506,413
2024-10-31,retrospective_test,tabm_experimental,10,0.0484696655955099,459
2024-10-31,retrospective_test,retrieval_experimental,1,0.010930201933094979,384
2024-10-31,retrospective_test,retrieval_experimental,2,0.028602776534878527,421
2024-10-31,retrospective_test,retrieval_experimental,3,0.03703497406239048,408
2024-10-31,retrospective_test,retrieval_experimental,4,0.03973370731973606,426
2024-10-31,retrospective_test,retrieval_experimental,5,0.04329060337593941,431
2024-10-31,retrospective_test,retrieval_experimental,6,0.04295998298329826,404
2024-10-31,retrospective_test,retrieval_experimental,7,0.04165732143636821,418
2024-10-31,retrospective_test,retrieval_experimental,8,0.05820373546407012,416
2024-10-31,retrospective_test,retrieval_experimental,9,0.054081068861672354,413
2024-10-31,retrospective_test,retrieval_experimental,10,0.04040539768522555,459
2024-11-30,retrospective_test,ols,1,-0.12403591022329415,381
2024-11-30,retrospective_test,ols,2,-0.09963585101794467,423
2024-11-30,retrospective_test,ols,3,-0.09036953315181824,411
2024-11-30,retrospective_test,ols,4,-0.07964529167103805,424
2024-11-30,retrospective_test,ols,5,-0.05638514180572683,429
2024-11-30,retrospective_test,ols,6,-0.035934757861036296,407
2024-11-30,retrospective_test,ols,7,-0.024297798137686805,414
2024-11-30,retrospective_test,ols,8,-0.014774397669518354,421
2024-11-30,retrospective_test,ols,9,-0.014729876998010557,413
2024-11-30,retrospective_test,ols,10,-0.0011267564390392965,457
2024-11-30,retrospective_test,ridge,1,-0.12292235664212045,381
2024-11-30,retrospective_test,ridge,2,-0.10429863755281386,423
2024-11-30,retrospective_test,ridge,3,-0.0934770657319381,411
2024-11-30,retrospective_test,ridge,4,-0.07446848821639672,424
2024-11-30,retrospective_test,ridge,5,-0.0570406153686142,429
2024-11-30,retrospective_test,ridge,6,-0.03550935281198103,407
2024-11-30,retrospective_test,ridge,7,-0.02254111042278544,414
2024-11-30,retrospective_test,ridge,8,-0.017015837139300806,421
2024-11-30,retrospective_test,ridge,9,-0.015794743852985727,413
2024-11-30,retrospective_test,ridge,10,0.0019247788627353133,457
2024-11-30,retrospective_test,huber,1,-0.12410072138636032,381
2024-11-30,retrospective_test,huber,2,-0.09921750916692189,423
2024-11-30,retrospective_test,huber,3,-0.09074000894221829,411
2024-11-30,retrospective_test,huber,4,-0.08032775033993318,424
2024-11-30,retrospective_test,huber,5,-0.056799648718472304,429
2024-11-30,retrospective_test,huber,6,-0.035165367647134044,407
2024-11-30,retrospective_test,huber,7,-0.024286594561556903,414
2024-11-30,retrospective_test,huber,8,-0.014618417416970009,421
2024-11-30,retrospective_test,huber,9,-0.015225033654925488,413
2024-11-30,retrospective_test,huber,10,-0.0004960390285658697,457
2024-11-30,retrospective_test,tabm_experimental,1,-0.07495540711287918,381
2024-11-30,retrospective_test,tabm_experimental,2,-0.08420408568137044,423
2024-11-30,retrospective_test,tabm_experimental,3,-0.07433976368867469,411
2024-11-30,retrospective_test,tabm_experimental,4,-0.0669517291162077,424
2024-11-30,retrospective_test,tabm_experimental,5,-0.050581550136713435,429
2024-11-30,retrospective_test,tabm_experimental,6,-0.055916645219978856,407
2024-11-30,retrospective_test,tabm_experimental,7,-0.03961415576442775,414
2024-11-30,retrospective_test,tabm_experimental,8,-0.03590690660780521,421
2024-11-30,retrospective_test,tabm_experimental,9,-0.02421375895039643,413
2024-11-30,retrospective_test,tabm_experimental,10,-0.028260509828823357,457
2024-11-30,retrospective_test,retrieval_experimental,1,-0.06892663205613069,381
2024-11-30,retrospective_test,retrieval_experimental,2,-0.07281469454817488,423
2024-11-30,retrospective_test,retrieval_experimental,3,-0.06115413282120815,411
2024-11-30,retrospective_test,retrieval_experimental,4,-0.05955791340420176,424
2024-11-30,retrospective_test,retrieval_experimental,5,-0.056168211956964496,429
2024-11-30,retrospective_test,retrieval_experimental,6,-0.04787202315767885,407
2024-11-30,retrospective_test,retrieval_experimental,7,-0.04463307254103656,414
2024-11-30,retrospective_test,retrieval_experimental,8,-0.03506377070425626,421
2024-11-30,retrospective_test,retrieval_experimental,9,-0.03792479601023911,413
2024-11-30,retrospective_test,retrieval_experimental,10,-0.04830624618990347,457
2024-12-31,retrospective_test,ols,1,-0.030167291068445828,384
2024-12-31,retrospective_test,ols,2,-0.022463309527640307,424
2024-12-31,retrospective_test,ols,3,-0.030103880296022772,410
2024-12-31,retrospective_test,ols,4,-0.013828897129999193,423
2024-12-31,retrospective_test,ols,5,-0.02356893218589682,433
2024-12-31,retrospective_test,ols,6,-0.01891073939118658,406
2024-12-31,retrospective_test,ols,7,-0.010807552214065222,413
2024-12-31,retrospective_test,ols,8,-0.021421529219491753,420
2024-12-31,retrospective_test,ols,9,-0.018821697935209762,414
2024-12-31,retrospective_test,ols,10,-0.012284639559101649,459
2024-12-31,retrospective_test,ridge,1,-0.02743933397107244,384
2024-12-31,retrospective_test,ridge,2,-0.028639965531325716,424
2024-12-31,retrospective_test,ridge,3,-0.02512917456164172,410
2024-12-31,retrospective_test,ridge,4,-0.018007015332330966,423
2024-12-31,retrospective_test,ridge,5,-0.0175296912555899,433
2024-12-31,retrospective_test,ridge,6,-0.01568598097473969,406
2024-12-31,retrospective_test,ridge,7,-0.016163797430736485,413
2024-12-31,retrospective_test,ridge,8,-0.02003614282016174,420
2024-12-31,retrospective_test,ridge,9,-0.018488824883776657,414
2024-12-31,retrospective_test,ridge,10,-0.014752405196935343,459
2024-12-31,retrospective_test,huber,1,-0.028727440134388705,384
2024-12-31,retrospective_test,huber,2,-0.024810278694238394,424
2024-12-31,retrospective_test,huber,3,-0.02887637537404924,410
2024-12-31,retrospective_test,huber,4,-0.017778103760115863,423
2024-12-31,retrospective_test,huber,5,-0.0203515004658653,433
2024-12-31,retrospective_test,huber,6,-0.01869959725608281,406
2024-12-31,retrospective_test,huber,7,-0.010958030982788762,413
2024-12-31,retrospective_test,huber,8,-0.021949568054067448,420
2024-12-31,retrospective_test,huber,9,-0.01777194079241884,414
2024-12-31,retrospective_test,huber,10,-0.012328424967046631,459
2024-12-31,retrospective_test,tabm_experimental,1,-0.015312816394609935,384
2024-12-31,retrospective_test,tabm_experimental,2,-0.016078141873603995,424
2024-12-31,retrospective_test,tabm_experimental,3,-0.022284910263811013,410
2024-12-31,retrospective_test,tabm_experimental,4,-0.015834334650368587,423
2024-12-31,retrospective_test,tabm_experimental,5,-0.031487946237326356,433
2024-12-31,retrospective_test,tabm_experimental,6,-0.019628686196085387,406
2024-12-31,retrospective_test,tabm_experimental,7,-0.02346517996631328,413
2024-12-31,retrospective_test,tabm_experimental,8,-0.012435534220391615,420
2024-12-31,retrospective_test,tabm_experimental,9,-0.022228872618944438,414
2024-12-31,retrospective_test,tabm_experimental,10,-0.021401055319394666,459
2024-12-31,retrospective_test,retrieval_experimental,1,-0.010366665620137619,384
2024-12-31,retrospective_test,retrieval_experimental,2,-0.020217870232464363,424
2024-12-31,retrospective_test,retrieval_experimental,3,-0.024115116303783067,410
2024-12-31,retrospective_test,retrieval_experimental,4,-0.024929219873248754,423
2024-12-31,retrospective_test,retrieval_experimental,5,-0.021282574821434887,433
2024-12-31,retrospective_test,retrieval_experimental,6,-0.019995805734705357,406
2024-12-31,retrospective_test,retrieval_experimental,7,-0.027139473303900073,413
2024-12-31,retrospective_test,retrieval_experimental,8,-0.01942183739504518,420
2024-12-31,retrospective_test,retrieval_experimental,9,-0.020085349030078237,414
2024-12-31,retrospective_test,retrieval_experimental,10,-0.013235738809564124,459
2025-01-31,retrospective_test,ols,1,0.12223137034437027,379
2025-01-31,retrospective_test,ols,2,0.11418388554922874,423
2025-01-31,retrospective_test,ols,3,0.11303191867421097,409
2025-01-31,retrospective_test,ols,4,0.08932650255851128,425
2025-01-31,retrospective_test,ols,5,0.08989704419474977,433
2025-01-31,retrospective_test,ols,6,0.08506903115534939,407
2025-01-31,retrospective_test,ols,7,0.06722519575504791,416
2025-01-31,retrospective_test,ols,8,0.0757409680237167,418
2025-01-31,retrospective_test,ols,9,0.05497483869784689,414
2025-01-31,retrospective_test,ols,10,0.043108125903229925,461
2025-01-31,retrospective_test,ridge,1,0.11877566631274193,379
2025-01-31,retrospective_test,ridge,2,0.12294557962468532,423
2025-01-31,retrospective_test,ridge,3,0.10686316837975358,409
2025-01-31,retrospective_test,ridge,4,0.09199087963604977,425
2025-01-31,retrospective_test,ridge,5,0.09156739803805408,433
2025-01-31,retrospective_test,ridge,6,0.07822914282593538,407
2025-01-31,retrospective_test,ridge,7,0.0720617594392,416
2025-01-31,retrospective_test,ridge,8,0.07293973666022588,418
2025-01-31,retrospective_test,ridge,9,0.05495187243546709,414
2025-01-31,retrospective_test,ridge,10,0.043592198424761586,461
2025-01-31,retrospective_test,huber,1,0.11988211981388176,379
2025-01-31,retrospective_test,huber,2,0.11658340547154182,423
2025-01-31,retrospective_test,huber,3,0.11294691311534905,409
2025-01-31,retrospective_test,huber,4,0.08929974355796089,425
2025-01-31,retrospective_test,huber,5,0.0886654174627669,433
2025-01-31,retrospective_test,huber,6,0.0873144640878687,407
2025-01-31,retrospective_test,huber,7,0.06547962296605864,416
2025-01-31,retrospective_test,huber,8,0.07558224703807315,418
2025-01-31,retrospective_test,huber,9,0.05543681408019321,414
2025-01-31,retrospective_test,huber,10,0.04341649442397947,461
2025-01-31,retrospective_test,tabm_experimental,1,0.08880641655333371,379
2025-01-31,retrospective_test,tabm_experimental,2,0.08559465159178213,423
2025-01-31,retrospective_test,tabm_experimental,3,0.09351296344518682,409
2025-01-31,retrospective_test,tabm_experimental,4,0.08108942088253797,425
2025-01-31,retrospective_test,tabm_experimental,5,0.08540088530960413,433
2025-01-31,retrospective_test,tabm_experimental,6,0.07789678535973847,407
2025-01-31,retrospective_test,tabm_experimental,7,0.08559028641009103,416
2025-01-31,retrospective_test,tabm_experimental,8,0.08916139312984947,418
2025-01-31,retrospective_test,tabm_experimental,9,0.08118777966688023,414
2025-01-31,retrospective_test,tabm_experimental,10,0.08000505371191279,461
2025-01-31,retrospective_test,retrieval_experimental,1,0.09911127093500974,379
2025-01-31,retrospective_test,retrieval_experimental,2,0.0958773658574898,423
2025-01-31,retrospective_test,retrieval_experimental,3,0.08081056583574166,409
2025-01-31,retrospective_test,retrieval_experimental,4,0.07818024724884136,425
2025-01-31,retrospective_test,retrieval_experimental,5,0.08732643436454071,433
2025-01-31,retrospective_test,retrieval_experimental,6,0.10251521273141345,407
2025-01-31,retrospective_test,retrieval_experimental,7,0.07385204316520219,416
2025-01-31,retrospective_test,retrieval_experimental,8,0.07693666971166614,418
2025-01-31,retrospective_test,retrieval_experimental,9,0.07654225154158335,414
2025-01-31,retrospective_test,retrieval_experimental,10,0.07835512098528068,461
2025-02-28,retrospective_test,ols,1,-0.06857540951902256,382
2025-02-28,retrospective_test,ols,2,-0.049065878308294515,423
2025-02-28,retrospective_test,ols,3,-0.021615761264099368,411
2025-02-28,retrospective_test,ols,4,-0.001945886194861561,427
2025-02-28,retrospective_test,ols,5,0.004955417312683987,432
2025-02-28,retrospective_test,ols,6,0.01039301304263448,405
2025-02-28,retrospective_test,ols,7,0.010819245461685537,417
2025-02-28,retrospective_test,ols,8,0.014817343491881328,421
2025-02-28,retrospective_test,ols,9,0.019548218971660175,413
2025-02-28,retrospective_test,ols,10,0.027387114839560942,462
2025-02-28,retrospective_test,ridge,1,-0.07222747784396438,382
2025-02-28,retrospective_test,ridge,2,-0.04572264628659755,423
2025-02-28,retrospective_test,ridge,3,-0.02078230302931562,411
2025-02-28,retrospective_test,ridge,4,-0.003283911394991188,427
2025-02-28,retrospective_test,ridge,5,0.004666257749882661,432
2025-02-28,retrospective_test,ridge,6,0.012793530268780426,405
2025-02-28,retrospective_test,ridge,7,0.008067468471896124,417
2025-02-28,retrospective_test,ridge,8,0.015729165526493588,421
2025-02-28,retrospective_test,ridge,9,0.018890252195397306,413
2025-02-28,retrospective_test,ridge,10,0.028248045666870985,462
2025-02-28,retrospective_test,huber,1,-0.06786759439588001,382
2025-02-28,retrospective_test,huber,2,-0.04997488315959538,423
2025-02-28,retrospective_test,huber,3,-0.02180701361700883,411
2025-02-28,retrospective_test,huber,4,-0.0016217407325787628,427
2025-02-28,retrospective_test,huber,5,0.005674532050333247,432
2025-02-28,retrospective_test,huber,6,0.010308326851541936,405
2025-02-28,retrospective_test,huber,7,0.009647281051444623,417
2025-02-28,retrospective_test,huber,8,0.016164340181555888,421
2025-02-28,retrospective_test,huber,9,0.019304107003745987,413
2025-02-28,retrospective_test,huber,10,0.026955081107753315,462
2025-02-28,retrospective_test,tabm_experimental,1,-0.02205452517441157,382
2025-02-28,retrospective_test,tabm_experimental,2,-0.01665477995349133,423
2025-02-28,retrospective_test,tabm_experimental,3,-0.015485180936129902,411
2025-02-28,retrospective_test,tabm_experimental,4,-0.010482913098864777,427
2025-02-28,retrospective_test,tabm_experimental,5,-0.01193705979359402,432
2025-02-28,retrospective_test,tabm_experimental,6,-0.004219387445262126,405
2025-02-28,retrospective_test,tabm_experimental,7,-0.000692809606050649,417
2025-02-28,retrospective_test,tabm_experimental,8,0.012913787760187154,421
2025-02-28,retrospective_test,tabm_experimental,9,0.010794740653697697,413
2025-02-28,retrospective_test,tabm_experimental,10,0.010238743256462955,462
2025-02-28,retrospective_test,retrieval_experimental,1,-0.045606211959853205,382
2025-02-28,retrospective_test,retrieval_experimental,2,-0.018569914177830292,423
2025-02-28,retrospective_test,retrieval_experimental,3,-0.011726646893514476,411
2025-02-28,retrospective_test,retrieval_experimental,4,-0.003000804469794502,427
2025-02-28,retrospective_test,retrieval_experimental,5,0.004911527482925395,432
2025-02-28,retrospective_test,retrieval_experimental,6,-0.003855163152848819,405
2025-02-28,retrospective_test,retrieval_experimental,7,0.004565785168091364,417
2025-02-28,retrospective_test,retrieval_experimental,8,0.007720257626609878,421
2025-02-28,retrospective_test,retrieval_experimental,9,0.003640805602013383,413
2025-02-28,retrospective_test,retrieval_experimental,10,0.01151438189864218,462
2025-03-31,retrospective_test,ols,1,-0.038117034724610026,385
2025-03-31,retrospective_test,ols,2,-0.02637833104714987,422
2025-03-31,retrospective_test,ols,3,-0.02625824827723693,414
2025-03-31,retrospective_test,ols,4,-0.02334379287026658,425
2025-03-31,retrospective_test,ols,5,-0.016489664736781436,431
2025-03-31,retrospective_test,ols,6,-0.03316037191302409,405
2025-03-31,retrospective_test,ols,7,-0.025171600056484358,419
2025-03-31,retrospective_test,ols,8,-0.03319341675991696,420
2025-03-31,retrospective_test,ols,9,-0.03342672693964376,416
2025-03-31,retrospective_test,ols,10,-0.03706261153927133,460
2025-03-31,retrospective_test,ridge,1,-0.040275554535042675,385
2025-03-31,retrospective_test,ridge,2,-0.02195641108546256,422
2025-03-31,retrospective_test,ridge,3,-0.023401852607326093,414
2025-03-31,retrospective_test,ridge,4,-0.021503817280645543,425
2025-03-31,retrospective_test,ridge,5,-0.022758134012994438,431
2025-03-31,retrospective_test,ridge,6,-0.02615930602113238,405
2025-03-31,retrospective_test,ridge,7,-0.028955710997012697,419
2025-03-31,retrospective_test,ridge,8,-0.034418931978558505,420
2025-03-31,retrospective_test,ridge,9,-0.03597519631880621,416
2025-03-31,retrospective_test,ridge,10,-0.037008297061192796,460
2025-03-31,retrospective_test,huber,1,-0.03497732559471425,385
2025-03-31,retrospective_test,huber,2,-0.03138024710774472,422
2025-03-31,retrospective_test,huber,3,-0.023355882712728912,414
2025-03-31,retrospective_test,huber,4,-0.023775628578794172,425
2025-03-31,retrospective_test,huber,5,-0.01703164740512199,431
2025-03-31,retrospective_test,huber,6,-0.03259238340339838,405
2025-03-31,retrospective_test,huber,7,-0.025142984166800254,419
2025-03-31,retrospective_test,huber,8,-0.03314534413022007,420
2025-03-31,retrospective_test,huber,9,-0.03486661895314194,416
2025-03-31,retrospective_test,huber,10,-0.036068079358553426,460
2025-03-31,retrospective_test,tabm_experimental,1,-0.03680240729389279,385
2025-03-31,retrospective_test,tabm_experimental,2,-0.025079208932082365,422
2025-03-31,retrospective_test,tabm_experimental,3,-0.02568797147409194,414
2025-03-31,retrospective_test,tabm_experimental,4,-0.023127856674094106,425
2025-03-31,retrospective_test,tabm_experimental,5,-0.017890319494782536,431
2025-03-31,retrospective_test,tabm_experimental,6,-0.03010554882383542,405
2025-03-31,retrospective_test,tabm_experimental,7,-0.026148109636903623,419
2025-03-31,retrospective_test,tabm_experimental,8,-0.03069802442145276,420
2025-03-31,retrospective_test,tabm_experimental,9,-0.029037255441833346,416
2025-03-31,retrospective_test,tabm_experimental,10,-0.04678708572281082,460
2025-03-31,retrospective_test,retrieval_experimental,1,-0.02991479763117505,385
2025-03-31,retrospective_test,retrieval_experimental,2,-0.017314039805735017,422
2025-03-31,retrospective_test,retrieval_experimental,3,-0.017536764287817492,414
2025-03-31,retrospective_test,retrieval_experimental,4,-0.03442063987135018,425
2025-03-31,retrospective_test,retrieval_experimental,5,-0.034558147551139,431
2025-03-31,retrospective_test,retrieval_experimental,6,-0.0411146759096707,405
2025-03-31,retrospective_test,retrieval_experimental,7,-0.03657367026086167,419
2025-03-31,retrospective_test,retrieval_experimental,8,-0.03250174977791817,420
2025-03-31,retrospective_test,retrieval_experimental,9,-0.024930226759905846,416
2025-03-31,retrospective_test,retrieval_experimental,10,-0.02383737659114437,460
2025-04-30,retrospective_test,ols,1,0.036911967447736296,381
2025-04-30,retrospective_test,ols,2,0.04159032059319321,419
2025-04-30,retrospective_test,ols,3,0.05042844109437672,410
2025-04-30,retrospective_test,ols,4,0.05546967023292694,419
2025-04-30,retrospective_test,ols,5,0.04846175259832546,426
2025-04-30,retrospective_test,ols,6,0.042873760981855726,405
2025-04-30,retrospective_test,ols,7,0.04141027993515133,409
2025-04-30,retrospective_test,ols,8,0.04050671021457784,420
2025-04-30,retrospective_test,ols,9,0.041401177833454976,409
2025-04-30,retrospective_test,ols,10,0.04103870894317665,457
2025-04-30,retrospective_test,ridge,1,0.036911967447736296,381
2025-04-30,retrospective_test,ridge,2,0.04159032059319321,419
2025-04-30,retrospective_test,ridge,3,0.05042844109437672,410
2025-04-30,retrospective_test,ridge,4,0.055416625206111576,419
2025-04-30,retrospective_test,ridge,5,0.04851392599324479,426
2025-04-30,retrospective_test,ridge,6,0.042873760981855726,405
2025-04-30,retrospective_test,ridge,7,0.04141027993515133,409
2025-04-30,retrospective_test,ridge,8,0.04050671021457784,420
2025-04-30,retrospective_test,ridge,9,0.041136348764898786,409
2025-04-30,retrospective_test,ridge,10,0.041275722267114255,457
2025-04-30,retrospective_test,huber,1,0.03670559981063563,381
2025-04-30,retrospective_test,huber,2,0.04281503534245973,419
2025-04-30,retrospective_test,huber,3,0.048777693231240274,410
2025-04-30,retrospective_test,huber,4,0.05532306199136092,419
2025-04-30,retrospective_test,huber,5,0.048917926657329615,426
2025-04-30,retrospective_test,huber,6,0.04296968703993875,405
2025-04-30,retrospective_test,huber,7,0.04242494697380027,409
2025-04-30,retrospective_test,huber,8,0.03928306300925308,420
2025-04-30,retrospective_test,huber,9,0.04202379484754604,409
2025-04-30,retrospective_test,huber,10,0.04085229431057518,457
2025-04-30,retrospective_test,tabm_experimental,1,0.03087150621685175,381
2025-04-30,retrospective_test,tabm_experimental,2,0.03866539771901031,419
2025-04-30,retrospective_test,tabm_experimental,3,0.027397919745850034,410
2025-04-30,retrospective_test,tabm_experimental,4,0.05066470971773867,419
2025-04-30,retrospective_test,tabm_experimental,5,0.028696311565447247,426
2025-04-30,retrospective_test,tabm_experimental,6,0.04255386534767879,405
2025-04-30,retrospective_test,tabm_experimental,7,0.05483820390886331,409
2025-04-30,retrospective_test,tabm_experimental,8,0.05777930183252642,420
2025-04-30,retrospective_test,tabm_experimental,9,0.054124902911904985,409
2025-04-30,retrospective_test,tabm_experimental,10,0.05325287369587817,457
2025-04-30,retrospective_test,retrieval_experimental,1,0.048721343173911656,381
2025-04-30,retrospective_test,retrieval_experimental,2,0.04352123097158356,419
2025-04-30,retrospective_test,retrieval_experimental,3,0.047285224995707933,410
2025-04-30,retrospective_test,retrieval_experimental,4,0.048084321173150445,419
2025-04-30,retrospective_test,retrieval_experimental,5,0.04229974836044261,426
2025-04-30,retrospective_test,retrieval_experimental,6,0.04117035320494203,405
2025-04-30,retrospective_test,retrieval_experimental,7,0.04398505258520621,409
2025-04-30,retrospective_test,retrieval_experimental,8,0.048502037929044985,420
2025-04-30,retrospective_test,retrieval_experimental,9,0.040384556890958496,409
2025-04-30,retrospective_test,retrieval_experimental,10,0.037525204616705624,457
2025-05-31,retrospective_test,ols,1,0.06436252327326639,382
2025-05-31,retrospective_test,ols,2,0.07061529761185195,416
2025-05-31,retrospective_test,ols,3,0.0594192316631988,409
2025-05-31,retrospective_test,ols,4,0.06397666861628586,418
2025-05-31,retrospective_test,ols,5,0.05974974877386359,422
2025-05-31,retrospective_test,ols,6,0.06249835226409596,402
2025-05-31,retrospective_test,ols,7,0.06467062420465726,409
2025-05-31,retrospective_test,ols,8,0.06251342157026318,418
2025-05-31,retrospective_test,ols,9,0.06049270430312386,407
2025-05-31,retrospective_test,ols,10,0.041590143166834966,452
2025-05-31,retrospective_test,ridge,1,0.06436252327326639,382
2025-05-31,retrospective_test,ridge,2,0.07061529761185195,416
2025-05-31,retrospective_test,ridge,3,0.0594192316631988,409
2025-05-31,retrospective_test,ridge,4,0.06381788595786443,418
2025-05-31,retrospective_test,ridge,5,0.05990702638339,422
2025-05-31,retrospective_test,ridge,6,0.06236738224505752,402
2025-05-31,retrospective_test,ridge,7,0.06479935268302754,409
2025-05-31,retrospective_test,ridge,8,0.06251342157026318,418
2025-05-31,retrospective_test,ridge,9,0.06049270430312386,407
2025-05-31,retrospective_test,ridge,10,0.041590143166834966,452
2025-05-31,retrospective_test,huber,1,0.06272853995034611,382
2025-05-31,retrospective_test,huber,2,0.07006617413279662,416
2025-05-31,retrospective_test,huber,3,0.06307534984282318,409
2025-05-31,retrospective_test,huber,4,0.06197200606142412,418
2025-05-31,retrospective_test,huber,5,0.05924960727053803,422
2025-05-31,retrospective_test,huber,6,0.06243237698087695,402
2025-05-31,retrospective_test,huber,7,0.06513782663636432,409
2025-05-31,retrospective_test,huber,8,0.062043067793408124,418
2025-05-31,retrospective_test,huber,9,0.06184152070120074,407
2025-05-31,retrospective_test,huber,10,0.04134534050644946,452
2025-05-31,retrospective_test,tabm_experimental,1,0.06539258487158618,382
2025-05-31,retrospective_test,tabm_experimental,2,0.05857662901493776,416
2025-05-31,retrospective_test,tabm_experimental,3,0.05005267343284567,409
2025-05-31,retrospective_test,tabm_experimental,4,0.05994688104174504,418
2025-05-31,retrospective_test,tabm_experimental,5,0.04502125351845521,422
2025-05-31,retrospective_test,tabm_experimental,6,0.06672353497623015,402
2025-05-31,retrospective_test,tabm_experimental,7,0.058104141956212746,409
2025-05-31,retrospective_test,tabm_experimental,8,0.06744984128625628,418
2025-05-31,retrospective_test,tabm_experimental,9,0.06845545304822849,407
2025-05-31,retrospective_test,tabm_experimental,10,0.06820144125246798,452
2025-05-31,retrospective_test,retrieval_experimental,1,0.053626187527769084,382
2025-05-31,retrospective_test,retrieval_experimental,2,0.0524567507961807,416
2025-05-31,retrospective_test,retrieval_experimental,3,0.07195710531514901,409
2025-05-31,retrospective_test,retrieval_experimental,4,0.05923132497693644,418
2025-05-31,retrospective_test,retrieval_experimental,5,0.05484652559550445,422
2025-05-31,retrospective_test,retrieval_experimental,6,0.06262171736076716,402
2025-05-31,retrospective_test,retrieval_experimental,7,0.06778406532838314,409
2025-05-31,retrospective_test,retrieval_experimental,8,0.06660701405147587,418
2025-05-31,retrospective_test,retrieval_experimental,9,0.059883780508285536,407
2025-05-31,retrospective_test,retrieval_experimental,10,0.05883279663553795,452
2025-06-30,retrospective_test,ols,1,0.019844332227239747,385
2025-06-30,retrospective_test,ols,2,0.03575540871640534,420
2025-06-30,retrospective_test,ols,3,0.04650487223051615,410
2025-06-30,retrospective_test,ols,4,0.03992227687321121,424
2025-06-30,retrospective_test,ols,5,0.05727701149725886,431
2025-06-30,retrospective_test,ols,6,0.05521497406470596,403
2025-06-30,retrospective_test,ols,7,0.06292227535821757,414
2025-06-30,retrospective_test,ols,8,0.04808142486522181,420
2025-06-30,retrospective_test,ols,9,0.05751724509569918,410
2025-06-30,retrospective_test,ols,10,0.05609378693969844,462
2025-06-30,retrospective_test,ridge,1,0.019844332227239747,385
2025-06-30,retrospective_test,ridge,2,0.036233255714927554,420
2025-06-30,retrospective_test,ridge,3,0.045844348180400445,410
2025-06-30,retrospective_test,ridge,4,0.04022084902637998,424
2025-06-30,retrospective_test,ridge,5,0.0564548442424595,431
2025-06-30,retrospective_test,ridge,6,0.055954126955631706,403
2025-06-30,retrospective_test,ridge,7,0.06292227535821757,414
2025-06-30,retrospective_test,ridge,8,0.04808142486522181,420
2025-06-30,retrospective_test,ridge,9,0.05699209071623386,410
2025-06-30,retrospective_test,ridge,10,0.05655983303402914,462
2025-06-30,retrospective_test,huber,1,0.019657765309030538,385
2025-06-30,retrospective_test,huber,2,0.03577753459289653,420
2025-06-30,retrospective_test,huber,3,0.047241441290914885,410
2025-06-30,retrospective_test,huber,4,0.03937547011082879,424
2025-06-30,retrospective_test,huber,5,0.05825104020472965,431
2025-06-30,retrospective_test,huber,6,0.05477429370805289,403
2025-06-30,retrospective_test,huber,7,0.061962832352208105,414
2025-06-30,retrospective_test,huber,8,0.04893684947059902,420
2025-06-30,retrospective_test,huber,9,0.0575111820829975,410
2025-06-30,retrospective_test,huber,10,0.0556405247408226,462
2025-06-30,retrospective_test,tabm_experimental,1,0.04529662873938244,385
2025-06-30,retrospective_test,tabm_experimental,2,0.04898598635203242,420
2025-06-30,retrospective_test,tabm_experimental,3,0.033374291159298436,410
2025-06-30,retrospective_test,tabm_experimental,4,0.04775066786307762,424
2025-06-30,retrospective_test,tabm_experimental,5,0.05365886206026484,431
2025-06-30,retrospective_test,tabm_experimental,6,0.045279212568094064,403
2025-06-30,retrospective_test,tabm_experimental,7,0.045581045976160924,414
2025-06-30,retrospective_test,tabm_experimental,8,0.04998800724697613,420
2025-06-30,retrospective_test,tabm_experimental,9,0.0502575436286497,410
2025-06-30,retrospective_test,tabm_experimental,10,0.05961508553528618,462
2025-06-30,retrospective_test,retrieval_experimental,1,0.03701264274138362,385
2025-06-30,retrospective_test,retrieval_experimental,2,0.045303549437640915,420
2025-06-30,retrospective_test,retrieval_experimental,3,0.03581988843231757,410
2025-06-30,retrospective_test,retrieval_experimental,4,0.04757863190064873,424
2025-06-30,retrospective_test,retrieval_experimental,5,0.05743637566248378,431
2025-06-30,retrospective_test,retrieval_experimental,6,0.058486124363895386,403
2025-06-30,retrospective_test,retrieval_experimental,7,0.05424397680134842,414
2025-06-30,retrospective_test,retrieval_experimental,8,0.061509960820050086,420
2025-06-30,retrospective_test,retrieval_experimental,9,0.040117306937295254,410
2025-06-30,retrospective_test,retrieval_experimental,10,0.04357079082593188,462
2025-07-31,retrospective_test,ols,1,0.12717631280155547,389
2025-07-31,retrospective_test,ols,2,0.0918160010163135,429
2025-07-31,retrospective_test,ols,3,0.10422871009880474,409
2025-07-31,retrospective_test,ols,4,0.09454231463624375,430
2025-07-31,retrospective_test,ols,5,0.07935804841286959,433
2025-07-31,retrospective_test,ols,6,0.08090440920243405,411
2025-07-31,retrospective_test,ols,7,0.08266282731153987,418
2025-07-31,retrospective_test,ols,8,0.08633252555984347,421
2025-07-31,retrospective_test,ols,9,0.07637770215839866,417
2025-07-31,retrospective_test,ols,10,0.07817979543410586,464
2025-07-31,retrospective_test,ridge,1,0.12717631280155547,389
2025-07-31,retrospective_test,ridge,2,0.0918160010163135,429
2025-07-31,retrospective_test,ridge,3,0.10422871009880474,409
2025-07-31,retrospective_test,ridge,4,0.09454231463624375,430
2025-07-31,retrospective_test,ridge,5,0.07935804841286959,433
2025-07-31,retrospective_test,ridge,6,0.08090440920243405,411
2025-07-31,retrospective_test,ridge,7,0.08266282731153987,418
2025-07-31,retrospective_test,ridge,8,0.08633252555984347,421
2025-07-31,retrospective_test,ridge,9,0.07637770215839866,417
2025-07-31,retrospective_test,ridge,10,0.07817979543410586,464
2025-07-31,retrospective_test,huber,1,0.12249869131781266,389
2025-07-31,retrospective_test,huber,2,0.0953483646277344,429
2025-07-31,retrospective_test,huber,3,0.10649167431452644,409
2025-07-31,retrospective_test,huber,4,0.09337072486077365,430
2025-07-31,retrospective_test,huber,5,0.08151088408060438,433
2025-07-31,retrospective_test,huber,6,0.07786430890757147,411
2025-07-31,retrospective_test,huber,7,0.08279533670895343,418
2025-07-31,retrospective_test,huber,8,0.08826047528483509,421
2025-07-31,retrospective_test,huber,9,0.07485081097015937,417
2025-07-31,retrospective_test,huber,10,0.07811385415676352,464
2025-07-31,retrospective_test,tabm_experimental,1,0.1097463152917912,389
2025-07-31,retrospective_test,tabm_experimental,2,0.09352853949358876,429
2025-07-31,retrospective_test,tabm_experimental,3,0.09612463045061323,409
2025-07-31,retrospective_test,tabm_experimental,4,0.10099291154744545,430
2025-07-31,retrospective_test,tabm_experimental,5,0.07860921609094394,433
2025-07-31,retrospective_test,tabm_experimental,6,0.07703993899680595,411
2025-07-31,retrospective_test,tabm_experimental,7,0.08572218556898295,418
2025-07-31,retrospective_test,tabm_experimental,8,0.08294479390503823,421
2025-07-31,retrospective_test,tabm_experimental,9,0.07891678813958267,417
2025-07-31,retrospective_test,tabm_experimental,10,0.09453231267474345,464
2025-07-31,retrospective_test,retrieval_experimental,1,0.08622976947733606,389
2025-07-31,retrospective_test,retrieval_experimental,2,0.10461992500386917,429
2025-07-31,retrospective_test,retrieval_experimental,3,0.10287006292100109,409
2025-07-31,retrospective_test,retrieval_experimental,4,0.08517659800197083,430
2025-07-31,retrospective_test,retrieval_experimental,5,0.09080681322809503,433
2025-07-31,retrospective_test,retrieval_experimental,6,0.08963996158431715,411
2025-07-31,retrospective_test,retrieval_experimental,7,0.08436636892854651,418
2025-07-31,retrospective_test,retrieval_experimental,8,0.08532267030502053,421
2025-07-31,retrospective_test,retrieval_experimental,9,0.08732310634423862,417
2025-07-31,retrospective_test,retrieval_experimental,10,0.08167004271395253,464
2025-08-31,retrospective_test,ols,1,-0.007535000721344852,384
2025-08-31,retrospective_test,ols,2,0.009158667126170493,427
2025-08-31,retrospective_test,ols,3,0.015798542490831905,416
2025-08-31,retrospective_test,ols,4,0.010892120352647508,423
2025-08-31,retrospective_test,ols,5,0.026387722826195153,439
2025-08-31,retrospective_test,ols,6,0.008482800756448292,411
2025-08-31,retrospective_test,ols,7,0.013488120652342499,416
2025-08-31,retrospective_test,ols,8,0.0007160887960689391,423
2025-08-31,retrospective_test,ols,9,0.0067920537500087185,420
2025-08-31,retrospective_test,ols,10,0.003710476186795522,462
2025-08-31,retrospective_test,ridge,1,-0.007535000721344852,384
2025-08-31,retrospective_test,ridge,2,0.009158667126170493,427
2025-08-31,retrospective_test,ridge,3,0.015798542490831905,416
2025-08-31,retrospective_test,ridge,4,0.010892120352647508,423
2025-08-31,retrospective_test,ridge,5,0.026387722826195153,439
2025-08-31,retrospective_test,ridge,6,0.008482800756448292,411
2025-08-31,retrospective_test,ridge,7,0.013488120652342499,416
2025-08-31,retrospective_test,ridge,8,0.0007160887960689391,423
2025-08-31,retrospective_test,ridge,9,0.0067920537500087185,420
2025-08-31,retrospective_test,ridge,10,0.003710476186795522,462
2025-08-31,retrospective_test,huber,1,-0.007352659651826378,384
2025-08-31,retrospective_test,huber,2,0.010281532797472053,427
2025-08-31,retrospective_test,huber,3,0.013590857494832317,416
2025-08-31,retrospective_test,huber,4,0.012148654923810476,423
2025-08-31,retrospective_test,huber,5,0.026782795268185798,439
2025-08-31,retrospective_test,huber,6,0.007481071203395276,411
2025-08-31,retrospective_test,huber,7,0.01285899643861979,416
2025-08-31,retrospective_test,huber,8,0.0012424110125226556,423
2025-08-31,retrospective_test,huber,9,0.00673116517537103,420
2025-08-31,retrospective_test,huber,10,0.00401421827199137,462
2025-08-31,retrospective_test,tabm_experimental,1,-0.008540638474683757,384
2025-08-31,retrospective_test,tabm_experimental,2,0.010273723544034592,427
2025-08-31,retrospective_test,tabm_experimental,3,0.007124141352884097,416
2025-08-31,retrospective_test,tabm_experimental,4,0.0226037403607688,423
2025-08-31,retrospective_test,tabm_experimental,5,0.007063092804513349,439
2025-08-31,retrospective_test,tabm_experimental,6,0.023854673360029634,411
2025-08-31,retrospective_test,tabm_experimental,7,0.007666977402711766,416
2025-08-31,retrospective_test,tabm_experimental,8,0.0037017613409399464,423
2025-08-31,retrospective_test,tabm_experimental,9,-0.0014638901062072043,420
2025-08-31,retrospective_test,tabm_experimental,10,0.015304408830146526,462
2025-08-31,retrospective_test,retrieval_experimental,1,0.00011109037387725731,384
2025-08-31,retrospective_test,retrieval_experimental,2,0.02168543740735516,427
2025-08-31,retrospective_test,retrieval_experimental,3,0.007387038513059048,416
2025-08-31,retrospective_test,retrieval_experimental,4,0.01242684335044816,423
2025-08-31,retrospective_test,retrieval_experimental,5,0.009139824608162367,439
2025-08-31,retrospective_test,retrieval_experimental,6,0.003160315974646325,411
2025-08-31,retrospective_test,retrieval_experimental,7,0.012852975442671786,416
2025-08-31,retrospective_test,retrieval_experimental,8,0.013741044822717917,423
2025-08-31,retrospective_test,retrieval_experimental,9,6.917164886279538e-05,420
2025-08-31,retrospective_test,retrieval_experimental,10,0.007828681791820358,462
2025-09-30,retrospective_test,ols,1,-0.01778050412487802,388
2025-09-30,retrospective_test,ols,2,-0.0037073264263049886,426
2025-09-30,retrospective_test,ols,3,-0.006407499112831449,408
2025-09-30,retrospective_test,ols,4,-0.007742885009600172,433
2025-09-30,retrospective_test,ols,5,0.005364030762413181,439
2025-09-30,retrospective_test,ols,6,0.012871466484278477,404
2025-09-30,retrospective_test,ols,7,0.021917788601433546,426
2025-09-30,retrospective_test,ols,8,0.024747227038524423,415
2025-09-30,retrospective_test,ols,9,0.025483997318400765,419
2025-09-30,retrospective_test,ols,10,0.02733292776999135,464
2025-09-30,retrospective_test,ridge,1,-0.01778050412487802,388
2025-09-30,retrospective_test,ridge,2,-0.0037073264263049886,426
2025-09-30,retrospective_test,ridge,3,-0.006441856857574586,408
2025-09-30,retrospective_test,ridge,4,-0.007710510968364144,433
2025-09-30,retrospective_test,ridge,5,0.005364030762413181,439
2025-09-30,retrospective_test,ridge,6,0.012871466484278477,404
2025-09-30,retrospective_test,ridge,7,0.021917788601433546,426
2025-09-30,retrospective_test,ridge,8,0.024747227038524423,415
2025-09-30,retrospective_test,ridge,9,0.025483997318400765,419
2025-09-30,retrospective_test,ridge,10,0.02733292776999135,464
2025-09-30,retrospective_test,huber,1,-0.017692583949510145,388
2025-09-30,retrospective_test,huber,2,-0.003919140572266721,426
2025-09-30,retrospective_test,huber,3,-0.00562273572750876,408
2025-09-30,retrospective_test,huber,4,-0.00887434181188128,433
2025-09-30,retrospective_test,huber,5,0.0071089563659155015,439
2025-09-30,retrospective_test,huber,6,0.01148838209554876,404
2025-09-30,retrospective_test,huber,7,0.021755200321714515,426
2025-09-30,retrospective_test,huber,8,0.02499753660874109,415
2025-09-30,retrospective_test,huber,9,0.025541858993741805,419
2025-09-30,retrospective_test,huber,10,0.027246162638471537,464
2025-09-30,retrospective_test,tabm_experimental,1,-0.003234714612417493,388
2025-09-30,retrospective_test,tabm_experimental,2,-0.0026676192953627546,426
2025-09-30,retrospective_test,tabm_experimental,3,-0.0029969757792993705,408
2025-09-30,retrospective_test,tabm_experimental,4,0.0006656930303991721,433
2025-09-30,retrospective_test,tabm_experimental,5,0.012564571092925038,439
2025-09-30,retrospective_test,tabm_experimental,6,0.011705555389738408,404
2025-09-30,retrospective_test,tabm_experimental,7,0.015189138702490699,426
2025-09-30,retrospective_test,tabm_experimental,8,0.020014268839983876,415
2025-09-30,retrospective_test,tabm_experimental,9,0.015885988401703924,419
2025-09-30,retrospective_test,tabm_experimental,10,0.016649845318531337,464
2025-09-30,retrospective_test,retrieval_experimental,1,-0.0021192066699469415,388
2025-09-30,retrospective_test,retrieval_experimental,2,0.009999536060111154,426
2025-09-30,retrospective_test,retrieval_experimental,3,0.002462206013381921,408
2025-09-30,retrospective_test,retrieval_experimental,4,0.0005607140594408685,433
2025-09-30,retrospective_test,retrieval_experimental,5,0.018509877819910897,439
2025-09-30,retrospective_test,retrieval_experimental,6,0.008909629423016813,404
2025-09-30,retrospective_test,retrieval_experimental,7,0.0168672263836435,426
2025-09-30,retrospective_test,retrieval_experimental,8,0.00819022001155872,415
2025-09-30,retrospective_test,retrieval_experimental,9,0.0005908247402059921,419
2025-09-30,retrospective_test,retrieval_experimental,10,0.019040874161424085,464
2025-10-31,retrospective_test,ols,1,-0.004456386572024141,392
2025-10-31,retrospective_test,ols,2,-0.013416185979615775,423
2025-10-31,retrospective_test,ols,3,-0.013690715927579726,413
2025-10-31,retrospective_test,ols,4,-0.008535358803933147,424
2025-10-31,retrospective_test,ols,5,-0.005869739657284448,438
2025-10-31,retrospective_test,ols,6,-0.012610224073288549,411
2025-10-31,retrospective_test,ols,7,-0.011863103525846875,414
2025-10-31,retrospective_test,ols,8,-0.013835745934666228,423
2025-10-31,retrospective_test,ols,9,-0.009050049295406468,413
2025-10-31,retrospective_test,ols,10,-0.007435420381489322,471
2025-10-31,retrospective_test,ridge,1,-0.004407157084437469,392
2025-10-31,retrospective_test,ridge,2,-0.013461807632414769,423
2025-10-31,retrospective_test,ridge,3,-0.015486886575299908,413
2025-10-31,retrospective_test,ridge,4,-0.006785786923017024,424
2025-10-31,retrospective_test,ridge,5,-0.005869739657284448,438
2025-10-31,retrospective_test,ridge,6,-0.012610224073288549,411
2025-10-31,retrospective_test,ridge,7,-0.011863103525846875,414
2025-10-31,retrospective_test,ridge,8,-0.013835745934666228,423
2025-10-31,retrospective_test,ridge,9,-0.008875372693189627,413
2025-10-31,retrospective_test,ridge,10,-0.007588586913794112,471
2025-10-31,retrospective_test,huber,1,-0.005084566917460149,392
2025-10-31,retrospective_test,huber,2,-0.013014973184655896,423
2025-10-31,retrospective_test,huber,3,-0.01667743736316298,413
2025-10-31,retrospective_test,huber,4,-0.0055664789980005005,424
2025-10-31,retrospective_test,huber,5,-0.007400077068178515,438
2025-10-31,retrospective_test,huber,6,-0.010390205209955976,411
2025-10-31,retrospective_test,huber,7,-0.012740682517634319,414
2025-10-31,retrospective_test,huber,8,-0.01259128577849327,423
2025-10-31,retrospective_test,huber,9,-0.008443256481189354,413
2025-10-31,retrospective_test,huber,10,-0.008719050411781441,471
2025-10-31,retrospective_test,tabm_experimental,1,-0.022981167920587107,392
2025-10-31,retrospective_test,tabm_experimental,2,-0.01525992208683901,423
2025-10-31,retrospective_test,tabm_experimental,3,0.0023693787384971073,413
2025-10-31,retrospective_test,tabm_experimental,4,-0.007318047688086341,424
2025-10-31,retrospective_test,tabm_experimental,5,-0.012087592228839617,438
2025-10-31,retrospective_test,tabm_experimental,6,-0.007786936302922524,411
2025-10-31,retrospective_test,tabm_experimental,7,-0.016589677258792578,414
2025-10-31,retrospective_test,tabm_experimental,8,-0.002251276857970378,423
2025-10-31,retrospective_test,tabm_experimental,9,-0.014278651655097375,413
2025-10-31,retrospective_test,tabm_experimental,10,-0.005631412557596366,471
2025-10-31,retrospective_test,retrieval_experimental,1,-0.010665445856145277,392
2025-10-31,retrospective_test,retrieval_experimental,2,-0.015229924545982664,423
2025-10-31,retrospective_test,retrieval_experimental,3,-0.0008771894202744149,413
2025-10-31,retrospective_test,retrieval_experimental,4,-0.012913393830679382,424
2025-10-31,retrospective_test,retrieval_experimental,5,-0.005231122133906235,438
2025-10-31,retrospective_test,retrieval_experimental,6,-0.020628475205301523,411
2025-10-31,retrospective_test,retrieval_experimental,7,-0.006418719140712275,414
2025-10-31,retrospective_test,retrieval_experimental,8,-0.010334749363691637,423
2025-10-31,retrospective_test,retrieval_experimental,9,-0.005008236280877177,413
2025-10-31,retrospective_test,retrieval_experimental,10,-0.013004243445563436,471
2025-11-30,retrospective_test,ols,1,0.02852060123986236,388
2025-11-30,retrospective_test,ols,2,0.0258341881369421,424
2025-11-30,retrospective_test,ols,3,0.02312617138832451,417
2025-11-30,retrospective_test,ols,4,0.03131876928360454,424
2025-11-30,retrospective_test,ols,5,0.02296693293694472,435
2025-11-30,retrospective_test,ols,6,0.02281723673491681,411
2025-11-30,retrospective_test,ols,7,0.01921624725123068,414
2025-11-30,retrospective_test,ols,8,0.02369722464721084,427
2025-11-30,retrospective_test,ols,9,0.02616695511163898,414
2025-11-30,retrospective_test,ols,10,0.023370053920365785,467
2025-11-30,retrospective_test,ridge,1,0.028326097040491105,388
2025-11-30,retrospective_test,ridge,2,0.026012177828819566,424
2025-11-30,retrospective_test,ridge,3,0.02312617138832451,417
2025-11-30,retrospective_test,ridge,4,0.03131876928360454,424
2025-11-30,retrospective_test,ridge,5,0.023199995248838052,435
2025-11-30,retrospective_test,ridge,6,0.02257056494495671,411
2025-11-30,retrospective_test,ridge,7,0.019024560357225682,414
2025-11-30,retrospective_test,ridge,8,0.023883075640461587,427
2025-11-30,retrospective_test,ridge,9,0.02616695511163898,414
2025-11-30,retrospective_test,ridge,10,0.023370053920365785,467
2025-11-30,retrospective_test,huber,1,0.027801963697197393,388
2025-11-30,retrospective_test,huber,2,0.02603467049316387,424
2025-11-30,retrospective_test,huber,3,0.023642235150180265,417
2025-11-30,retrospective_test,huber,4,0.03044726015081383,424
2025-11-30,retrospective_test,huber,5,0.022879572003585823,435
2025-11-30,retrospective_test,huber,6,0.022724000753130937,411
2025-11-30,retrospective_test,huber,7,0.020849679255694857,414
2025-11-30,retrospective_test,huber,8,0.022851113341088223,427
2025-11-30,retrospective_test,huber,9,0.026012387514603295,414
2025-11-30,retrospective_test,huber,10,0.023741595223769337,467
2025-11-30,retrospective_test,tabm_experimental,1,0.029475970800853294,388
2025-11-30,retrospective_test,tabm_experimental,2,0.02559196776304015,424
2025-11-30,retrospective_test,tabm_experimental,3,0.04228383276665589,417
2025-11-30,retrospective_test,tabm_experimental,4,0.030349953919332318,424
2025-11-30,retrospective_test,tabm_experimental,5,0.025991851199344995,435
2025-11-30,retrospective_test,tabm_experimental,6,0.030611601762189546,411
2025-11-30,retrospective_test,tabm_experimental,7,0.01724719782157645,414
2025-11-30,retrospective_test,tabm_experimental,8,0.015322087310701461,427
2025-11-30,retrospective_test,tabm_experimental,9,0.011499436038430823,414
2025-11-30,retrospective_test,tabm_experimental,10,0.019298213451583106,467
2025-11-30,retrospective_test,retrieval_experimental,1,0.05739184830060406,388
2025-11-30,retrospective_test,retrieval_experimental,2,0.024620781297606108,424
2025-11-30,retrospective_test,retrieval_experimental,3,0.018661679998081146,417
2025-11-30,retrospective_test,retrieval_experimental,4,0.02689196593111128,424
2025-11-30,retrospective_test,retrieval_experimental,5,0.029341509904039022,435
2025-11-30,retrospective_test,retrieval_experimental,6,0.013244337018170804,411
2025-11-30,retrospective_test,retrieval_experimental,7,0.02652569323627577,414
2025-11-30,retrospective_test,retrieval_experimental,8,0.015310627137655589,427
2025-11-30,retrospective_test,retrieval_experimental,9,0.0149753011671221,414
2025-11-30,retrospective_test,retrieval_experimental,10,0.022087249222715464,467
