refit_month,target_type,feature,standardized_coefficient
2018-01-31,original_1m,long_term_reversal_12_1,-0.005777280226303201
2018-01-31,original_1m,earnings_yield,0.01533222164251838
2018-01-31,original_1m,book_to_market,0.00866401261640895
2018-01-31,original_1m,sales_to_price,0.006691855480304427
2018-01-31,original_1m,low_volatility,0.0014469456302597672
2018-01-31,original_1m,large_cap_stability,-0.007280926217469395
2018-01-31,original_1m,short_reversal,0.01723517825703339
2018-01-31,original_1m,illiquidity_premium,0.01716000881062706
2018-01-31,original_1m,roe,-0.002540740695506499
2018-01-31,original_1m,roa,0.002008775215940647
2018-01-31,original_1m,gross_margin,0.008702909445255919
2018-01-31,original_1m,cash_conversion,0.00461914145617635
2018-01-31,original_1m,medium_reversal_3m,0.01308585895661066
2018-01-31,original_1m,medium_reversal_6m,-0.003627998451588331
2018-01-31,original_1m,return_stability_6m,-0.0022560729103512536
2018-01-31,original_1m,return_stability_12m,0.00806242785604375
2018-01-31,original_1m,downside_stability_12m,-0.001721597233769629
2018-01-31,original_1m,low_turnover,0.015454505943168969
2018-01-31,original_1m,lottery_avoidance,0.007232516885501723
2018-01-31,original_1m,residual_reversal,-0.006836866412647646
2018-01-31,original_1m,profitability_momentum,0.0074581947614816
2018-01-31,original_1m,value_composite,0.002190842326712467
2018-01-31,original_1m,quality_composite,-0.003062923383612488
2018-01-31,original_1m,long_term_reversal_12_1_missing,0.007119670476643312
2018-01-31,original_1m,earnings_yield_missing,-0.005327810312901416
2018-01-31,original_1m,book_to_market_missing,0.002092934563675894
2018-01-31,original_1m,sales_to_price_missing,-0.002252286253125468
2018-01-31,original_1m,low_volatility_missing,0.0
2018-01-31,original_1m,large_cap_stability_missing,0.0
2018-01-31,original_1m,short_reversal_missing,0.0
2018-01-31,original_1m,illiquidity_premium_missing,0.0
2018-01-31,original_1m,roe_missing,0.00019853572176369578
2018-01-31,original_1m,roa_missing,-0.0032080160795913202
2018-01-31,original_1m,gross_margin_missing,0.0029443661376319027
2018-01-31,original_1m,cash_conversion_missing,0.004048189036027314
2018-01-31,original_1m,medium_reversal_3m_missing,0.0
2018-01-31,original_1m,medium_reversal_6m_missing,0.0
2018-01-31,original_1m,return_stability_6m_missing,0.0
2018-01-31,original_1m,return_stability_12m_missing,0.0
2018-01-31,original_1m,downside_stability_12m_missing,-0.0013265355255257336
2018-01-31,original_1m,low_turnover_missing,0.0
2018-01-31,original_1m,lottery_avoidance_missing,0.0
2018-01-31,original_1m,residual_reversal_missing,0.0
2018-01-31,original_1m,profitability_momentum_missing,-0.003682899400538349
2018-01-31,original_1m,value_composite_missing,-0.0013045179981512284
2018-01-31,original_1m,quality_composite_missing,-0.003839044985130613
2018-04-30,original_1m,long_term_reversal_12_1,-0.006448230858075195
2018-04-30,original_1m,earnings_yield,0.014886871544785069
2018-04-30,original_1m,book_to_market,0.0066699325004128595
2018-04-30,original_1m,sales_to_price,0.005915634050376233
2018-04-30,original_1m,low_volatility,0.000926729046868021
2018-04-30,original_1m,large_cap_stability,-0.0047089665816217345
2018-04-30,original_1m,short_reversal,0.02231150272858172
2018-04-30,original_1m,illiquidity_premium,0.01712645701966249
2018-04-30,original_1m,roe,-0.0015630175993689855
2018-04-30,original_1m,roa,0.0024603567013851287
2018-04-30,original_1m,gross_margin,0.009303368912696884
2018-04-30,original_1m,cash_conversion,0.004377124041149643
2018-04-30,original_1m,medium_reversal_3m,0.012714848847842413
2018-04-30,original_1m,medium_reversal_6m,-0.003169479210539333
2018-04-30,original_1m,return_stability_6m,-0.0017396839078850695
2018-04-30,original_1m,return_stability_12m,0.008188852566228332
2018-04-30,original_1m,downside_stability_12m,-0.0020777789508566397
2018-04-30,original_1m,low_turnover,0.01453272589844527
2018-04-30,original_1m,lottery_avoidance,0.0068724456086497986
2018-04-30,original_1m,residual_reversal,-0.011392911599963949
2018-04-30,original_1m,profitability_momentum,0.00655050145025489
2018-04-30,original_1m,value_composite,0.003040961233742193
2018-04-30,original_1m,quality_composite,-0.0032583413863934447
2018-04-30,original_1m,long_term_reversal_12_1_missing,0.006710760847931714
2018-04-30,original_1m,earnings_yield_missing,-0.005396805049451392
2018-04-30,original_1m,book_to_market_missing,0.0009976331449030593
2018-04-30,original_1m,sales_to_price_missing,-0.003822973293652543
2018-04-30,original_1m,low_volatility_missing,0.0
2018-04-30,original_1m,large_cap_stability_missing,0.0
2018-04-30,original_1m,short_reversal_missing,0.0
2018-04-30,original_1m,illiquidity_premium_missing,0.0
2018-04-30,original_1m,roe_missing,6.589366990127252e-05
2018-04-30,original_1m,roa_missing,-0.002288484699232789
2018-04-30,original_1m,gross_margin_missing,0.002961905840164517
2018-04-30,original_1m,cash_conversion_missing,0.004529097162953303
2018-04-30,original_1m,medium_reversal_3m_missing,0.0
2018-04-30,original_1m,medium_reversal_6m_missing,0.0
2018-04-30,original_1m,return_stability_6m_missing,0.0
2018-04-30,original_1m,return_stability_12m_missing,0.0
2018-04-30,original_1m,downside_stability_12m_missing,-0.000848837806647979
2018-04-30,original_1m,low_turnover_missing,0.0
2018-04-30,original_1m,lottery_avoidance_missing,0.0
2018-04-30,original_1m,residual_reversal_missing,0.0
2018-04-30,original_1m,profitability_momentum_missing,-0.003903463350569712
2018-04-30,original_1m,value_composite_missing,-5.4715418051928545e-05
2018-04-30,original_1m,quality_composite_missing,-0.0024132485586749485
2018-07-31,original_1m,long_term_reversal_12_1,-0.008160041259911427
2018-07-31,original_1m,earnings_yield,0.013156142065572866
2018-07-31,original_1m,book_to_market,0.006700001491313446
2018-07-31,original_1m,sales_to_price,0.006785111810928708
2018-07-31,original_1m,low_volatility,0.0017952468094904203
2018-07-31,original_1m,large_cap_stability,-0.00692001310344534
2018-07-31,original_1m,short_reversal,0.023821449423853017
2018-07-31,original_1m,illiquidity_premium,0.015237129211150424
2018-07-31,original_1m,roe,0.0033133625527810295
2018-07-31,original_1m,roa,0.007016543323641477
2018-07-31,original_1m,gross_margin,0.01235064771340183
2018-07-31,original_1m,cash_conversion,0.006675340102213276
2018-07-31,original_1m,medium_reversal_3m,0.011243806115518385
2018-07-31,original_1m,medium_reversal_6m,-0.004780701280246161
2018-07-31,original_1m,return_stability_6m,-0.0021477974326897437
2018-07-31,original_1m,return_stability_12m,0.007921971531637944
2018-07-31,original_1m,downside_stability_12m,-0.0013596210676351164
2018-07-31,original_1m,low_turnover,0.01690264694632297
2018-07-31,original_1m,lottery_avoidance,0.006984743428086123
2018-07-31,original_1m,residual_reversal,-0.013808934734976585
2018-07-31,original_1m,profitability_momentum,0.005927655500604926
2018-07-31,original_1m,value_composite,0.0016715532546989881
2018-07-31,original_1m,quality_composite,-0.010253914904062992
2018-07-31,original_1m,long_term_reversal_12_1_missing,0.0058526219618723055
2018-07-31,original_1m,earnings_yield_missing,-0.004030151645366383
2018-07-31,original_1m,book_to_market_missing,0.0007553706044300762
2018-07-31,original_1m,sales_to_price_missing,-0.0040271381972934745
2018-07-31,original_1m,low_volatility_missing,0.0
2018-07-31,original_1m,large_cap_stability_missing,0.0
2018-07-31,original_1m,short_reversal_missing,0.0
2018-07-31,original_1m,illiquidity_premium_missing,0.0
2018-07-31,original_1m,roe_missing,5.808509811348578e-05
2018-07-31,original_1m,roa_missing,-0.0033003481857962255
2018-07-31,original_1m,gross_margin_missing,0.003528812238877835
2018-07-31,original_1m,cash_conversion_missing,0.0037168705673613087
2018-07-31,original_1m,medium_reversal_3m_missing,0.0
2018-07-31,original_1m,medium_reversal_6m_missing,0.0
2018-07-31,original_1m,return_stability_6m_missing,0.0
2018-07-31,original_1m,return_stability_12m_missing,0.0
2018-07-31,original_1m,downside_stability_12m_missing,-0.0010254783900495593
2018-07-31,original_1m,low_turnover_missing,0.0
2018-07-31,original_1m,lottery_avoidance_missing,0.0
2018-07-31,original_1m,residual_reversal_missing,0.0
2018-07-31,original_1m,profitability_momentum_missing,-0.0015388429791347602
2018-07-31,original_1m,value_composite_missing,0.00011996054350729536
2018-07-31,original_1m,quality_composite_missing,-2.3958884107528635e-05
2018-10-31,original_1m,long_term_reversal_12_1,-0.007065528006891161
2018-10-31,original_1m,earnings_yield,0.012111927095240463
2018-10-31,original_1m,book_to_market,0.00623522445233623
2018-10-31,original_1m,sales_to_price,0.004875536431391208
2018-10-31,original_1m,low_volatility,0.001706062159948788
2018-10-31,original_1m,large_cap_stability,-0.0034892500975058803
2018-10-31,original_1m,short_reversal,0.02380201550430983
2018-10-31,original_1m,illiquidity_premium,0.016352344361988586
2018-10-31,original_1m,roe,0.001621043961665686
2018-10-31,original_1m,roa,0.0051527524774808596
2018-10-31,original_1m,gross_margin,0.010486638670526058
2018-10-31,original_1m,cash_conversion,0.00609562988362846
2018-10-31,original_1m,medium_reversal_3m,0.01071831907660391
2018-10-31,original_1m,medium_reversal_6m,-0.0031531601860456024
2018-10-31,original_1m,return_stability_6m,-0.003154732400721142
2018-10-31,original_1m,return_stability_12m,0.00851060375638193
2018-10-31,original_1m,downside_stability_12m,-0.0009502419832126777
2018-10-31,original_1m,low_turnover,0.016439355620948736
2018-10-31,original_1m,lottery_avoidance,0.007811366320352864
2018-10-31,original_1m,residual_reversal,-0.015317385934143942
2018-10-31,original_1m,profitability_momentum,0.006095146306357816
2018-10-31,original_1m,value_composite,0.004998397758212548
2018-10-31,original_1m,quality_composite,-0.0080302369513069
2018-10-31,original_1m,long_term_reversal_12_1_missing,0.006010588108889529
2018-10-31,original_1m,earnings_yield_missing,-0.0038766731381386014
2018-10-31,original_1m,book_to_market_missing,0.001019895772395533
2018-10-31,original_1m,sales_to_price_missing,-0.003259933209186139
2018-10-31,original_1m,low_volatility_missing,0.0
2018-10-31,original_1m,large_cap_stability_missing,0.0
2018-10-31,original_1m,short_reversal_missing,0.0
2018-10-31,original_1m,illiquidity_premium_missing,0.0
2018-10-31,original_1m,roe_missing,0.0004668827184147865
2018-10-31,original_1m,roa_missing,-0.004016851689645573
2018-10-31,original_1m,gross_margin_missing,0.0036584475144030965
2018-10-31,original_1m,cash_conversion_missing,0.0029435156238456386
2018-10-31,original_1m,medium_reversal_3m_missing,0.0
2018-10-31,original_1m,medium_reversal_6m_missing,0.0
2018-10-31,original_1m,return_stability_6m_missing,0.0
2018-10-31,original_1m,return_stability_12m_missing,0.0
2018-10-31,original_1m,downside_stability_12m_missing,2.583777670230132e-05
2018-10-31,original_1m,low_turnover_missing,0.0
2018-10-31,original_1m,lottery_avoidance_missing,0.0
2018-10-31,original_1m,residual_reversal_missing,0.0
2018-10-31,original_1m,profitability_momentum_missing,-0.0033463720654719727
2018-10-31,original_1m,value_composite_missing,-0.00020959691759692264
2018-10-31,original_1m,quality_composite_missing,-0.0013213003850418945
2019-01-31,original_1m,long_term_reversal_12_1,-0.005968209833401855
2019-01-31,original_1m,earnings_yield,0.011612329661880574
2019-01-31,original_1m,book_to_market,0.00653846903884803
2019-01-31,original_1m,sales_to_price,0.0053523078727705274
2019-01-31,original_1m,low_volatility,0.0018669034881726386
2019-01-31,original_1m,large_cap_stability,-0.006020340765400435
2019-01-31,original_1m,short_reversal,0.02759090675643708
2019-01-31,original_1m,illiquidity_premium,0.01624887156481126
2019-01-31,original_1m,roe,0.0008421178433067033
2019-01-31,original_1m,roa,0.005160824537987166
2019-01-31,original_1m,gross_margin,0.00905555372822629
2019-01-31,original_1m,cash_conversion,0.005579168118593216
2019-01-31,original_1m,medium_reversal_3m,0.009014014073288813
2019-01-31,original_1m,medium_reversal_6m,-0.0027646751042337235
2019-01-31,original_1m,return_stability_6m,-0.0020392482809713777
2019-01-31,original_1m,return_stability_12m,0.008045999022922697
2019-01-31,original_1m,downside_stability_12m,-0.0006949089656596919
2019-01-31,original_1m,low_turnover,0.017827484217425565
2019-01-31,original_1m,lottery_avoidance,0.007102894263901526
2019-01-31,original_1m,residual_reversal,-0.016573270386230583
2019-01-31,original_1m,profitability_momentum,0.004943428769467778
2019-01-31,original_1m,value_composite,0.0032605093056645375
2019-01-31,original_1m,quality_composite,-0.006204281562903239
2019-01-31,original_1m,long_term_reversal_12_1_missing,0.005598940563608566
2019-01-31,original_1m,earnings_yield_missing,-0.003387243337004842
2019-01-31,original_1m,book_to_market_missing,0.00106514828402602
2019-01-31,original_1m,sales_to_price_missing,-0.0024483419883069677
2019-01-31,original_1m,low_volatility_missing,0.0
2019-01-31,original_1m,large_cap_stability_missing,0.0
2019-01-31,original_1m,short_reversal_missing,0.0
2019-01-31,original_1m,illiquidity_premium_missing,0.0
2019-01-31,original_1m,roe_missing,-0.0005614747801389354
2019-01-31,original_1m,roa_missing,-0.003981244074959001
2019-01-31,original_1m,gross_margin_missing,0.003487810389920951
2019-01-31,original_1m,cash_conversion_missing,0.002002762798462788
2019-01-31,original_1m,medium_reversal_3m_missing,0.0
2019-01-31,original_1m,medium_reversal_6m_missing,0.0
2019-01-31,original_1m,return_stability_6m_missing,0.0
2019-01-31,original_1m,return_stability_12m_missing,0.0
2019-01-31,original_1m,downside_stability_12m_missing,0.0005420265437912888
2019-01-31,original_1m,low_turnover_missing,0.0
2019-01-31,original_1m,lottery_avoidance_missing,0.0
2019-01-31,original_1m,residual_reversal_missing,0.0
2019-01-31,original_1m,profitability_momentum_missing,-0.002802076031871697
2019-01-31,original_1m,value_composite_missing,-0.00038672625880011025
2019-01-31,original_1m,quality_composite_missing,-0.0007422552468330214
2019-04-30,original_1m,long_term_reversal_12_1,-0.003671413669733226
2019-04-30,original_1m,earnings_yield,0.009558123208031451
2019-04-30,original_1m,book_to_market,0.007518770718660726
2019-04-30,original_1m,sales_to_price,0.006133149354814095
2019-04-30,original_1m,low_volatility,0.001303349603896125
2019-04-30,original_1m,large_cap_stability,-0.002170895718035715
2019-04-30,original_1m,short_reversal,0.024271708502488762
2019-04-30,original_1m,illiquidity_premium,0.01771421398471174
2019-04-30,original_1m,roe,0.0030812856053430795
2019-04-30,original_1m,roa,0.004897989195128919
2019-04-30,original_1m,gross_margin,0.010149716106145772
2019-04-30,original_1m,cash_conversion,0.005759034300567937
2019-04-30,original_1m,medium_reversal_3m,0.009221964512061663
2019-04-30,original_1m,medium_reversal_6m,-0.0016753456553180856
2019-04-30,original_1m,return_stability_6m,-0.0018390137603336416
2019-04-30,original_1m,return_stability_12m,0.006696836566739669
2019-04-30,original_1m,downside_stability_12m,-0.00035070292431380756
2019-04-30,original_1m,low_turnover,0.014532067652873036
2019-04-30,original_1m,lottery_avoidance,0.005203807551270991
2019-04-30,original_1m,residual_reversal,-0.010774324881280105
2019-04-30,original_1m,profitability_momentum,0.004904548438303389
2019-04-30,original_1m,value_composite,0.003012751941591535
2019-04-30,original_1m,quality_composite,-0.007668913740641864
2019-04-30,original_1m,long_term_reversal_12_1_missing,0.005691644537517988
2019-04-30,original_1m,earnings_yield_missing,-0.0019274739061448966
2019-04-30,original_1m,book_to_market_missing,0.00041660645413445175
2019-04-30,original_1m,sales_to_price_missing,-0.0029260167652232112
2019-04-30,original_1m,low_volatility_missing,0.0
2019-04-30,original_1m,large_cap_stability_missing,0.0
2019-04-30,original_1m,short_reversal_missing,0.0
2019-04-30,original_1m,illiquidity_premium_missing,0.0
2019-04-30,original_1m,roe_missing,1.8238473456502076e-05
2019-04-30,original_1m,roa_missing,-0.0035165940070282227
2019-04-30,original_1m,gross_margin_missing,0.003220939337307967
2019-04-30,original_1m,cash_conversion_missing,0.0012616842016453444
2019-04-30,original_1m,medium_reversal_3m_missing,0.0
2019-04-30,original_1m,medium_reversal_6m_missing,0.0
2019-04-30,original_1m,return_stability_6m_missing,0.0
2019-04-30,original_1m,return_stability_12m_missing,0.0
2019-04-30,original_1m,downside_stability_12m_missing,0.0009180563434086016
2019-04-30,original_1m,low_turnover_missing,0.0
2019-04-30,original_1m,lottery_avoidance_missing,0.0
2019-04-30,original_1m,residual_reversal_missing,0.0
2019-04-30,original_1m,profitability_momentum_missing,-0.004034410290604857
2019-04-30,original_1m,value_composite_missing,3.4871356735609875e-05
2019-04-30,original_1m,quality_composite_missing,-0.0019505197806688646
2019-07-31,original_1m,long_term_reversal_12_1,-0.004851876871616219
2019-07-31,original_1m,earnings_yield,0.008526142262552147
2019-07-31,original_1m,book_to_market,0.007163822989906783
2019-07-31,original_1m,sales_to_price,0.0064768926811219945
2019-07-31,original_1m,low_volatility,0.002634376208984857
2019-07-31,original_1m,large_cap_stability,-0.0038467504666449804
2019-07-31,original_1m,short_reversal,0.026335146590978284
2019-07-31,original_1m,illiquidity_premium,0.01699644970060479
2019-07-31,original_1m,roe,0.0046361322731506985
2019-07-31,original_1m,roa,0.005848715203246974
2019-07-31,original_1m,gross_margin,0.010897028870802803
2019-07-31,original_1m,cash_conversion,0.006356770325088763
2019-07-31,original_1m,medium_reversal_3m,0.008465347152204076
2019-07-31,original_1m,medium_reversal_6m,-0.0017641994863974648
2019-07-31,original_1m,return_stability_6m,-0.001507258674801301
2019-07-31,original_1m,return_stability_12m,0.007596358010288554
2019-07-31,original_1m,downside_stability_12m,-0.0006141144233972933
2019-07-31,original_1m,low_turnover,0.016097511369775167
2019-07-31,original_1m,lottery_avoidance,0.00476901866061234
2019-07-31,original_1m,residual_reversal,-0.011143726837577785
2019-07-31,original_1m,profitability_momentum,0.005386612318094292
2019-07-31,original_1m,value_composite,0.0024732351420667493
2019-07-31,original_1m,quality_composite,-0.009448608933503196
2019-07-31,original_1m,long_term_reversal_12_1_missing,0.005623174979147826
2019-07-31,original_1m,earnings_yield_missing,-0.001539198280071894
2019-07-31,original_1m,book_to_market_missing,-0.0001009506517628677
2019-07-31,original_1m,sales_to_price_missing,-0.002972772027067148
2019-07-31,original_1m,low_volatility_missing,0.0
2019-07-31,original_1m,large_cap_stability_missing,0.0
2019-07-31,original_1m,short_reversal_missing,0.0
2019-07-31,original_1m,illiquidity_premium_missing,0.0
2019-07-31,original_1m,roe_missing,-0.0007945674313093229
2019-07-31,original_1m,roa_missing,-0.0027436676639162874
2019-07-31,original_1m,gross_margin_missing,0.002984858557647056
2019-07-31,original_1m,cash_conversion_missing,0.001069291308943068
2019-07-31,original_1m,medium_reversal_3m_missing,0.0
2019-07-31,original_1m,medium_reversal_6m_missing,0.0
2019-07-31,original_1m,return_stability_6m_missing,0.0
2019-07-31,original_1m,return_stability_12m_missing,0.0
2019-07-31,original_1m,downside_stability_12m_missing,0.0010029923502136906
2019-07-31,original_1m,low_turnover_missing,0.0
2019-07-31,original_1m,lottery_avoidance_missing,0.0
2019-07-31,original_1m,residual_reversal_missing,0.0
2019-07-31,original_1m,profitability_momentum_missing,-0.0038343477175128986
2019-07-31,original_1m,value_composite_missing,0.00036406652369681017
2019-07-31,original_1m,quality_composite_missing,-0.0019177158527457258
2019-10-31,original_1m,long_term_reversal_12_1,-0.004491081858172194
2019-10-31,original_1m,earnings_yield,0.00789722054099621
2019-10-31,original_1m,book_to_market,0.004404068954154597
2019-10-31,original_1m,sales_to_price,0.005390657888281283
2019-10-31,original_1m,low_volatility,0.002794647429277045
2019-10-31,original_1m,large_cap_stability,-0.004759275407178323
2019-10-31,original_1m,short_reversal,0.026831957254105043
2019-10-31,original_1m,illiquidity_premium,0.015155594140917392
2019-10-31,original_1m,roe,0.0054131125315898775
2019-10-31,original_1m,roa,0.007989295123049354
2019-10-31,original_1m,gross_margin,0.011692989511058094
2019-10-31,original_1m,cash_conversion,0.007394203150329669
2019-10-31,original_1m,medium_reversal_3m,0.006867922013415291
2019-10-31,original_1m,medium_reversal_6m,-0.001460088430059634
2019-10-31,original_1m,return_stability_6m,-0.00046780123132408104
2019-10-31,original_1m,return_stability_12m,0.007508598721512236
2019-10-31,original_1m,downside_stability_12m,-0.0012884661519825679
2019-10-31,original_1m,low_turnover,0.016889111833573552
2019-10-31,original_1m,lottery_avoidance,0.005312075561660651
2019-10-31,original_1m,residual_reversal,-0.012172077287209206
2019-10-31,original_1m,profitability_momentum,0.005291128708253172
2019-10-31,original_1m,value_composite,0.00405041706147351
2019-10-31,original_1m,quality_composite,-0.011872108838063439
2019-10-31,original_1m,long_term_reversal_12_1_missing,0.0052982025643745325
2019-10-31,original_1m,earnings_yield_missing,-0.0024901856879667662
2019-10-31,original_1m,book_to_market_missing,0.0005052820235410009
2019-10-31,original_1m,sales_to_price_missing,-0.0027920982036502974
2019-10-31,original_1m,low_volatility_missing,0.0
2019-10-31,original_1m,large_cap_stability_missing,0.0
2019-10-31,original_1m,short_reversal_missing,0.0
2019-10-31,original_1m,illiquidity_premium_missing,0.0
2019-10-31,original_1m,roe_missing,-0.003356987714812388
2019-10-31,original_1m,roa_missing,-0.005786700952286092
2019-10-31,original_1m,gross_margin_missing,0.002873946227594252
2019-10-31,original_1m,cash_conversion_missing,0.0008879117001490176
2019-10-31,original_1m,medium_reversal_3m_missing,0.0
2019-10-31,original_1m,medium_reversal_6m_missing,0.0
2019-10-31,original_1m,return_stability_6m_missing,0.0
2019-10-31,original_1m,return_stability_12m_missing,0.0
2019-10-31,original_1m,downside_stability_12m_missing,0.0010641023333241811
2019-10-31,original_1m,low_turnover_missing,0.0
2019-10-31,original_1m,lottery_avoidance_missing,0.0
2019-10-31,original_1m,residual_reversal_missing,0.0
2019-10-31,original_1m,profitability_momentum_missing,-0.0036049684353565265
2019-10-31,original_1m,value_composite_missing,0.00033811149703840137
2019-10-31,original_1m,quality_composite_missing,0.003677170077204282
2020-01-31,original_1m,long_term_reversal_12_1,-0.004236020670787224
2020-01-31,original_1m,earnings_yield,0.007660520837638995
2020-01-31,original_1m,book_to_market,0.004144366245475789
2020-01-31,original_1m,sales_to_price,0.005779194425508891
2020-01-31,original_1m,low_volatility,0.0025108263682585394
2020-01-31,original_1m,large_cap_stability,-0.0034826406487735453
2020-01-31,original_1m,short_reversal,0.027684720298249067
2020-01-31,original_1m,illiquidity_premium,0.014486361040740825
2020-01-31,original_1m,roe,0.006696115581671646
2020-01-31,original_1m,roa,0.008838295398782333
2020-01-31,original_1m,gross_margin,0.012672612793947748
2020-01-31,original_1m,cash_conversion,0.008066735371977227
2020-01-31,original_1m,medium_reversal_3m,0.005747906851870371
2020-01-31,original_1m,medium_reversal_6m,-0.0011155024635930385
2020-01-31,original_1m,return_stability_6m,-0.00020632626394709826
2020-01-31,original_1m,return_stability_12m,0.007411573311897194
2020-01-31,original_1m,downside_stability_12m,-0.0015011732309711866
2020-01-31,original_1m,low_turnover,0.01673078871510822
2020-01-31,original_1m,lottery_avoidance,0.004988153733032175
2020-01-31,original_1m,residual_reversal,-0.012896624347752864
2020-01-31,original_1m,profitability_momentum,0.004834164798481212
2020-01-31,original_1m,value_composite,0.003643904339451806
2020-01-31,original_1m,quality_composite,-0.01354355600952556
2020-01-31,original_1m,long_term_reversal_12_1_missing,0.004988969416262921
2020-01-31,original_1m,earnings_yield_missing,-0.002491081231829041
2020-01-31,original_1m,book_to_market_missing,0.0009194952550409083
2020-01-31,original_1m,sales_to_price_missing,-0.0029846770956819283
2020-01-31,original_1m,low_volatility_missing,0.0
2020-01-31,original_1m,large_cap_stability_missing,0.0
2020-01-31,original_1m,short_reversal_missing,0.0
2020-01-31,original_1m,illiquidity_premium_missing,0.0
2020-01-31,original_1m,roe_missing,-0.00477858072732933
2020-01-31,original_1m,roa_missing,-0.0034518623466203184
2020-01-31,original_1m,gross_margin_missing,0.002986092804857566
2020-01-31,original_1m,cash_conversion_missing,0.0004634877037738
2020-01-31,original_1m,medium_reversal_3m_missing,0.0
2020-01-31,original_1m,medium_reversal_6m_missing,0.0
2020-01-31,original_1m,return_stability_6m_missing,0.0
2020-01-31,original_1m,return_stability_12m_missing,0.0
2020-01-31,original_1m,downside_stability_12m_missing,0.0013091328135614478
2020-01-31,original_1m,low_turnover_missing,0.0
2020-01-31,original_1m,lottery_avoidance_missing,0.0
2020-01-31,original_1m,residual_reversal_missing,0.0
2020-01-31,original_1m,profitability_momentum_missing,-0.003829771225531252
2020-01-31,original_1m,value_composite_missing,0.0002720203428046143
2020-01-31,original_1m,quality_composite_missing,0.0032631224317274275
2020-04-30,original_1m,long_term_reversal_12_1,-0.004629455418382176
2020-04-30,original_1m,earnings_yield,0.006509089535362476
2020-04-30,original_1m,book_to_market,0.004044423883118408
2020-04-30,original_1m,sales_to_price,0.0058508782482958556
2020-04-30,original_1m,low_volatility,0.001929935479692916
2020-04-30,original_1m,large_cap_stability,-0.004223979970059834
2020-04-30,original_1m,short_reversal,0.0256998890422821
2020-04-30,original_1m,illiquidity_premium,0.013511792049964664
2020-04-30,original_1m,roe,0.006698619622846172
2020-04-30,original_1m,roa,0.00932467370360526
2020-04-30,original_1m,gross_margin,0.01296786305914814
2020-04-30,original_1m,cash_conversion,0.008110940453527121
2020-04-30,original_1m,medium_reversal_3m,0.005846350672663512
2020-04-30,original_1m,medium_reversal_6m,-0.001362734171161086
2020-04-30,original_1m,return_stability_6m,-5.648441676842746e-05
2020-04-30,original_1m,return_stability_12m,0.008464030564117443
2020-04-30,original_1m,downside_stability_12m,-0.0012475702829606234
2020-04-30,original_1m,low_turnover,0.017012858253150385
2020-04-30,original_1m,lottery_avoidance,0.004740953167899822
2020-04-30,original_1m,residual_reversal,-0.011966284784160933
2020-04-30,original_1m,profitability_momentum,0.005159138263961264
2020-04-30,original_1m,value_composite,0.003663495374691801
2020-04-30,original_1m,quality_composite,-0.013588508883963155
2020-04-30,original_1m,long_term_reversal_12_1_missing,0.004888582742478145
2020-04-30,original_1m,earnings_yield_missing,-0.0030076193378460385
2020-04-30,original_1m,book_to_market_missing,0.00022967032706504528
2020-04-30,original_1m,sales_to_price_missing,-0.002815564768659495
2020-04-30,original_1m,low_volatility_missing,0.0
2020-04-30,original_1m,large_cap_stability_missing,0.0
2020-04-30,original_1m,short_reversal_missing,0.0
2020-04-30,original_1m,illiquidity_premium_missing,0.0
2020-04-30,original_1m,roe_missing,-0.004474257307979027
2020-04-30,original_1m,roa_missing,-0.0046002863489251365
2020-04-30,original_1m,gross_margin_missing,0.0028274421488711974
2020-04-30,original_1m,cash_conversion_missing,0.0003228257560420839
2020-04-30,original_1m,medium_reversal_3m_missing,0.0
2020-04-30,original_1m,medium_reversal_6m_missing,0.0
2020-04-30,original_1m,return_stability_6m_missing,0.0
2020-04-30,original_1m,return_stability_12m_missing,0.0
2020-04-30,original_1m,downside_stability_12m_missing,0.0012312163537193056
2020-04-30,original_1m,low_turnover_missing,0.0
2020-04-30,original_1m,lottery_avoidance_missing,0.0
2020-04-30,original_1m,residual_reversal_missing,0.0
2020-04-30,original_1m,profitability_momentum_missing,-0.003805739321783888
2020-04-30,original_1m,value_composite_missing,0.0005048535373352932
2020-04-30,original_1m,quality_composite_missing,0.004217992382199134
2020-07-31,original_1m,long_term_reversal_12_1,-0.00611530149332083
2020-07-31,original_1m,earnings_yield,0.006331195841441384
2020-07-31,original_1m,book_to_market,0.003572940044371573
2020-07-31,original_1m,sales_to_price,0.005447026281638593
2020-07-31,original_1m,low_volatility,0.0017618050455630553
2020-07-31,original_1m,large_cap_stability,-0.002629671914859516
2020-07-31,original_1m,short_reversal,0.02596877873813876
2020-07-31,original_1m,illiquidity_premium,0.01289739518233144
2020-07-31,original_1m,roe,0.0074530183758389065
2020-07-31,original_1m,roa,0.011045865469040808
2020-07-31,original_1m,gross_margin,0.013458203289169364
2020-07-31,original_1m,cash_conversion,0.008731387437705919
2020-07-31,original_1m,medium_reversal_3m,0.006376733392745987
2020-07-31,original_1m,medium_reversal_6m,-0.002156786964399396
2020-07-31,original_1m,return_stability_6m,-0.0007373051037215983
2020-07-31,original_1m,return_stability_12m,0.00718492486492332
2020-07-31,original_1m,downside_stability_12m,-0.0007641743586954624
2020-07-31,original_1m,low_turnover,0.016694684936226046
2020-07-31,original_1m,lottery_avoidance,0.004967005579924518
2020-07-31,original_1m,residual_reversal,-0.012089893378672747
2020-07-31,original_1m,profitability_momentum,0.004550804464435336
2020-07-31,original_1m,value_composite,0.001916594042932047
2020-07-31,original_1m,quality_composite,-0.014291102846853691
2020-07-31,original_1m,long_term_reversal_12_1_missing,0.00448723581654638
2020-07-31,original_1m,earnings_yield_missing,-0.0034876656912902733
2020-07-31,original_1m,book_to_market_missing,-2.873162429698637e-05
2020-07-31,original_1m,sales_to_price_missing,-0.0032343873080449064
2020-07-31,original_1m,low_volatility_missing,0.0
2020-07-31,original_1m,large_cap_stability_missing,0.0
2020-07-31,original_1m,short_reversal_missing,0.0
2020-07-31,original_1m,illiquidity_premium_missing,0.0
2020-07-31,original_1m,roe_missing,-0.0059558191699986855
2020-07-31,original_1m,roa_missing,-0.006399561154614997
2020-07-31,original_1m,gross_margin_missing,0.0028807739819826676
2020-07-31,original_1m,cash_conversion_missing,-0.00013036156338292582
2020-07-31,original_1m,medium_reversal_3m_missing,0.0
2020-07-31,original_1m,medium_reversal_6m_missing,0.0
2020-07-31,original_1m,return_stability_6m_missing,0.0
2020-07-31,original_1m,return_stability_12m_missing,0.0
2020-07-31,original_1m,downside_stability_12m_missing,0.0024020188612833837
2020-07-31,original_1m,low_turnover_missing,0.0
2020-07-31,original_1m,lottery_avoidance_missing,0.0
2020-07-31,original_1m,residual_reversal_missing,0.0
2020-07-31,original_1m,profitability_momentum_missing,-0.003945744980821075
2020-07-31,original_1m,value_composite_missing,0.0005503618395834613
2020-07-31,original_1m,quality_composite_missing,0.008128280223261394
2020-10-31,original_1m,long_term_reversal_12_1,-0.0048499212507784875
2020-10-31,original_1m,earnings_yield,0.007329090817572505
2020-10-31,original_1m,book_to_market,0.003898413062426769
2020-10-31,original_1m,sales_to_price,0.006445968528501117
2020-10-31,original_1m,low_volatility,0.0022055128653218846
2020-10-31,original_1m,large_cap_stability,-0.003941258291758229
2020-10-31,original_1m,short_reversal,0.02982222705627843
2020-10-31,original_1m,illiquidity_premium,0.012203774099922236
2020-10-31,original_1m,roe,0.008530267284502206
2020-10-31,original_1m,roa,0.008667779227279604
2020-10-31,original_1m,gross_margin,0.014195085582372903
2020-10-31,original_1m,cash_conversion,0.008482877845811632
2020-10-31,original_1m,medium_reversal_3m,0.005011794493791031
2020-10-31,original_1m,medium_reversal_6m,-0.001517302521889057
2020-10-31,original_1m,return_stability_6m,-0.00043164004222529407
2020-10-31,original_1m,return_stability_12m,0.007746934521809307
2020-10-31,original_1m,downside_stability_12m,-0.0011611586318138567
2020-10-31,original_1m,low_turnover,0.017393161782782468
2020-10-31,original_1m,lottery_avoidance,0.004656840760395426
2020-10-31,original_1m,residual_reversal,-0.016307083236116734
2020-10-31,original_1m,profitability_momentum,0.005215393272357264
2020-10-31,original_1m,value_composite,0.00041657819226159024
2020-10-31,original_1m,quality_composite,-0.014462485309627597
2020-10-31,original_1m,long_term_reversal_12_1_missing,0.0047390275964949435
2020-10-31,original_1m,earnings_yield_missing,-0.002563236207538622
2020-10-31,original_1m,book_to_market_missing,-0.0007128857583835756
2020-10-31,original_1m,sales_to_price_missing,-0.0036470445439136605
2020-10-31,original_1m,low_volatility_missing,0.0
2020-10-31,original_1m,large_cap_stability_missing,0.0
2020-10-31,original_1m,short_reversal_missing,0.0
2020-10-31,original_1m,illiquidity_premium_missing,0.0
2020-10-31,original_1m,roe_missing,-0.0034650932937508477
2020-10-31,original_1m,roa_missing,-0.007651576914778646
2020-10-31,original_1m,gross_margin_missing,0.0031126140424981366
2020-10-31,original_1m,cash_conversion_missing,-9.563242420200029e-05
2020-10-31,original_1m,medium_reversal_3m_missing,0.0
2020-10-31,original_1m,medium_reversal_6m_missing,0.0
2020-10-31,original_1m,return_stability_6m_missing,0.0
2020-10-31,original_1m,return_stability_12m_missing,0.0
2020-10-31,original_1m,downside_stability_12m_missing,0.0019018009305465274
2020-10-31,original_1m,low_turnover_missing,0.0
2020-10-31,original_1m,lottery_avoidance_missing,0.0
2020-10-31,original_1m,residual_reversal_missing,0.0
2020-10-31,original_1m,profitability_momentum_missing,-0.003911030932352898
2020-10-31,original_1m,value_composite_missing,0.0009022473328726886
2020-10-31,original_1m,quality_composite_missing,0.0063596724819918
2021-01-31,original_1m,long_term_reversal_12_1,-0.004929745172689833
2021-01-31,original_1m,earnings_yield,0.005312355459036068
2021-01-31,original_1m,book_to_market,0.001988911906068616
2021-01-31,original_1m,sales_to_price,0.005248475821845461
2021-01-31,original_1m,low_volatility,-0.00043414533003968247
2021-01-31,original_1m,large_cap_stability,-0.0029100252361132233
2021-01-31,original_1m,short_reversal,0.025946942649563518
2021-01-31,original_1m,illiquidity_premium,0.011185129017412457
2021-01-31,original_1m,roe,0.008703104535841406
2021-01-31,original_1m,roa,0.008760606744896322
2021-01-31,original_1m,gross_margin,0.013060017195390235
2021-01-31,original_1m,cash_conversion,0.008658045517045474
2021-01-31,original_1m,medium_reversal_3m,0.0061890859038509554
2021-01-31,original_1m,medium_reversal_6m,-0.0012301784459340162
2021-01-31,original_1m,return_stability_6m,1.0550329274763357e-05
2021-01-31,original_1m,return_stability_12m,0.00832094669985282
2021-01-31,original_1m,downside_stability_12m,-0.0005741774565120216
2021-01-31,original_1m,low_turnover,0.0184360608260107
2021-01-31,original_1m,lottery_avoidance,0.00586957357823732
2021-01-31,original_1m,residual_reversal,-0.013975530239767527
2021-01-31,original_1m,profitability_momentum,0.0046041831366977004
2021-01-31,original_1m,value_composite,0.0035589467758905145
2021-01-31,original_1m,quality_composite,-0.014195703147577475
2021-01-31,original_1m,long_term_reversal_12_1_missing,0.004359907610272197
2021-01-31,original_1m,earnings_yield_missing,-0.00239378923556321
2021-01-31,original_1m,book_to_market_missing,-1.0684000212087117e-06
2021-01-31,original_1m,sales_to_price_missing,-0.0033795153706768586
2021-01-31,original_1m,low_volatility_missing,0.0
2021-01-31,original_1m,large_cap_stability_missing,0.0
2021-01-31,original_1m,short_reversal_missing,0.0
2021-01-31,original_1m,illiquidity_premium_missing,0.0
2021-01-31,original_1m,roe_missing,-0.004432275426242761
2021-01-31,original_1m,roa_missing,-0.006876284913310148
2021-01-31,original_1m,gross_margin_missing,0.0030914626716943335
2021-01-31,original_1m,cash_conversion_missing,-4.8611632752466484e-05
2021-01-31,original_1m,medium_reversal_3m_missing,0.0
2021-01-31,original_1m,medium_reversal_6m_missing,0.0
2021-01-31,original_1m,return_stability_6m_missing,0.0
2021-01-31,original_1m,return_stability_12m_missing,0.0
2021-01-31,original_1m,downside_stability_12m_missing,0.002086005105358427
2021-01-31,original_1m,low_turnover_missing,0.0
2021-01-31,original_1m,lottery_avoidance_missing,0.0
2021-01-31,original_1m,residual_reversal_missing,0.0
2021-01-31,original_1m,profitability_momentum_missing,-0.004091269215371074
2021-01-31,original_1m,value_composite_missing,-0.0001042062582804469
2021-01-31,original_1m,quality_composite_missing,0.008140744940649392
2021-04-30,original_1m,long_term_reversal_12_1,-0.004603105540010832
2021-04-30,original_1m,earnings_yield,0.007733343965811052
2021-04-30,original_1m,book_to_market,0.005861187059024284
2021-04-30,original_1m,sales_to_price,0.00763789664325682
2021-04-30,original_1m,low_volatility,0.0006827449125982695
2021-04-30,original_1m,large_cap_stability,-0.0019006077537442418
2021-04-30,original_1m,short_reversal,0.02734123128917378
2021-04-30,original_1m,illiquidity_premium,0.011562877315339719
2021-04-30,original_1m,roe,0.010179783013009697
2021-04-30,original_1m,roa,0.009693345742260622
2021-04-30,original_1m,gross_margin,0.013438693454819992
2021-04-30,original_1m,cash_conversion,0.009183301061515933
2021-04-30,original_1m,medium_reversal_3m,0.00762063393545988
2021-04-30,original_1m,medium_reversal_6m,-0.0021015106582344375
2021-04-30,original_1m,return_stability_6m,-0.0011199120706675704
2021-04-30,original_1m,return_stability_12m,0.00748947163866631
2021-04-30,original_1m,downside_stability_12m,-0.00014025748213878695
2021-04-30,original_1m,low_turnover,0.018162215558282624
2021-04-30,original_1m,lottery_avoidance,0.005437481569585081
2021-04-30,original_1m,residual_reversal,-0.015887804029444855
2021-04-30,original_1m,profitability_momentum,0.004355272550281491
2021-04-30,original_1m,value_composite,-0.002329881689385644
2021-04-30,original_1m,quality_composite,-0.015881254058481953
2021-04-30,original_1m,long_term_reversal_12_1_missing,0.0035462300728849147
2021-04-30,original_1m,earnings_yield_missing,-0.002437517225801118
2021-04-30,original_1m,book_to_market_missing,-0.000254230733750395
2021-04-30,original_1m,sales_to_price_missing,-0.00357012950214975
2021-04-30,original_1m,low_volatility_missing,0.0
2021-04-30,original_1m,large_cap_stability_missing,0.0
2021-04-30,original_1m,short_reversal_missing,0.0
2021-04-30,original_1m,illiquidity_premium_missing,0.0
2021-04-30,original_1m,roe_missing,-0.0048329619381125176
2021-04-30,original_1m,roa_missing,-0.006349333541720585
2021-04-30,original_1m,gross_margin_missing,0.0032593599601301437
2021-04-30,original_1m,cash_conversion_missing,-0.00033057821737205215
2021-04-30,original_1m,medium_reversal_3m_missing,0.0
2021-04-30,original_1m,medium_reversal_6m_missing,0.0
2021-04-30,original_1m,return_stability_6m_missing,0.0
2021-04-30,original_1m,return_stability_12m_missing,0.0
2021-04-30,original_1m,downside_stability_12m_missing,0.0016943727734051745
2021-04-30,original_1m,low_turnover_missing,0.0
2021-04-30,original_1m,lottery_avoidance_missing,0.0
2021-04-30,original_1m,residual_reversal_missing,0.0
2021-04-30,original_1m,profitability_momentum_missing,-0.0027397136894396915
2021-04-30,original_1m,value_composite_missing,0.0008629412139547404
2021-04-30,original_1m,quality_composite_missing,0.006664715622273625
2021-07-31,original_1m,long_term_reversal_12_1,-0.00592340193207605
2021-07-31,original_1m,earnings_yield,0.004952594677444786
2021-07-31,original_1m,book_to_market,0.002581462954453829
2021-07-31,original_1m,sales_to_price,0.00459552661462108
2021-07-31,original_1m,low_volatility,0.0019812623515981847
2021-07-31,original_1m,large_cap_stability,-0.0016512990165963026
2021-07-31,original_1m,short_reversal,0.02721650162199518
2021-07-31,original_1m,illiquidity_premium,0.012014676736268303
2021-07-31,original_1m,roe,0.007799650023024362
2021-07-31,original_1m,roa,0.007200304149757573
2021-07-31,original_1m,gross_margin,0.012557614012056387
2021-07-31,original_1m,cash_conversion,0.008907896013599073
2021-07-31,original_1m,medium_reversal_3m,0.00715059463545863
2021-07-31,original_1m,medium_reversal_6m,-0.000336876755962349
2021-07-31,original_1m,return_stability_6m,-0.002621093703613002
2021-07-31,original_1m,return_stability_12m,0.008659084468185991
2021-07-31,original_1m,downside_stability_12m,-0.0008316307815240441
2021-07-31,original_1m,low_turnover,0.01764473672640451
2021-07-31,original_1m,lottery_avoidance,0.004355640925921642
2021-07-31,original_1m,residual_reversal,-0.016529960798717228
2021-07-31,original_1m,profitability_momentum,0.004348461492892729
2021-07-31,original_1m,value_composite,0.0036596163371639422
2021-07-31,original_1m,quality_composite,-0.011287034468302445
2021-07-31,original_1m,long_term_reversal_12_1_missing,0.005153668484414709
2021-07-31,original_1m,earnings_yield_missing,-0.003070277143144992
2021-07-31,original_1m,book_to_market_missing,-0.001215789668776571
2021-07-31,original_1m,sales_to_price_missing,-0.003447451022125006
2021-07-31,original_1m,low_volatility_missing,0.0
2021-07-31,original_1m,large_cap_stability_missing,0.0
2021-07-31,original_1m,short_reversal_missing,0.0
2021-07-31,original_1m,illiquidity_premium_missing,0.0
2021-07-31,original_1m,roe_missing,-0.0028818523388305663
2021-07-31,original_1m,roa_missing,-0.005336519898858577
2021-07-31,original_1m,gross_margin_missing,0.0022183975776378356
2021-07-31,original_1m,cash_conversion_missing,0.0003860403650878799
2021-07-31,original_1m,medium_reversal_3m_missing,0.0
2021-07-31,original_1m,medium_reversal_6m_missing,0.0
2021-07-31,original_1m,return_stability_6m_missing,0.0
2021-07-31,original_1m,return_stability_12m_missing,0.0
2021-07-31,original_1m,downside_stability_12m_missing,0.0019774017410658234
2021-07-31,original_1m,low_turnover_missing,0.0
2021-07-31,original_1m,lottery_avoidance_missing,0.0
2021-07-31,original_1m,residual_reversal_missing,0.0
2021-07-31,original_1m,profitability_momentum_missing,-0.003820322638360964
2021-07-31,original_1m,value_composite_missing,0.00044375216736471156
2021-07-31,original_1m,quality_composite_missing,0.0039783799699762866
2021-10-31,original_1m,long_term_reversal_12_1,-0.005355399710640548
2021-10-31,original_1m,earnings_yield,0.005492407139096373
2021-10-31,original_1m,book_to_market,0.0015240941003998038
2021-10-31,original_1m,sales_to_price,0.002686851855283221
2021-10-31,original_1m,low_volatility,0.0012122121311845925
2021-10-31,original_1m,large_cap_stability,-0.00010979660131886408
2021-10-31,original_1m,short_reversal,0.02647778469267664
2021-10-31,original_1m,illiquidity_premium,0.011464474297455833
2021-10-31,original_1m,roe,0.0060167025669835535
2021-10-31,original_1m,roa,0.004005472585817834
2021-10-31,original_1m,gross_margin,0.011515226856971025
2021-10-31,original_1m,cash_conversion,0.008057310911216276
2021-10-31,original_1m,medium_reversal_3m,0.0069383104309627686
2021-10-31,original_1m,medium_reversal_6m,-0.00019028133431152054
2021-10-31,original_1m,return_stability_6m,-0.0014444664066047515
2021-10-31,original_1m,return_stability_12m,0.008438887456590096
2021-10-31,original_1m,downside_stability_12m,-0.0012890822463051004
2021-10-31,original_1m,low_turnover,0.016726496337526604
2021-10-31,original_1m,lottery_avoidance,0.0054686572432201905
2021-10-31,original_1m,residual_reversal,-0.016728426727471175
2021-10-31,original_1m,profitability_momentum,0.004665115008447874
2021-10-31,original_1m,value_composite,0.006424160216554578
2021-10-31,original_1m,quality_composite,-0.010026586950509227
2021-10-31,original_1m,long_term_reversal_12_1_missing,0.005321907030078702
2021-10-31,original_1m,earnings_yield_missing,-0.003923789021386492
2021-10-31,original_1m,book_to_market_missing,-0.0007570117077142225
2021-10-31,original_1m,sales_to_price_missing,-0.003283223121259094
2021-10-31,original_1m,low_volatility_missing,0.0
2021-10-31,original_1m,large_cap_stability_missing,0.0
2021-10-31,original_1m,short_reversal_missing,0.0
2021-10-31,original_1m,illiquidity_premium_missing,0.0
2021-10-31,original_1m,roe_missing,-0.006554481444741582
2021-10-31,original_1m,roa_missing,-0.0067641298515579585
2021-10-31,original_1m,gross_margin_missing,0.0024488487949344863
2021-10-31,original_1m,cash_conversion_missing,0.0007111646990041538
2021-10-31,original_1m,medium_reversal_3m_missing,0.0
2021-10-31,original_1m,medium_reversal_6m_missing,0.0
2021-10-31,original_1m,return_stability_6m_missing,0.0
2021-10-31,original_1m,return_stability_12m_missing,0.0
2021-10-31,original_1m,downside_stability_12m_missing,0.0023678753943498997
2021-10-31,original_1m,low_turnover_missing,0.0
2021-10-31,original_1m,lottery_avoidance_missing,0.0
2021-10-31,original_1m,residual_reversal_missing,0.0
2021-10-31,original_1m,profitability_momentum_missing,-0.0025000622653700024
2021-10-31,original_1m,value_composite_missing,0.0013247810987435417
2021-10-31,original_1m,quality_composite_missing,0.007444553825339773
2022-01-31,original_1m,long_term_reversal_12_1,-0.004268322196721672
2022-01-31,original_1m,earnings_yield,0.003400313336249141
2022-01-31,original_1m,book_to_market,-0.0001492270894372385
2022-01-31,original_1m,sales_to_price,0.0013269102855642768
2022-01-31,original_1m,low_volatility,0.0042400497428970564
2022-01-31,original_1m,large_cap_stability,-0.0014969676767020046
2022-01-31,original_1m,short_reversal,0.027975322704718055
2022-01-31,original_1m,illiquidity_premium,0.01176334693907551
2022-01-31,original_1m,roe,0.006789725219917051
2022-01-31,original_1m,roa,0.005069799686788424
2022-01-31,original_1m,gross_margin,0.011279229869649932
2022-01-31,original_1m,cash_conversion,0.007696905104510177
2022-01-31,original_1m,medium_reversal_3m,0.008328923444591609
2022-01-31,original_1m,medium_reversal_6m,-0.003080213654659978
2022-01-31,original_1m,return_stability_6m,-0.0006876320968618769
2022-01-31,original_1m,return_stability_12m,0.00655398082228093
2022-01-31,original_1m,downside_stability_12m,-0.0006932165125535658
2022-01-31,original_1m,low_turnover,0.016613730188685907
2022-01-31,original_1m,lottery_avoidance,0.003965246981776801
2022-01-31,original_1m,residual_reversal,-0.017203724281029162
2022-01-31,original_1m,profitability_momentum,0.0035724060115122393
2022-01-31,original_1m,value_composite,0.009729614506024182
2022-01-31,original_1m,quality_composite,-0.009844520528240083
2022-01-31,original_1m,long_term_reversal_12_1_missing,0.002266220984133371
2022-01-31,original_1m,earnings_yield_missing,-0.002613334674622339
2022-01-31,original_1m,book_to_market_missing,-0.0012288368083512463
2022-01-31,original_1m,sales_to_price_missing,-0.003675153897823209
2022-01-31,original_1m,low_volatility_missing,0.0
2022-01-31,original_1m,large_cap_stability_missing,0.0
2022-01-31,original_1m,short_reversal_missing,0.0
2022-01-31,original_1m,illiquidity_premium_missing,0.0
2022-01-31,original_1m,roe_missing,-0.005813074204302939
2022-01-31,original_1m,roa_missing,-0.005620591022678018
2022-01-31,original_1m,gross_margin_missing,0.002602857822129152
2022-01-31,original_1m,cash_conversion_missing,-0.00011289272886113174
2022-01-31,original_1m,medium_reversal_3m_missing,0.0
2022-01-31,original_1m,medium_reversal_6m_missing,0.0
2022-01-31,original_1m,return_stability_6m_missing,0.0
2022-01-31,original_1m,return_stability_12m_missing,0.0
2022-01-31,original_1m,downside_stability_12m_missing,0.0028023703114616726
2022-01-31,original_1m,low_turnover_missing,0.0
2022-01-31,original_1m,lottery_avoidance_missing,0.0
2022-01-31,original_1m,residual_reversal_missing,0.0
2022-01-31,original_1m,profitability_momentum_missing,-0.0031993697380562017
2022-01-31,original_1m,value_composite_missing,0.001250281244341197
2022-01-31,original_1m,quality_composite_missing,0.007536589592339413
2022-04-30,original_1m,long_term_reversal_12_1,-0.00486843949879512
2022-04-30,original_1m,earnings_yield,0.005537553043001823
2022-04-30,original_1m,book_to_market,0.0017984439761945176
2022-04-30,original_1m,sales_to_price,0.003107745679140083
2022-04-30,original_1m,low_volatility,0.0029988346183894925
2022-04-30,original_1m,large_cap_stability,-0.0037779069115074456
2022-04-30,original_1m,short_reversal,0.030060634916916476
2022-04-30,original_1m,illiquidity_premium,0.011460090313602442
2022-04-30,original_1m,roe,0.006313045311264766
2022-04-30,original_1m,roa,0.007023136860226597
2022-04-30,original_1m,gross_margin,0.013092306709433699
2022-04-30,original_1m,cash_conversion,0.009094419797967147
2022-04-30,original_1m,medium_reversal_3m,0.007049697587647143
2022-04-30,original_1m,medium_reversal_6m,-0.0035728869151992948
2022-04-30,original_1m,return_stability_6m,0.0008133908533978809
2022-04-30,original_1m,return_stability_12m,0.007881001755299781
2022-04-30,original_1m,downside_stability_12m,0.0009396965683823533
2022-04-30,original_1m,low_turnover,0.014307143692507565
2022-04-30,original_1m,lottery_avoidance,0.004392437990087544
2022-04-30,original_1m,residual_reversal,-0.01871340582436171
2022-04-30,original_1m,profitability_momentum,0.003653322827109762
2022-04-30,original_1m,value_composite,0.007503029787725462
2022-04-30,original_1m,quality_composite,-0.012507663189966982
2022-04-30,original_1m,long_term_reversal_12_1_missing,0.0014859478862550449
2022-04-30,original_1m,earnings_yield_missing,-0.002503211320629739
2022-04-30,original_1m,book_to_market_missing,-0.0015102858308707358
2022-04-30,original_1m,sales_to_price_missing,-0.003366621250369505
2022-04-30,original_1m,low_volatility_missing,0.0
2022-04-30,original_1m,large_cap_stability_missing,0.0
2022-04-30,original_1m,short_reversal_missing,0.0
2022-04-30,original_1m,illiquidity_premium_missing,0.0
2022-04-30,original_1m,roe_missing,-0.0034085629101087435
2022-04-30,original_1m,roa_missing,-0.007404696021589121
2022-04-30,original_1m,gross_margin_missing,0.0014278722063195135
2022-04-30,original_1m,cash_conversion_missing,0.000522499260158262
2022-04-30,original_1m,medium_reversal_3m_missing,0.0
2022-04-30,original_1m,medium_reversal_6m_missing,0.0
2022-04-30,original_1m,return_stability_6m_missing,0.0
2022-04-30,original_1m,return_stability_12m_missing,0.0
2022-04-30,original_1m,downside_stability_12m_missing,0.0024359462783705844
2022-04-30,original_1m,low_turnover_missing,0.0
2022-04-30,original_1m,lottery_avoidance_missing,0.0
2022-04-30,original_1m,residual_reversal_missing,0.0
2022-04-30,original_1m,profitability_momentum_missing,-0.003190035256801522
2022-04-30,original_1m,value_composite_missing,0.00015070052217175053
2022-04-30,original_1m,quality_composite_missing,0.007282111898538643
2022-07-31,original_1m,long_term_reversal_12_1,-0.005031740626077258
2022-07-31,original_1m,earnings_yield,0.0048977772501192784
2022-07-31,original_1m,book_to_market,-0.003298710525640179
2022-07-31,original_1m,sales_to_price,0.0012454216552854488
2022-07-31,original_1m,low_volatility,0.0031679625460223214
2022-07-31,original_1m,large_cap_stability,-0.002528944279446238
2022-07-31,original_1m,short_reversal,0.03174992281409506
2022-07-31,original_1m,illiquidity_premium,0.011390964931852371
2022-07-31,original_1m,roe,0.005902899512329092
2022-07-31,original_1m,roa,0.006010307337694
2022-07-31,original_1m,gross_margin,0.011093002385111976
2022-07-31,original_1m,cash_conversion,0.008447678819674148
2022-07-31,original_1m,medium_reversal_3m,0.008206200338569839
2022-07-31,original_1m,medium_reversal_6m,-0.00039709860079183455
2022-07-31,original_1m,return_stability_6m,0.001143669490636004
2022-07-31,original_1m,return_stability_12m,0.007159646697025304
2022-07-31,original_1m,downside_stability_12m,-0.0006209016651142571
2022-07-31,original_1m,low_turnover,0.015286212732509677
2022-07-31,original_1m,lottery_avoidance,0.004184978999610177
2022-07-31,original_1m,residual_reversal,-0.022001122119370407
2022-07-31,original_1m,profitability_momentum,0.003198650212906951
2022-07-31,original_1m,value_composite,0.011547323365074582
2022-07-31,original_1m,quality_composite,-0.011683249702093609
2022-07-31,original_1m,long_term_reversal_12_1_missing,0.002573374193064381
2022-07-31,original_1m,earnings_yield_missing,-0.0031921499921582453
2022-07-31,original_1m,book_to_market_missing,-0.0024788504384678734
2022-07-31,original_1m,sales_to_price_missing,-0.0033033324731607918
2022-07-31,original_1m,low_volatility_missing,0.0
2022-07-31,original_1m,large_cap_stability_missing,0.0
2022-07-31,original_1m,short_reversal_missing,0.0
2022-07-31,original_1m,illiquidity_premium_missing,0.0
2022-07-31,original_1m,roe_missing,-0.003768180551874939
2022-07-31,original_1m,roa_missing,-0.005976107855461691
2022-07-31,original_1m,gross_margin_missing,0.002652594571787854
2022-07-31,original_1m,cash_conversion_missing,0.0005491334628837666
2022-07-31,original_1m,medium_reversal_3m_missing,0.0
2022-07-31,original_1m,medium_reversal_6m_missing,0.0
2022-07-31,original_1m,return_stability_6m_missing,0.0
2022-07-31,original_1m,return_stability_12m_missing,0.0
2022-07-31,original_1m,downside_stability_12m_missing,0.0024266872857829636
2022-07-31,original_1m,low_turnover_missing,0.0
2022-07-31,original_1m,lottery_avoidance_missing,0.0
2022-07-31,original_1m,residual_reversal_missing,0.0
2022-07-31,original_1m,profitability_momentum_missing,-0.004415287290993226
2022-07-31,original_1m,value_composite_missing,0.0011833065143751539
2022-07-31,original_1m,quality_composite_missing,0.005095998174132618
2022-10-31,original_1m,long_term_reversal_12_1,-0.006561380931271506
2022-10-31,original_1m,earnings_yield,0.0041197781080238825
2022-10-31,original_1m,book_to_market,-0.001637555511747347
2022-10-31,original_1m,sales_to_price,0.0015530226172488018
2022-10-31,original_1m,low_volatility,0.004558169156755955
2022-10-31,original_1m,large_cap_stability,-0.0011345538936426704
2022-10-31,original_1m,short_reversal,0.0309971494591505
2022-10-31,original_1m,illiquidity_premium,0.012389545455771079
2022-10-31,original_1m,roe,0.005369499968536608
2022-10-31,original_1m,roa,0.005732359028469777
2022-10-31,original_1m,gross_margin,0.01072846234429259
2022-10-31,original_1m,cash_conversion,0.007651212990685272
2022-10-31,original_1m,medium_reversal_3m,0.006400467214650769
2022-10-31,original_1m,medium_reversal_6m,-0.0008836902665357577
2022-10-31,original_1m,return_stability_6m,0.0002559592247109302
2022-10-31,original_1m,return_stability_12m,0.008135376365627523
2022-10-31,original_1m,downside_stability_12m,-0.0005861129415748067
2022-10-31,original_1m,low_turnover,0.01645136201561032
2022-10-31,original_1m,lottery_avoidance,0.0033841125523085746
2022-10-31,original_1m,residual_reversal,-0.020834910909767756
2022-10-31,original_1m,profitability_momentum,0.002118149348712289
2022-10-31,original_1m,value_composite,0.011134509880533612
2022-10-31,original_1m,quality_composite,-0.010871108879787431
2022-10-31,original_1m,long_term_reversal_12_1_missing,-0.00016567344655431634
2022-10-31,original_1m,earnings_yield_missing,-0.003590531935590064
2022-10-31,original_1m,book_to_market_missing,-0.002626850354537778
2022-10-31,original_1m,sales_to_price_missing,-0.0013085432350041044
2022-10-31,original_1m,low_volatility_missing,0.0
2022-10-31,original_1m,large_cap_stability_missing,0.0
2022-10-31,original_1m,short_reversal_missing,0.0
2022-10-31,original_1m,illiquidity_premium_missing,0.0
2022-10-31,original_1m,roe_missing,-0.0026542917270621687
2022-10-31,original_1m,roa_missing,-0.006721089347213842
2022-10-31,original_1m,gross_margin_missing,0.0018587370011886315
2022-10-31,original_1m,cash_conversion_missing,0.0005998757330581729
2022-10-31,original_1m,medium_reversal_3m_missing,0.0
2022-10-31,original_1m,medium_reversal_6m_missing,0.0
2022-10-31,original_1m,return_stability_6m_missing,0.0
2022-10-31,original_1m,return_stability_12m_missing,0.0
2022-10-31,original_1m,downside_stability_12m_missing,0.003755560675149492
2022-10-31,original_1m,low_turnover_missing,0.0
2022-10-31,original_1m,lottery_avoidance_missing,0.0
2022-10-31,original_1m,residual_reversal_missing,0.0
2022-10-31,original_1m,profitability_momentum_missing,-0.003347097099856086
2022-10-31,original_1m,value_composite_missing,0.0008032013501387892
2022-10-31,original_1m,quality_composite_missing,0.006722697908006913
2023-01-31,original_1m,long_term_reversal_12_1,-0.007177574696901875
2023-01-31,original_1m,earnings_yield,0.003641924726799001
2023-01-31,original_1m,book_to_market,-0.0007312037922810825
2023-01-31,original_1m,sales_to_price,0.00197808623588741
2023-01-31,original_1m,low_volatility,0.006754840181563768
2023-01-31,original_1m,large_cap_stability,-0.0013126438832328
2023-01-31,original_1m,short_reversal,0.03386804317670765
2023-01-31,original_1m,illiquidity_premium,0.012667770935899736
2023-01-31,original_1m,roe,0.005570208019834707
2023-01-31,original_1m,roa,0.003093656521307878
2023-01-31,original_1m,gross_margin,0.010073164849369202
2023-01-31,original_1m,cash_conversion,0.006026931255267438
2023-01-31,original_1m,medium_reversal_3m,0.0049591850767112524
2023-01-31,original_1m,medium_reversal_6m,0.0012662569191829508
2023-01-31,original_1m,return_stability_6m,0.00017251842458652436
2023-01-31,original_1m,return_stability_12m,0.006466514275416083
2023-01-31,original_1m,downside_stability_12m,0.00021349580622403525
2023-01-31,original_1m,low_turnover,0.016342110490377634
2023-01-31,original_1m,lottery_avoidance,0.0020071874135989577
2023-01-31,original_1m,residual_reversal,-0.021924411252322598
2023-01-31,original_1m,profitability_momentum,0.0016174067009458893
2023-01-31,original_1m,value_composite,0.010413387009401589
2023-01-31,original_1m,quality_composite,-0.006928830371696329
2023-01-31,original_1m,long_term_reversal_12_1_missing,0.0006705385606462215
2023-01-31,original_1m,earnings_yield_missing,-0.0014732217640155544
2023-01-31,original_1m,book_to_market_missing,-0.0024226264289969276
2023-01-31,original_1m,sales_to_price_missing,-0.0020323685228007394
2023-01-31,original_1m,low_volatility_missing,0.0
2023-01-31,original_1m,large_cap_stability_missing,0.0
2023-01-31,original_1m,short_reversal_missing,0.0
2023-01-31,original_1m,illiquidity_premium_missing,0.0
2023-01-31,original_1m,roe_missing,-0.003497773603714944
2023-01-31,original_1m,roa_missing,-0.0047502968471550425
2023-01-31,original_1m,gross_margin_missing,0.0014601379208485348
2023-01-31,original_1m,cash_conversion_missing,0.00040334794811275473
2023-01-31,original_1m,medium_reversal_3m_missing,0.0
2023-01-31,original_1m,medium_reversal_6m_missing,0.0
2023-01-31,original_1m,return_stability_6m_missing,0.0
2023-01-31,original_1m,return_stability_12m_missing,0.0
2023-01-31,original_1m,downside_stability_12m_missing,0.00413940136317429
2023-01-31,original_1m,low_turnover_missing,0.0
2023-01-31,original_1m,lottery_avoidance_missing,0.0
2023-01-31,original_1m,residual_reversal_missing,0.0
2023-01-31,original_1m,profitability_momentum_missing,-0.004336294948411795
2023-01-31,original_1m,value_composite_missing,0.0007035059102140771
2023-01-31,original_1m,quality_composite_missing,0.005522991493086694
2023-04-30,original_1m,long_term_reversal_12_1,-0.005125237984090107
2023-04-30,original_1m,earnings_yield,0.005168014568009779
2023-04-30,original_1m,book_to_market,0.0010786965917867785
2023-04-30,original_1m,sales_to_price,0.0039018924045150657
2023-04-30,original_1m,low_volatility,0.00783869544357496
2023-04-30,original_1m,large_cap_stability,-2.3496553901537084e-05
2023-04-30,original_1m,short_reversal,0.036206757862483056
2023-04-30,original_1m,illiquidity_premium,0.013255667573997187
2023-04-30,original_1m,roe,0.0050406590721984385
2023-04-30,original_1m,roa,0.008552623189928577
2023-04-30,original_1m,gross_margin,0.014031152188094302
2023-04-30,original_1m,cash_conversion,0.008549116587965668
2023-04-30,original_1m,medium_reversal_3m,0.0035812583962499867
2023-04-30,original_1m,medium_reversal_6m,0.002176901497167198
2023-04-30,original_1m,return_stability_6m,-0.0002744945480089757
2023-04-30,original_1m,return_stability_12m,0.006815241222023535
2023-04-30,original_1m,downside_stability_12m,0.00018191705429803428
2023-04-30,original_1m,low_turnover,0.01598605717310925
2023-04-30,original_1m,lottery_avoidance,0.0016064693690134612
2023-04-30,original_1m,residual_reversal,-0.0255587844060584
2023-04-30,original_1m,profitability_momentum,0.0025658704645296726
2023-04-30,original_1m,value_composite,0.007080178351618458
2023-04-30,original_1m,quality_composite,-0.013691642181609313
2023-04-30,original_1m,long_term_reversal_12_1_missing,0.0010583861233078716
2023-04-30,original_1m,earnings_yield_missing,-0.002228983339170731
2023-04-30,original_1m,book_to_market_missing,-0.0029323525699181214
2023-04-30,original_1m,sales_to_price_missing,-0.0016384504446552552
2023-04-30,original_1m,low_volatility_missing,0.0
2023-04-30,original_1m,large_cap_stability_missing,0.0
2023-04-30,original_1m,short_reversal_missing,0.0
2023-04-30,original_1m,illiquidity_premium_missing,0.0
2023-04-30,original_1m,roe_missing,-0.003251116207431051
2023-04-30,original_1m,roa_missing,-0.003826796654289508
2023-04-30,original_1m,gross_margin_missing,0.0015088504781109173
2023-04-30,original_1m,cash_conversion_missing,0.00042517890416076597
2023-04-30,original_1m,medium_reversal_3m_missing,0.0
2023-04-30,original_1m,medium_reversal_6m_missing,0.0
2023-04-30,original_1m,return_stability_6m_missing,0.0
2023-04-30,original_1m,return_stability_12m_missing,0.0
2023-04-30,original_1m,downside_stability_12m_missing,0.004067879557569589
2023-04-30,original_1m,low_turnover_missing,0.0
2023-04-30,original_1m,lottery_avoidance_missing,0.0
2023-04-30,original_1m,residual_reversal_missing,0.0
2023-04-30,original_1m,profitability_momentum_missing,-0.004609424934225253
2023-04-30,original_1m,value_composite_missing,0.000573829833027305
2023-04-30,original_1m,quality_composite_missing,0.0034768509022366444
2023-07-31,original_1m,long_term_reversal_12_1,-0.006815175840030526
2023-07-31,original_1m,earnings_yield,0.0034589040957612796
2023-07-31,original_1m,book_to_market,-0.005284654622683302
2023-07-31,original_1m,sales_to_price,-0.0018272823031756022
2023-07-31,original_1m,low_volatility,0.005697828498155332
2023-07-31,original_1m,large_cap_stability,0.001443953967715356
2023-07-31,original_1m,short_reversal,0.032052145878557474
2023-07-31,original_1m,illiquidity_premium,0.014641827387181606
2023-07-31,original_1m,roe,0.0012674084240193132
2023-07-31,original_1m,roa,0.004952980608717058
2023-07-31,original_1m,gross_margin,0.008838538068328662
2023-07-31,original_1m,cash_conversion,0.005710212175270365
2023-07-31,original_1m,medium_reversal_3m,0.0037553220660691356
2023-07-31,original_1m,medium_reversal_6m,0.0021832664707379487
2023-07-31,original_1m,return_stability_6m,-0.0012327844761263896
2023-07-31,original_1m,return_stability_12m,0.010034010199041817
2023-07-31,original_1m,downside_stability_12m,-0.001155775144206598
2023-07-31,original_1m,low_turnover,0.014017139417989925
2023-07-31,original_1m,lottery_avoidance,0.0029540651651570214
2023-07-31,original_1m,residual_reversal,-0.022403620584338473
2023-07-31,original_1m,profitability_momentum,0.0015560325419477666
2023-07-31,original_1m,value_composite,0.01923371446423088
2023-07-31,original_1m,quality_composite,-0.007536610265051511
2023-07-31,original_1m,long_term_reversal_12_1_missing,0.0014915741144879953
2023-07-31,original_1m,earnings_yield_missing,-0.004359763302420289
2023-07-31,original_1m,book_to_market_missing,-0.0022162074053087913
2023-07-31,original_1m,sales_to_price_missing,-0.0006093736161123174
2023-07-31,original_1m,low_volatility_missing,0.0
2023-07-31,original_1m,large_cap_stability_missing,0.0
2023-07-31,original_1m,short_reversal_missing,0.0
2023-07-31,original_1m,illiquidity_premium_missing,0.0
2023-07-31,original_1m,roe_missing,-0.002780496107250104
2023-07-31,original_1m,roa_missing,-0.007223026522099141
2023-07-31,original_1m,gross_margin_missing,0.0005799536719097881
2023-07-31,original_1m,cash_conversion_missing,-0.00028092578636007093
2023-07-31,original_1m,medium_reversal_3m_missing,0.0
2023-07-31,original_1m,medium_reversal_6m_missing,0.0
2023-07-31,original_1m,return_stability_6m_missing,0.0
2023-07-31,original_1m,return_stability_12m_missing,0.0
2023-07-31,original_1m,downside_stability_12m_missing,0.004962274009576422
2023-07-31,original_1m,low_turnover_missing,0.0
2023-07-31,original_1m,lottery_avoidance_missing,0.0
2023-07-31,original_1m,residual_reversal_missing,0.0
2023-07-31,original_1m,profitability_momentum_missing,-0.0038999722526674593
2023-07-31,original_1m,value_composite_missing,0.0004175897695964515
2023-07-31,original_1m,quality_composite_missing,0.006542287881818075
2023-10-31,original_1m,long_term_reversal_12_1,-0.008246343446653577
2023-10-31,original_1m,earnings_yield,0.0034775418586983913
2023-10-31,original_1m,book_to_market,-0.003600771932925378
2023-10-31,original_1m,sales_to_price,0.0023467221967138235
2023-10-31,original_1m,low_volatility,0.01024161393524378
2023-10-31,original_1m,large_cap_stability,0.0016240069334339943
2023-10-31,original_1m,short_reversal,0.032416321127768474
2023-10-31,original_1m,illiquidity_premium,0.016134959248784456
2023-10-31,original_1m,roe,-1.5416832854597045e-05
2023-10-31,original_1m,roa,0.004974874617125586
2023-10-31,original_1m,gross_margin,0.011003599039857832
2023-10-31,original_1m,cash_conversion,0.005645170031945682
2023-10-31,original_1m,medium_reversal_3m,0.003071487531104019
2023-10-31,original_1m,medium_reversal_6m,0.002385396606139048
2023-10-31,original_1m,return_stability_6m,0.00017829905513855172
2023-10-31,original_1m,return_stability_12m,0.009587015164918758
2023-10-31,original_1m,downside_stability_12m,9.475167868534968e-06
2023-10-31,original_1m,low_turnover,0.012243030466072653
2023-10-31,original_1m,lottery_avoidance,0.0005518690042773346
2023-10-31,original_1m,residual_reversal,-0.02201755863559658
2023-10-31,original_1m,profitability_momentum,0.00035699605247990345
2023-10-31,original_1m,value_composite,0.01563186657880553
2023-10-31,original_1m,quality_composite,-0.005743946899635287
2023-10-31,original_1m,long_term_reversal_12_1_missing,0.00124361248728383
2023-10-31,original_1m,earnings_yield_missing,-0.002070405009314613
2023-10-31,original_1m,book_to_market_missing,-0.0018438966298666701
2023-10-31,original_1m,sales_to_price_missing,-0.002313174748128129
2023-10-31,original_1m,low_volatility_missing,0.0
2023-10-31,original_1m,large_cap_stability_missing,0.0
2023-10-31,original_1m,short_reversal_missing,0.0
2023-10-31,original_1m,illiquidity_premium_missing,0.0
2023-10-31,original_1m,roe_missing,-0.00453458382774079
2023-10-31,original_1m,roa_missing,-0.008292386112071632
2023-10-31,original_1m,gross_margin_missing,0.0014757300738620469
2023-10-31,original_1m,cash_conversion_missing,7.391648472761223e-05
2023-10-31,original_1m,medium_reversal_3m_missing,0.0
2023-10-31,original_1m,medium_reversal_6m_missing,0.0
2023-10-31,original_1m,return_stability_6m_missing,0.0
2023-10-31,original_1m,return_stability_12m_missing,0.0
2023-10-31,original_1m,downside_stability_12m_missing,0.004118546414932443
2023-10-31,original_1m,low_turnover_missing,0.0
2023-10-31,original_1m,lottery_avoidance_missing,0.0
2023-10-31,original_1m,residual_reversal_missing,0.0
2023-10-31,original_1m,profitability_momentum_missing,-0.002997387640538154
2023-10-31,original_1m,value_composite_missing,0.0007216620910637505
2023-10-31,original_1m,quality_composite_missing,0.00912875872303014
2024-01-31,original_1m,long_term_reversal_12_1,-0.007575312728426845
2024-01-31,original_1m,earnings_yield,0.003246285215076159
2024-01-31,original_1m,book_to_market,-0.0024718461812960934
2024-01-31,original_1m,sales_to_price,0.0009836197413415546
2024-01-31,original_1m,low_volatility,0.008121588575477616
2024-01-31,original_1m,large_cap_stability,-0.0026466471119890554
2024-01-31,original_1m,short_reversal,0.03455557150996246
2024-01-31,original_1m,illiquidity_premium,0.013839519653201938
2024-01-31,original_1m,roe,0.0005122681283443186
2024-01-31,original_1m,roa,0.006788740572661309
2024-01-31,original_1m,gross_margin,0.010564113030161205
2024-01-31,original_1m,cash_conversion,0.006479538136300199
2024-01-31,original_1m,medium_reversal_3m,0.004228381407664395
2024-01-31,original_1m,medium_reversal_6m,0.0018514929299801373
2024-01-31,original_1m,return_stability_6m,0.0011724963158225308
2024-01-31,original_1m,return_stability_12m,0.009041616021922114
2024-01-31,original_1m,downside_stability_12m,5.117538148195255e-05
2024-01-31,original_1m,low_turnover,0.01322131934933405
2024-01-31,original_1m,lottery_avoidance,0.0011758809894522905
2024-01-31,original_1m,residual_reversal,-0.025111630557220835
2024-01-31,original_1m,profitability_momentum,0.000524041118921424
2024-01-31,original_1m,value_composite,0.013908083149730403
2024-01-31,original_1m,quality_composite,-0.007555104798210116
2024-01-31,original_1m,long_term_reversal_12_1_missing,-0.0028709337840460824
2024-01-31,original_1m,earnings_yield_missing,-0.0026662441082571024
2024-01-31,original_1m,book_to_market_missing,-0.0024749150553313877
2024-01-31,original_1m,sales_to_price_missing,-0.001447825130168394
2024-01-31,original_1m,low_volatility_missing,0.0
2024-01-31,original_1m,large_cap_stability_missing,0.0
2024-01-31,original_1m,short_reversal_missing,0.0
2024-01-31,original_1m,illiquidity_premium_missing,0.0
2024-01-31,original_1m,roe_missing,-0.005360601846520784
2024-01-31,original_1m,roa_missing,-0.005688485589119143
2024-01-31,original_1m,gross_margin_missing,0.0006371712116157748
2024-01-31,original_1m,cash_conversion_missing,-0.00017141568599478855
2024-01-31,original_1m,medium_reversal_3m_missing,0.0
2024-01-31,original_1m,medium_reversal_6m_missing,0.0
2024-01-31,original_1m,return_stability_6m_missing,0.0
2024-01-31,original_1m,return_stability_12m_missing,0.0
2024-01-31,original_1m,downside_stability_12m_missing,0.004875196435228038
2024-01-31,original_1m,low_turnover_missing,0.0
2024-01-31,original_1m,lottery_avoidance_missing,0.0
2024-01-31,original_1m,residual_reversal_missing,0.0
2024-01-31,original_1m,profitability_momentum_missing,-0.00472824907459886
2024-01-31,original_1m,value_composite_missing,0.00018582619503041138
2024-01-31,original_1m,quality_composite_missing,0.01092863502102051
2024-04-30,original_1m,long_term_reversal_12_1,-0.008889738439230086
2024-04-30,original_1m,earnings_yield,0.003744727614435197
2024-04-30,original_1m,book_to_market,-0.0026925918070467405
2024-04-30,original_1m,sales_to_price,0.002151998645647209
2024-04-30,original_1m,low_volatility,0.009301895858038743
2024-04-30,original_1m,large_cap_stability,-0.00055927516097475
2024-04-30,original_1m,short_reversal,0.029802173275236057
2024-04-30,original_1m,illiquidity_premium,0.014410316499404613
2024-04-30,original_1m,roe,0.0040234514208116025
2024-04-30,original_1m,roa,0.009118466183118132
2024-04-30,original_1m,gross_margin,0.012677890339302009
2024-04-30,original_1m,cash_conversion,0.009688212048530183
2024-04-30,original_1m,medium_reversal_3m,0.006906242137369924
2024-04-30,original_1m,medium_reversal_6m,0.0018093115397229988
2024-04-30,original_1m,return_stability_6m,0.0009879156776821166
2024-04-30,original_1m,return_stability_12m,0.009433941513165386
2024-04-30,original_1m,downside_stability_12m,-0.00048786597964434924
2024-04-30,original_1m,low_turnover,0.011422404244867878
2024-04-30,original_1m,lottery_avoidance,-0.00023297569764057894
2024-04-30,original_1m,residual_reversal,-0.019540701050192226
2024-04-30,original_1m,profitability_momentum,0.0012197419847005343
2024-04-30,original_1m,value_composite,0.012740796548450149
2024-04-30,original_1m,quality_composite,-0.015340744837042598
2024-04-30,original_1m,long_term_reversal_12_1_missing,-0.00012748672081588732
2024-04-30,original_1m,earnings_yield_missing,-0.002113789453178878
2024-04-30,original_1m,book_to_market_missing,-0.004076291977235772
2024-04-30,original_1m,sales_to_price_missing,-0.0015338253715861735
2024-04-30,original_1m,low_volatility_missing,0.0
2024-04-30,original_1m,large_cap_stability_missing,0.0
2024-04-30,original_1m,short_reversal_missing,0.0
2024-04-30,original_1m,illiquidity_premium_missing,0.0
2024-04-30,original_1m,roe_missing,-0.0025047706775942857
2024-04-30,original_1m,roa_missing,-0.0072955230169099855
2024-04-30,original_1m,gross_margin_missing,0.0017289273837545766
2024-04-30,original_1m,cash_conversion_missing,-0.0006727325934878561
2024-04-30,original_1m,medium_reversal_3m_missing,0.0
2024-04-30,original_1m,medium_reversal_6m_missing,0.0
2024-04-30,original_1m,return_stability_6m_missing,0.0
2024-04-30,original_1m,return_stability_12m_missing,0.0
2024-04-30,original_1m,downside_stability_12m_missing,0.005074566487855418
2024-04-30,original_1m,low_turnover_missing,0.0
2024-04-30,original_1m,lottery_avoidance_missing,0.0
2024-04-30,original_1m,residual_reversal_missing,0.0
2024-04-30,original_1m,profitability_momentum_missing,-0.004450933792785952
2024-04-30,original_1m,value_composite_missing,0.0009410666110309339
2024-04-30,original_1m,quality_composite_missing,0.007363001332398211
2024-07-31,original_1m,long_term_reversal_12_1,-0.009131473102275918
2024-07-31,original_1m,earnings_yield,0.0055803871103320135
2024-07-31,original_1m,book_to_market,-0.0011053172307844482
2024-07-31,original_1m,sales_to_price,0.0032642994950671475
2024-07-31,original_1m,low_volatility,0.010353221066204295
2024-07-31,original_1m,large_cap_stability,-0.0025105725610451214
2024-07-31,original_1m,short_reversal,0.03104312390771051
2024-07-31,original_1m,illiquidity_premium,0.013214316861192565
2024-07-31,original_1m,roe,-0.0029356368778007897
2024-07-31,original_1m,roa,0.01065208578866791
2024-07-31,original_1m,gross_margin,0.009037844606026113
2024-07-31,original_1m,cash_conversion,0.006864087726190998
2024-07-31,original_1m,medium_reversal_3m,0.004916893757344374
2024-07-31,original_1m,medium_reversal_6m,0.0013067849573492878
2024-07-31,original_1m,return_stability_6m,0.0008938505899813875
2024-07-31,original_1m,return_stability_12m,0.008504338242309674
2024-07-31,original_1m,downside_stability_12m,0.00016252066031550622
2024-07-31,original_1m,low_turnover,0.014480704044224784
2024-07-31,original_1m,lottery_avoidance,-1.8050745228997512e-05
2024-07-31,original_1m,residual_reversal,-0.0207145326611787
2024-07-31,original_1m,profitability_momentum,0.0009182199231145814
2024-07-31,original_1m,value_composite,0.009340671985235364
2024-07-31,original_1m,quality_composite,-0.008442064935600228
2024-07-31,original_1m,long_term_reversal_12_1_missing,-0.0003158139529481188
2024-07-31,original_1m,earnings_yield_missing,-0.005727785718632603
2024-07-31,original_1m,book_to_market_missing,-0.0037138766402702588
2024-07-31,original_1m,sales_to_price_missing,-0.001135359189375022
2024-07-31,original_1m,low_volatility_missing,0.0
2024-07-31,original_1m,large_cap_stability_missing,0.0
2024-07-31,original_1m,short_reversal_missing,0.0
2024-07-31,original_1m,illiquidity_premium_missing,0.0
2024-07-31,original_1m,roe_missing,-0.002353239678406213
2024-07-31,original_1m,roa_missing,-0.00728093352447981
2024-07-31,original_1m,gross_margin_missing,0.0002144475970172322
2024-07-31,original_1m,cash_conversion_missing,-0.0012053951129129292
2024-07-31,original_1m,medium_reversal_3m_missing,0.0
2024-07-31,original_1m,medium_reversal_6m_missing,0.0
2024-07-31,original_1m,return_stability_6m_missing,0.0
2024-07-31,original_1m,return_stability_12m_missing,0.0
2024-07-31,original_1m,downside_stability_12m_missing,0.0046860304154125445
2024-07-31,original_1m,low_turnover_missing,0.0
2024-07-31,original_1m,lottery_avoidance_missing,0.0
2024-07-31,original_1m,residual_reversal_missing,0.0
2024-07-31,original_1m,profitability_momentum_missing,-0.0031079961920115994
2024-07-31,original_1m,value_composite_missing,0.0014867401111105373
2024-07-31,original_1m,quality_composite_missing,0.008197131229691814
2024-10-31,original_1m,long_term_reversal_12_1,-0.008752597430679044
2024-10-31,original_1m,earnings_yield,0.0028029243005593457
2024-10-31,original_1m,book_to_market,-0.0037237506135876955
2024-10-31,original_1m,sales_to_price,0.0004131400234245207
2024-10-31,original_1m,low_volatility,0.010063474611480156
2024-10-31,original_1m,large_cap_stability,0.001530024840050033
2024-10-31,original_1m,short_reversal,0.03464526002353513
2024-10-31,original_1m,illiquidity_premium,0.014626063840458746
2024-10-31,original_1m,roe,-0.002907676459759567
2024-10-31,original_1m,roa,0.009270880241239279
2024-10-31,original_1m,gross_margin,0.008577706134388944
2024-10-31,original_1m,cash_conversion,0.007860115513193973
2024-10-31,original_1m,medium_reversal_3m,0.0050043012049032646
2024-10-31,original_1m,medium_reversal_6m,0.004140435661971322
2024-10-31,original_1m,return_stability_6m,0.0013504297097333487
2024-10-31,original_1m,return_stability_12m,0.009938814513567559
2024-10-31,original_1m,downside_stability_12m,-0.0005406630846486686
2024-10-31,original_1m,low_turnover,0.010176085927838027
2024-10-31,original_1m,lottery_avoidance,-1.079880704551514e-05
2024-10-31,original_1m,residual_reversal,-0.025142420713871808
2024-10-31,original_1m,profitability_momentum,0.0010502784231918487
2024-10-31,original_1m,value_composite,0.01662650962775636
2024-10-31,original_1m,quality_composite,-0.006609318458663337
2024-10-31,original_1m,long_term_reversal_12_1_missing,0.0004349507751558676
2024-10-31,original_1m,earnings_yield_missing,-0.0030373631266253807
2024-10-31,original_1m,book_to_market_missing,-0.002854969553718918
2024-10-31,original_1m,sales_to_price_missing,-0.001260618888127918
2024-10-31,original_1m,low_volatility_missing,0.0
2024-10-31,original_1m,large_cap_stability_missing,0.0
2024-10-31,original_1m,short_reversal_missing,0.0
2024-10-31,original_1m,illiquidity_premium_missing,0.0
2024-10-31,original_1m,roe_missing,-0.0032497001450554164
2024-10-31,original_1m,roa_missing,-0.007624748519846538
2024-10-31,original_1m,gross_margin_missing,0.0017207608613010205
2024-10-31,original_1m,cash_conversion_missing,0.00028037939634676106
2024-10-31,original_1m,medium_reversal_3m_missing,0.0
2024-10-31,original_1m,medium_reversal_6m_missing,0.0
2024-10-31,original_1m,return_stability_6m_missing,0.0
2024-10-31,original_1m,return_stability_12m_missing,0.0
2024-10-31,original_1m,downside_stability_12m_missing,0.005758853549073976
2024-10-31,original_1m,low_turnover_missing,0.0
2024-10-31,original_1m,lottery_avoidance_missing,0.0
2024-10-31,original_1m,residual_reversal_missing,0.0
2024-10-31,original_1m,profitability_momentum_missing,-0.003254925423632543
2024-10-31,original_1m,value_composite_missing,0.0013330128417334787
2024-10-31,original_1m,quality_composite_missing,0.008012660602770977
2025-01-31,original_1m,long_term_reversal_12_1,-0.007851277282126146
2025-01-31,original_1m,earnings_yield,0.0026425809956109195
2025-01-31,original_1m,book_to_market,-0.00493046782304006
2025-01-31,original_1m,sales_to_price,-0.0005820985512119325
2025-01-31,original_1m,low_volatility,0.01138042893026671
2025-01-31,original_1m,large_cap_stability,-0.0037338412240364963
2025-01-31,original_1m,short_reversal,0.029190276079140084
2025-01-31,original_1m,illiquidity_premium,0.011693126144077033
2025-01-31,original_1m,roe,-0.005227953133450536
2025-01-31,original_1m,roa,0.003275341653883944
2025-01-31,original_1m,gross_margin,0.005974032080803326
2025-01-31,original_1m,cash_conversion,0.005256915242941569
2025-01-31,original_1m,medium_reversal_3m,0.0029726753543854938
2025-01-31,original_1m,medium_reversal_6m,0.008052152454697845
2025-01-31,original_1m,return_stability_6m,0.0017411480181814096
2025-01-31,original_1m,return_stability_12m,0.008957928520782222
2025-01-31,original_1m,downside_stability_12m,-0.0003585769904578336
2025-01-31,original_1m,low_turnover,0.010718072334508345
2025-01-31,original_1m,lottery_avoidance,-0.0021428119548168954
2025-01-31,original_1m,residual_reversal,-0.01829961452093773
2025-01-31,original_1m,profitability_momentum,0.0022540514557693615
2025-01-31,original_1m,value_composite,0.01640740345623191
2025-01-31,original_1m,quality_composite,5.06008074632203e-05
2025-01-31,original_1m,long_term_reversal_12_1_missing,-0.0014436899595602088
2025-01-31,original_1m,earnings_yield_missing,-0.004061495065443878
2025-01-31,original_1m,book_to_market_missing,-0.002761455073058892
2025-01-31,original_1m,sales_to_price_missing,-0.0005599701707950788
2025-01-31,original_1m,low_volatility_missing,0.0
2025-01-31,original_1m,large_cap_stability_missing,0.0
2025-01-31,original_1m,short_reversal_missing,0.0
2025-01-31,original_1m,illiquidity_premium_missing,0.0
2025-01-31,original_1m,roe_missing,-0.0030185780819175717
2025-01-31,original_1m,roa_missing,-0.007412032907214734
2025-01-31,original_1m,gross_margin_missing,0.0025195699301316286
2025-01-31,original_1m,cash_conversion_missing,-0.0006385080801121943
2025-01-31,original_1m,medium_reversal_3m_missing,0.0
2025-01-31,original_1m,medium_reversal_6m_missing,0.0
2025-01-31,original_1m,return_stability_6m_missing,0.0
2025-01-31,original_1m,return_stability_12m_missing,0.0
2025-01-31,original_1m,downside_stability_12m_missing,0.0037130704241797245
2025-01-31,original_1m,low_turnover_missing,0.0
2025-01-31,original_1m,lottery_avoidance_missing,0.0
2025-01-31,original_1m,residual_reversal_missing,0.0
2025-01-31,original_1m,profitability_momentum_missing,-0.0039836330458172505
2025-01-31,original_1m,value_composite_missing,0.0008735198859769263
2025-01-31,original_1m,quality_composite_missing,0.007370766569203298
2025-04-30,original_1m,long_term_reversal_12_1,-0.0070807266630374
2025-04-30,original_1m,earnings_yield,0.002886675430777523
2025-04-30,original_1m,book_to_market,-0.001736388167687706
2025-04-30,original_1m,sales_to_price,0.0027244115571113626
2025-04-30,original_1m,low_volatility,0.009922563267761312
2025-04-30,original_1m,large_cap_stability,-0.004809915298138761
2025-04-30,original_1m,short_reversal,0.027507099582245363
2025-04-30,original_1m,illiquidity_premium,0.012370461644390918
2025-04-30,original_1m,roe,-0.007366933620943416
2025-04-30,original_1m,roa,0.007696310532803236
2025-04-30,original_1m,gross_margin,0.005978750722125189
2025-04-30,original_1m,cash_conversion,0.006135591270680172
2025-04-30,original_1m,medium_reversal_3m,0.004067193289569851
2025-04-30,original_1m,medium_reversal_6m,0.006848671553615987
2025-04-30,original_1m,return_stability_6m,0.0009299608096278007
2025-04-30,original_1m,return_stability_12m,0.008525042681798682
2025-04-30,original_1m,downside_stability_12m,-0.0001551020838371096
2025-04-30,original_1m,low_turnover,0.01144174980362762
2025-04-30,original_1m,lottery_avoidance,-0.002427833630796898
2025-04-30,original_1m,residual_reversal,-0.015706664833977035
2025-04-30,original_1m,profitability_momentum,0.002093681801187442
2025-04-30,original_1m,value_composite,0.011401340128543483
2025-04-30,original_1m,quality_composite,-0.0010348798051724784
2025-04-30,original_1m,long_term_reversal_12_1_missing,0.00032929188510746513
2025-04-30,original_1m,earnings_yield_missing,-0.0037308025646152947
2025-04-30,original_1m,book_to_market_missing,-0.0032319890725006355
2025-04-30,original_1m,sales_to_price_missing,-0.0009160827082876168
2025-04-30,original_1m,low_volatility_missing,0.0
2025-04-30,original_1m,large_cap_stability_missing,0.0
2025-04-30,original_1m,short_reversal_missing,0.0
2025-04-30,original_1m,illiquidity_premium_missing,0.0
2025-04-30,original_1m,roe_missing,-0.002334047261662416
2025-04-30,original_1m,roa_missing,-0.0020085863103748007
2025-04-30,original_1m,gross_margin_missing,0.0005117444811905516
2025-04-30,original_1m,cash_conversion_missing,-0.0013900510792622424
2025-04-30,original_1m,medium_reversal_3m_missing,0.0
2025-04-30,original_1m,medium_reversal_6m_missing,0.0
2025-04-30,original_1m,return_stability_6m_missing,0.0
2025-04-30,original_1m,return_stability_12m_missing,0.0
2025-04-30,original_1m,downside_stability_12m_missing,0.004098230067877705
2025-04-30,original_1m,low_turnover_missing,0.0
2025-04-30,original_1m,lottery_avoidance_missing,0.0
2025-04-30,original_1m,residual_reversal_missing,0.0
2025-04-30,original_1m,profitability_momentum_missing,-0.0057060305510159585
2025-04-30,original_1m,value_composite_missing,8.132641534923863e-05
2025-04-30,original_1m,quality_composite_missing,0.0019173966882362794
2025-07-31,original_1m,long_term_reversal_12_1,-0.007918468336773513
2025-07-31,original_1m,earnings_yield,0.005507621540764091
2025-07-31,original_1m,book_to_market,-0.0020184540539413347
2025-07-31,original_1m,sales_to_price,0.004310924729555824
2025-07-31,original_1m,low_volatility,0.008392912635011
2025-07-31,original_1m,large_cap_stability,-0.0034736084312493943
2025-07-31,original_1m,short_reversal,0.02669723659249464
2025-07-31,original_1m,illiquidity_premium,0.014822199867578217
2025-07-31,original_1m,roe,-0.008055894714270227
2025-07-31,original_1m,roa,0.003873538619272331
2025-07-31,original_1m,gross_margin,0.0069782127175876466
2025-07-31,original_1m,cash_conversion,0.004682886811461215
2025-07-31,original_1m,medium_reversal_3m,0.003277970982679492
2025-07-31,original_1m,medium_reversal_6m,0.008451293635092354
2025-07-31,original_1m,return_stability_6m,0.0023009869386165943
2025-07-31,original_1m,return_stability_12m,0.009476185844336087
2025-07-31,original_1m,downside_stability_12m,-0.001995715851382997
2025-07-31,original_1m,low_turnover,0.008985907640264005
2025-07-31,original_1m,lottery_avoidance,-0.0005001224355276724
2025-07-31,original_1m,residual_reversal,-0.015439623031530578
2025-07-31,original_1m,profitability_momentum,0.005332738856996092
2025-07-31,original_1m,value_composite,0.007398942714097177
2025-07-31,original_1m,quality_composite,-0.00043995051953324546
2025-07-31,original_1m,long_term_reversal_12_1_missing,0.00014103402033703225
2025-07-31,original_1m,earnings_yield_missing,-0.004584975438741271
2025-07-31,original_1m,book_to_market_missing,-0.0026855202776671617
2025-07-31,original_1m,sales_to_price_missing,2.3100781365000875e-05
2025-07-31,original_1m,low_volatility_missing,0.0
2025-07-31,original_1m,large_cap_stability_missing,0.0
2025-07-31,original_1m,short_reversal_missing,0.0
2025-07-31,original_1m,illiquidity_premium_missing,0.0
2025-07-31,original_1m,roe_missing,-0.00127042366816274
2025-07-31,original_1m,roa_missing,-0.003005815243857813
2025-07-31,original_1m,gross_margin_missing,0.0014348018276239
2025-07-31,original_1m,cash_conversion_missing,-0.0007307800607094133
2025-07-31,original_1m,medium_reversal_3m_missing,0.0
2025-07-31,original_1m,medium_reversal_6m_missing,0.0
2025-07-31,original_1m,return_stability_6m_missing,0.0
2025-07-31,original_1m,return_stability_12m_missing,0.0
2025-07-31,original_1m,downside_stability_12m_missing,0.0031828017011936013
2025-07-31,original_1m,low_turnover_missing,0.0
2025-07-31,original_1m,lottery_avoidance_missing,0.0
2025-07-31,original_1m,residual_reversal_missing,0.0
2025-07-31,original_1m,profitability_momentum_missing,-0.005945877027840717
2025-07-31,original_1m,value_composite_missing,0.0007696829944121843
2025-07-31,original_1m,quality_composite_missing,0.0003197817810193289
2025-10-31,original_1m,long_term_reversal_12_1,-0.008380120622923664
2025-10-31,original_1m,earnings_yield,0.0006382058198796908
2025-10-31,original_1m,book_to_market,-0.005993292936676469
2025-10-31,original_1m,sales_to_price,-0.004776709331421879
2025-10-31,original_1m,low_volatility,0.00840800719386605
2025-10-31,original_1m,large_cap_stability,-0.004674817649691992
2025-10-31,original_1m,short_reversal,0.028408343079160896
2025-10-31,original_1m,illiquidity_premium,0.01168950139301566
2025-10-31,original_1m,roe,-0.00482498114057986
2025-10-31,original_1m,roa,0.0026088624776567006
2025-10-31,original_1m,gross_margin,0.008636254861109199
2025-10-31,original_1m,cash_conversion,0.005944517644708873
2025-10-31,original_1m,medium_reversal_3m,0.004037191201400066
2025-10-31,original_1m,medium_reversal_6m,0.008460487950544882
2025-10-31,original_1m,return_stability_6m,0.0024146596392423374
2025-10-31,original_1m,return_stability_12m,0.007381967481598941
2025-10-31,original_1m,downside_stability_12m,-0.00150492435256315
2025-10-31,original_1m,low_turnover,0.011995707101363516
2025-10-31,original_1m,lottery_avoidance,-0.002739922529417206
2025-10-31,original_1m,residual_reversal,-0.017650019499299934
2025-10-31,original_1m,profitability_momentum,0.003946012452740692
2025-10-31,original_1m,value_composite,0.022727601457986347
2025-10-31,original_1m,quality_composite,-0.0043477500907132
2025-10-31,original_1m,long_term_reversal_12_1_missing,-0.00027902787319350757
2025-10-31,original_1m,earnings_yield_missing,-0.00552004233339708
2025-10-31,original_1m,book_to_market_missing,-0.0015817464189273967
2025-10-31,original_1m,sales_to_price_missing,-0.0005271683420637734
2025-10-31,original_1m,low_volatility_missing,0.0
2025-10-31,original_1m,large_cap_stability_missing,0.0
2025-10-31,original_1m,short_reversal_missing,0.0
2025-10-31,original_1m,illiquidity_premium_missing,0.0
2025-10-31,original_1m,roe_missing,-0.0021619023050473587
2025-10-31,original_1m,roa_missing,-0.005989267159662277
2025-10-31,original_1m,gross_margin_missing,0.001513932537293548
2025-10-31,original_1m,cash_conversion_missing,-0.00025125168504009374
2025-10-31,original_1m,medium_reversal_3m_missing,0.0
2025-10-31,original_1m,medium_reversal_6m_missing,0.0
2025-10-31,original_1m,return_stability_6m_missing,0.0
2025-10-31,original_1m,return_stability_12m_missing,0.0
2025-10-31,original_1m,downside_stability_12m_missing,0.0037532460128794575
2025-10-31,original_1m,low_turnover_missing,0.0
2025-10-31,original_1m,lottery_avoidance_missing,0.0
2025-10-31,original_1m,residual_reversal_missing,0.0
2025-10-31,original_1m,profitability_momentum_missing,-0.002830331954303555
2025-10-31,original_1m,value_composite_missing,-0.0006906867169205938
2025-10-31,original_1m,quality_composite_missing,0.00326686222873663
2018-01-31,residual_1m,long_term_reversal_12_1,-0.0025653678802284056
2018-01-31,residual_1m,earnings_yield,0.011461124069247982
2018-01-31,residual_1m,book_to_market,0.0053393711306641755
2018-01-31,residual_1m,sales_to_price,0.00391881785704246
2018-01-31,residual_1m,low_volatility,0.0049876713632040605
2018-01-31,residual_1m,large_cap_stability,0.0014581016584485525
2018-01-31,residual_1m,short_reversal,0.02218349118770212
2018-01-31,residual_1m,illiquidity_premium,-0.03293024977389918
2018-01-31,residual_1m,roe,0.008822662542959384
2018-01-31,residual_1m,roa,0.0017928487023236785
2018-01-31,residual_1m,gross_margin,0.00991532894239488
2018-01-31,residual_1m,cash_conversion,0.006236799716616982
2018-01-31,residual_1m,medium_reversal_3m,0.004417400295489055
2018-01-31,residual_1m,medium_reversal_6m,0.0017824406612204347
2018-01-31,residual_1m,return_stability_6m,-0.0028799245802666553
2018-01-31,residual_1m,return_stability_12m,0.002172644436900814
2018-01-31,residual_1m,downside_stability_12m,-0.001888485518234747
2018-01-31,residual_1m,low_turnover,-0.0362042519367386
2018-01-31,residual_1m,lottery_avoidance,0.010587132615951457
2018-01-31,residual_1m,residual_reversal,-0.010943414896670299
2018-01-31,residual_1m,profitability_momentum,0.007381197738696589
2018-01-31,residual_1m,value_composite,0.00631969528328922
2018-01-31,residual_1m,quality_composite,-0.01382970071912005
2018-01-31,residual_1m,long_term_reversal_12_1_missing,0.0008374433105604607
2018-01-31,residual_1m,earnings_yield_missing,-0.004779680936531162
2018-01-31,residual_1m,book_to_market_missing,0.00011147484762691647
2018-01-31,residual_1m,sales_to_price_missing,-0.0008029345560013448
2018-01-31,residual_1m,low_volatility_missing,0.0
2018-01-31,residual_1m,large_cap_stability_missing,0.0
2018-01-31,residual_1m,short_reversal_missing,0.0
2018-01-31,residual_1m,illiquidity_premium_missing,0.0
2018-01-31,residual_1m,roe_missing,-0.0002866472268306287
2018-01-31,residual_1m,roa_missing,-0.008478840521427864
2018-01-31,residual_1m,gross_margin_missing,0.004976222790885686
2018-01-31,residual_1m,cash_conversion_missing,0.0015862453397227957
2018-01-31,residual_1m,medium_reversal_3m_missing,0.0
2018-01-31,residual_1m,medium_reversal_6m_missing,0.0
2018-01-31,residual_1m,return_stability_6m_missing,0.0
2018-01-31,residual_1m,return_stability_12m_missing,0.0
2018-01-31,residual_1m,downside_stability_12m_missing,-0.002060202866534559
2018-01-31,residual_1m,low_turnover_missing,0.0
2018-01-31,residual_1m,lottery_avoidance_missing,0.0
2018-01-31,residual_1m,residual_reversal_missing,0.0
2018-01-31,residual_1m,profitability_momentum_missing,-0.0035905569828638493
2018-01-31,residual_1m,value_composite_missing,-0.0012881272655556174
2018-01-31,residual_1m,quality_composite_missing,0.004732431336098447
2018-04-30,residual_1m,long_term_reversal_12_1,-0.0021078853756979965
2018-04-30,residual_1m,earnings_yield,0.010499291295022535
2018-04-30,residual_1m,book_to_market,0.0032270673870460893
2018-04-30,residual_1m,sales_to_price,0.0027034324971791364
2018-04-30,residual_1m,low_volatility,0.005547675735290272
2018-04-30,residual_1m,large_cap_stability,0.0009130386301058852
2018-04-30,residual_1m,short_reversal,0.023957998717964103
2018-04-30,residual_1m,illiquidity_premium,-0.031662923784418595
2018-04-30,residual_1m,roe,0.009245709935816741
2018-04-30,residual_1m,roa,0.0029377869389274705
2018-04-30,residual_1m,gross_margin,0.010490241461974532
2018-04-30,residual_1m,cash_conversion,0.006107151134650107
2018-04-30,residual_1m,medium_reversal_3m,0.004873003383709191
2018-04-30,residual_1m,medium_reversal_6m,0.0012899517914255814
2018-04-30,residual_1m,return_stability_6m,-0.0028510034803950076
2018-04-30,residual_1m,return_stability_12m,0.0026335260195866567
2018-04-30,residual_1m,downside_stability_12m,-0.002156715930777293
2018-04-30,residual_1m,low_turnover,-0.03342356316413662
2018-04-30,residual_1m,lottery_avoidance,0.00928788989675021
2018-04-30,residual_1m,residual_reversal,-0.01161748620346494
2018-04-30,residual_1m,profitability_momentum,0.0063308984049448925
2018-04-30,residual_1m,value_composite,0.00787320818524599
2018-04-30,residual_1m,quality_composite,-0.014056748989916669
2018-04-30,residual_1m,long_term_reversal_12_1_missing,0.0006889205021723626
2018-04-30,residual_1m,earnings_yield_missing,-0.004698720066585748
2018-04-30,residual_1m,book_to_market_missing,-0.0007535260375886325
2018-04-30,residual_1m,sales_to_price_missing,-0.0002093945453195717
2018-04-30,residual_1m,low_volatility_missing,0.0
2018-04-30,residual_1m,large_cap_stability_missing,0.0
2018-04-30,residual_1m,short_reversal_missing,0.0
2018-04-30,residual_1m,illiquidity_premium_missing,0.0
2018-04-30,residual_1m,roe_missing,-0.0008555517110212787
2018-04-30,residual_1m,roa_missing,-0.007701141423762465
2018-04-30,residual_1m,gross_margin_missing,0.004537180688544445
2018-04-30,residual_1m,cash_conversion_missing,0.002127606521191587
2018-04-30,residual_1m,medium_reversal_3m_missing,0.0
2018-04-30,residual_1m,medium_reversal_6m_missing,0.0
2018-04-30,residual_1m,return_stability_6m_missing,0.0
2018-04-30,residual_1m,return_stability_12m_missing,0.0
2018-04-30,residual_1m,downside_stability_12m_missing,-0.0012968665953963835
2018-04-30,residual_1m,low_turnover_missing,0.0
2018-04-30,residual_1m,lottery_avoidance_missing,0.0
2018-04-30,residual_1m,residual_reversal_missing,0.0
2018-04-30,residual_1m,profitability_momentum_missing,-0.0031058840189632517
2018-04-30,residual_1m,value_composite_missing,-0.0009014191263176201
2018-04-30,residual_1m,quality_composite_missing,0.00527015012697154
2018-07-31,residual_1m,long_term_reversal_12_1,-0.003924054895143435
2018-07-31,residual_1m,earnings_yield,0.009701892887023137
2018-07-31,residual_1m,book_to_market,0.0035090075233796783
2018-07-31,residual_1m,sales_to_price,0.003916824436100277
2018-07-31,residual_1m,low_volatility,0.008052410003778437
2018-07-31,residual_1m,large_cap_stability,-0.0014042070408276026
2018-07-31,residual_1m,short_reversal,0.023618058282715168
2018-07-31,residual_1m,illiquidity_premium,-0.030803385475989924
2018-07-31,residual_1m,roe,0.013000350714521868
2018-07-31,residual_1m,roa,0.0074781765391125085
2018-07-31,residual_1m,gross_margin,0.013366724883994834
2018-07-31,residual_1m,cash_conversion,0.008314145624810528
2018-07-31,residual_1m,medium_reversal_3m,0.0045102470004093525
2018-07-31,residual_1m,medium_reversal_6m,-0.000668673370789548
2018-07-31,residual_1m,return_stability_6m,-0.0026362650863126663
2018-07-31,residual_1m,return_stability_12m,0.002766109492848257
2018-07-31,residual_1m,downside_stability_12m,-0.0009502612888677783
2018-07-31,residual_1m,low_turnover,-0.031165749207490306
2018-07-31,residual_1m,lottery_avoidance,0.009293582572179835
2018-07-31,residual_1m,residual_reversal,-0.012519119329167912
2018-07-31,residual_1m,profitability_momentum,0.005772794405870943
2018-07-31,residual_1m,value_composite,0.00562429543072874
2018-07-31,residual_1m,quality_composite,-0.02104019871691753
2018-07-31,residual_1m,long_term_reversal_12_1_missing,-0.0002447351646095052
2018-07-31,residual_1m,earnings_yield_missing,-0.0040301101904879075
2018-07-31,residual_1m,book_to_market_missing,-0.0009427727229709325
2018-07-31,residual_1m,sales_to_price_missing,-0.0011124251787814246
2018-07-31,residual_1m,low_volatility_missing,0.0
2018-07-31,residual_1m,large_cap_stability_missing,0.0
2018-07-31,residual_1m,short_reversal_missing,0.0
2018-07-31,residual_1m,illiquidity_premium_missing,0.0
2018-07-31,residual_1m,roe_missing,-0.0005686847166770523
2018-07-31,residual_1m,roa_missing,-0.00970800284492623
2018-07-31,residual_1m,gross_margin_missing,0.005130521617219587
2018-07-31,residual_1m,cash_conversion_missing,0.0014347992625353893
2018-07-31,residual_1m,medium_reversal_3m_missing,0.0
2018-07-31,residual_1m,medium_reversal_6m_missing,0.0
2018-07-31,residual_1m,return_stability_6m_missing,0.0
2018-07-31,residual_1m,return_stability_12m_missing,0.0
2018-07-31,residual_1m,downside_stability_12m_missing,-0.0010123322997960104
2018-07-31,residual_1m,low_turnover_missing,0.0
2018-07-31,residual_1m,lottery_avoidance_missing,0.0
2018-07-31,residual_1m,residual_reversal_missing,0.0
2018-07-31,residual_1m,profitability_momentum_missing,-0.0007222851342181022
2018-07-31,residual_1m,value_composite_missing,-0.0006551983606991772
2018-07-31,residual_1m,quality_composite_missing,0.007633112956923961
2018-10-31,residual_1m,long_term_reversal_12_1,-0.0024163591277141508
2018-10-31,residual_1m,earnings_yield,0.009281762674914125
2018-10-31,residual_1m,book_to_market,0.003937616180433879
2018-10-31,residual_1m,sales_to_price,0.002920620154629415
2018-10-31,residual_1m,low_volatility,0.008203695713253939
2018-10-31,residual_1m,large_cap_stability,-0.00047917318232821015
2018-10-31,residual_1m,short_reversal,0.02219472945480885
2018-10-31,residual_1m,illiquidity_premium,-0.028663437588393636
2018-10-31,residual_1m,roe,0.010508251079588488
2018-10-31,residual_1m,roa,0.0059299232958828895
2018-10-31,residual_1m,gross_margin,0.011356031577840237
2018-10-31,residual_1m,cash_conversion,0.007682917318572854
2018-10-31,residual_1m,medium_reversal_3m,0.004551881342022854
2018-10-31,residual_1m,medium_reversal_6m,0.00030192417343897284
2018-10-31,residual_1m,return_stability_6m,-0.0041675931642780354
2018-10-31,residual_1m,return_stability_12m,0.0038027011726176453
2018-10-31,residual_1m,downside_stability_12m,-0.0008005690866505139
2018-10-31,residual_1m,low_turnover,-0.030403112520252018
2018-10-31,residual_1m,lottery_avoidance,0.009197982134965357
2018-10-31,residual_1m,residual_reversal,-0.012169962044524094
2018-10-31,residual_1m,profitability_momentum,0.005616753133979017
2018-10-31,residual_1m,value_composite,0.007337757415452481
2018-10-31,residual_1m,quality_composite,-0.018496854546816505
2018-10-31,residual_1m,long_term_reversal_12_1_missing,-7.185665774719422e-05
2018-10-31,residual_1m,earnings_yield_missing,-0.0040818835374477995
2018-10-31,residual_1m,book_to_market_missing,-0.0007223308159534161
2018-10-31,residual_1m,sales_to_price_missing,-0.00043972073225690317
2018-10-31,residual_1m,low_volatility_missing,0.0
2018-10-31,residual_1m,large_cap_stability_missing,0.0
2018-10-31,residual_1m,short_reversal_missing,0.0
2018-10-31,residual_1m,illiquidity_premium_missing,0.0
2018-10-31,residual_1m,roe_missing,-9.015680326805412e-05
2018-10-31,residual_1m,roa_missing,-0.010717832043305921
2018-10-31,residual_1m,gross_margin_missing,0.004829356320807873
2018-10-31,residual_1m,cash_conversion_missing,0.0008584118903343164
2018-10-31,residual_1m,medium_reversal_3m_missing,0.0
2018-10-31,residual_1m,medium_reversal_6m_missing,0.0
2018-10-31,residual_1m,return_stability_6m_missing,0.0
2018-10-31,residual_1m,return_stability_12m_missing,0.0
2018-10-31,residual_1m,downside_stability_12m_missing,0.0006911906418777735
2018-10-31,residual_1m,low_turnover_missing,0.0
2018-10-31,residual_1m,lottery_avoidance_missing,0.0
2018-10-31,residual_1m,residual_reversal_missing,0.0
2018-10-31,residual_1m,profitability_momentum_missing,-0.001893655781351115
2018-10-31,residual_1m,value_composite_missing,-0.0008791783117528785
2018-10-31,residual_1m,quality_composite_missing,0.007158407140392069
2019-01-31,residual_1m,long_term_reversal_12_1,-0.0022475650450357247
2019-01-31,residual_1m,earnings_yield,0.00923032945727978
2019-01-31,residual_1m,book_to_market,0.004002321050781612
2019-01-31,residual_1m,sales_to_price,0.003060695550551651
2019-01-31,residual_1m,low_volatility,0.008037990804396836
2019-01-31,residual_1m,large_cap_stability,-0.0007379775171680769
2019-01-31,residual_1m,short_reversal,0.025052124630868946
2019-01-31,residual_1m,illiquidity_premium,-0.027126995762953642
2019-01-31,residual_1m,roe,0.008677704508221548
2019-01-31,residual_1m,roa,0.004709266533157468
2019-01-31,residual_1m,gross_margin,0.009190738080941962
2019-01-31,residual_1m,cash_conversion,0.006743598278246828
2019-01-31,residual_1m,medium_reversal_3m,0.0029442335761497135
2019-01-31,residual_1m,medium_reversal_6m,0.00015920940155298688
2019-01-31,residual_1m,return_stability_6m,-0.0031534752302573156
2019-01-31,residual_1m,return_stability_12m,0.0041764848181149285
2019-01-31,residual_1m,downside_stability_12m,-0.00028431280602974213
2019-01-31,residual_1m,low_turnover,-0.028157949930328854
2019-01-31,residual_1m,lottery_avoidance,0.00847971794919067
2019-01-31,residual_1m,residual_reversal,-0.013107948012557881
2019-01-31,residual_1m,profitability_momentum,0.0045894523000166
2019-01-31,residual_1m,value_composite,0.005678746837034391
2019-01-31,residual_1m,quality_composite,-0.014832699395369296
2019-01-31,residual_1m,long_term_reversal_12_1_missing,0.00019218991679231524
2019-01-31,residual_1m,earnings_yield_missing,-0.0037906344638555726
2019-01-31,residual_1m,book_to_market_missing,-0.00045577464898278883
2019-01-31,residual_1m,sales_to_price_missing,1.4594517394548425e-05
2019-01-31,residual_1m,low_volatility_missing,0.0
2019-01-31,residual_1m,large_cap_stability_missing,0.0
2019-01-31,residual_1m,short_reversal_missing,0.0
2019-01-31,residual_1m,illiquidity_premium_missing,0.0
2019-01-31,residual_1m,roe_missing,-0.0013265106191463418
2019-01-31,residual_1m,roa_missing,-0.010405076663229762
2019-01-31,residual_1m,gross_margin_missing,0.004879536836221294
2019-01-31,residual_1m,cash_conversion_missing,-0.0002769018205801645
2019-01-31,residual_1m,medium_reversal_3m_missing,0.0
2019-01-31,residual_1m,medium_reversal_6m_missing,0.0
2019-01-31,residual_1m,return_stability_6m_missing,0.0
2019-01-31,residual_1m,return_stability_12m_missing,0.0
2019-01-31,residual_1m,downside_stability_12m_missing,0.001279973904635451
2019-01-31,residual_1m,low_turnover_missing,0.0
2019-01-31,residual_1m,lottery_avoidance_missing,0.0
2019-01-31,residual_1m,residual_reversal_missing,0.0
2019-01-31,residual_1m,profitability_momentum_missing,-0.0019865584171132
2019-01-31,residual_1m,value_composite_missing,-0.0009800473935102682
2019-01-31,residual_1m,quality_composite_missing,0.007952437199829205
2019-04-30,residual_1m,long_term_reversal_12_1,-0.0006606504073730237
2019-04-30,residual_1m,earnings_yield,0.007710160876901213
2019-04-30,residual_1m,book_to_market,0.005328231854077176
2019-04-30,residual_1m,sales_to_price,0.003822498508343335
2019-04-30,residual_1m,low_volatility,0.008291703450658093
2019-04-30,residual_1m,large_cap_stability,0.0024027501626521296
2019-04-30,residual_1m,short_reversal,0.025428052420611705
2019-04-30,residual_1m,illiquidity_premium,-0.023539207139144144
2019-04-30,residual_1m,roe,0.010056806856508511
2019-04-30,residual_1m,roa,0.004384452825993085
2019-04-30,residual_1m,gross_margin,0.010120066130264498
2019-04-30,residual_1m,cash_conversion,0.006721656032475478
2019-04-30,residual_1m,medium_reversal_3m,0.0035291331766225268
2019-04-30,residual_1m,medium_reversal_6m,0.0005563447715139242
2019-04-30,residual_1m,return_stability_6m,-0.002691097020005377
2019-04-30,residual_1m,return_stability_12m,0.0037545768684773785
2019-04-30,residual_1m,downside_stability_12m,0.00042985461209087177
2019-04-30,residual_1m,low_turnover,-0.029044014697619833
2019-04-30,residual_1m,lottery_avoidance,0.00690029202213907
2019-04-30,residual_1m,residual_reversal,-0.011834259892774432
2019-04-30,residual_1m,profitability_momentum,0.004714674416694744
2019-04-30,residual_1m,value_composite,0.0048401699915831585
2019-04-30,residual_1m,quality_composite,-0.015854463736697
2019-04-30,residual_1m,long_term_reversal_12_1_missing,0.000947231336682734
2019-04-30,residual_1m,earnings_yield_missing,-0.0030348532856261166
2019-04-30,residual_1m,book_to_market_missing,-0.001100606724819648
2019-04-30,residual_1m,sales_to_price_missing,0.0002210062822340561
2019-04-30,residual_1m,low_volatility_missing,0.0
2019-04-30,residual_1m,large_cap_stability_missing,0.0
2019-04-30,residual_1m,short_reversal_missing,0.0
2019-04-30,residual_1m,illiquidity_premium_missing,0.0
2019-04-30,residual_1m,roe_missing,-0.00042307922698646774
2019-04-30,residual_1m,roa_missing,-0.01012764245723987
2019-04-30,residual_1m,gross_margin_missing,0.004564822758376298
2019-04-30,residual_1m,cash_conversion_missing,-0.000785771297040645
2019-04-30,residual_1m,medium_reversal_3m_missing,0.0
2019-04-30,residual_1m,medium_reversal_6m_missing,0.0
2019-04-30,residual_1m,return_stability_6m_missing,0.0
2019-04-30,residual_1m,return_stability_12m_missing,0.0
2019-04-30,residual_1m,downside_stability_12m_missing,0.0024078121756502487
2019-04-30,residual_1m,low_turnover_missing,0.0
2019-04-30,residual_1m,lottery_avoidance_missing,0.0
2019-04-30,residual_1m,residual_reversal_missing,0.0
2019-04-30,residual_1m,profitability_momentum_missing,-0.003216709775847848
2019-04-30,residual_1m,value_composite_missing,-0.0007097638034465554
2019-04-30,residual_1m,quality_composite_missing,0.006151608243196929
2019-07-31,residual_1m,long_term_reversal_12_1,-0.0014186059139772755
2019-07-31,residual_1m,earnings_yield,0.007074769561595317
2019-07-31,residual_1m,book_to_market,0.005270221938491705
2019-07-31,residual_1m,sales_to_price,0.004342516436066214
2019-07-31,residual_1m,low_volatility,0.00794860178412423
2019-07-31,residual_1m,large_cap_stability,0.0007828159347552544
2019-07-31,residual_1m,short_reversal,0.02766055083488246
2019-07-31,residual_1m,illiquidity_premium,-0.023226590850237035
2019-07-31,residual_1m,roe,0.010352581072095935
2019-07-31,residual_1m,roa,0.0050191425917823764
2019-07-31,residual_1m,gross_margin,0.010426316129981393
2019-07-31,residual_1m,cash_conversion,0.007036511453224911
2019-07-31,residual_1m,medium_reversal_3m,0.0027070787200984357
2019-07-31,residual_1m,medium_reversal_6m,-0.0003507648295469138
2019-07-31,residual_1m,return_stability_6m,-0.0022539720161099666
2019-07-31,residual_1m,return_stability_12m,0.004166610314650621
2019-07-31,residual_1m,downside_stability_12m,7.723897545923415e-05
2019-07-31,residual_1m,low_turnover,-0.026346965127511654
2019-07-31,residual_1m,lottery_avoidance,0.006084823269430264
2019-07-31,residual_1m,residual_reversal,-0.012314395917715463
2019-07-31,residual_1m,profitability_momentum,0.005098078199680765
2019-07-31,residual_1m,value_composite,0.003947038144150952
2019-07-31,residual_1m,quality_composite,-0.016466852757347588
2019-07-31,residual_1m,long_term_reversal_12_1_missing,0.0010870254540832193
2019-07-31,residual_1m,earnings_yield_missing,-0.0026841626765292015
2019-07-31,residual_1m,book_to_market_missing,-0.0016445837142588598
2019-07-31,residual_1m,sales_to_price_missing,3.187094533741592e-05
2019-07-31,residual_1m,low_volatility_missing,0.0
2019-07-31,residual_1m,large_cap_stability_missing,0.0
2019-07-31,residual_1m,short_reversal_missing,0.0
2019-07-31,residual_1m,illiquidity_premium_missing,0.0
2019-07-31,residual_1m,roe_missing,-0.0012222860746671372
2019-07-31,residual_1m,roa_missing,-0.007865830386762808
2019-07-31,residual_1m,gross_margin_missing,0.004366492652520873
2019-07-31,residual_1m,cash_conversion_missing,-0.000769797599037909
2019-07-31,residual_1m,medium_reversal_3m_missing,0.0
2019-07-31,residual_1m,medium_reversal_6m_missing,0.0
2019-07-31,residual_1m,return_stability_6m_missing,0.0
2019-07-31,residual_1m,return_stability_12m_missing,0.0
2019-07-31,residual_1m,downside_stability_12m_missing,0.002474547283529553
2019-07-31,residual_1m,low_turnover_missing,0.0
2019-07-31,residual_1m,lottery_avoidance_missing,0.0
2019-07-31,residual_1m,residual_reversal_missing,0.0
2019-07-31,residual_1m,profitability_momentum_missing,-0.003134552202250778
2019-07-31,residual_1m,value_composite_missing,-0.00044799007214297275
2019-07-31,residual_1m,quality_composite_missing,0.004386405573037333
2019-10-31,residual_1m,long_term_reversal_12_1,-0.0010150486809890522
2019-10-31,residual_1m,earnings_yield,0.007042412705585906
2019-10-31,residual_1m,book_to_market,0.0024671431857634933
2019-10-31,residual_1m,sales_to_price,0.0036329672349494813
2019-10-31,residual_1m,low_volatility,0.007739209422183325
2019-10-31,residual_1m,large_cap_stability,-0.0003742985400575283
2019-10-31,residual_1m,short_reversal,0.02702678630257089
2019-10-31,residual_1m,illiquidity_premium,-0.023146976017864185
2019-10-31,residual_1m,roe,0.01006844537251301
2019-10-31,residual_1m,roa,0.006779776264801125
2019-10-31,residual_1m,gross_margin,0.011043337419962593
2019-10-31,residual_1m,cash_conversion,0.007803816341863583
2019-10-31,residual_1m,medium_reversal_3m,0.001541279812918189
2019-10-31,residual_1m,medium_reversal_6m,-0.0002046003053440015
2019-10-31,residual_1m,return_stability_6m,-0.0017624880066324533
2019-10-31,residual_1m,return_stability_12m,0.004103841694515302
2019-10-31,residual_1m,downside_stability_12m,-0.00030452219416110727
2019-10-31,residual_1m,low_turnover,-0.02384148700445588
2019-10-31,residual_1m,lottery_avoidance,0.005762928646895019
2019-10-31,residual_1m,residual_reversal,-0.011816205541488364
2019-10-31,residual_1m,profitability_momentum,0.004874209774351594
2019-10-31,residual_1m,value_composite,0.005238335989236855
2019-10-31,residual_1m,quality_composite,-0.017951320355680794
2019-10-31,residual_1m,long_term_reversal_12_1_missing,0.0009407621153772166
2019-10-31,residual_1m,earnings_yield_missing,-0.0038720636334299502
2019-10-31,residual_1m,book_to_market_missing,-0.0009289133875845203
2019-10-31,residual_1m,sales_to_price_missing,0.00017218237571985947
2019-10-31,residual_1m,low_volatility_missing,0.0
2019-10-31,residual_1m,large_cap_stability_missing,0.0
2019-10-31,residual_1m,short_reversal_missing,0.0
2019-10-31,residual_1m,illiquidity_premium_missing,0.0
2019-10-31,residual_1m,roe_missing,-0.004039114762164198
2019-10-31,residual_1m,roa_missing,-0.009376177905600584
2019-10-31,residual_1m,gross_margin_missing,0.004107553318620702
2019-10-31,residual_1m,cash_conversion_missing,-0.0008181058463484743
2019-10-31,residual_1m,medium_reversal_3m_missing,0.0
2019-10-31,residual_1m,medium_reversal_6m_missing,0.0
2019-10-31,residual_1m,return_stability_6m_missing,0.0
2019-10-31,residual_1m,return_stability_12m_missing,0.0
2019-10-31,residual_1m,downside_stability_12m_missing,0.002727690316928961
2019-10-31,residual_1m,low_turnover_missing,0.0
2019-10-31,residual_1m,lottery_avoidance_missing,0.0
2019-10-31,residual_1m,residual_reversal_missing,0.0
2019-10-31,residual_1m,profitability_momentum_missing,-0.002679202063919301
2019-10-31,residual_1m,value_composite_missing,-0.0005103120632655295
2019-10-31,residual_1m,quality_composite_missing,0.008537937042160527
2020-01-31,residual_1m,long_term_reversal_12_1,-0.000772934961123623
2020-01-31,residual_1m,earnings_yield,0.0074386165070126015
2020-01-31,residual_1m,book_to_market,0.001938159180126544
2020-01-31,residual_1m,sales_to_price,0.003757812269212344
2020-01-31,residual_1m,low_volatility,0.00741434237666199
2020-01-31,residual_1m,large_cap_stability,-0.0005135132115525228
2020-01-31,residual_1m,short_reversal,0.027116841259930267
2020-01-31,residual_1m,illiquidity_premium,-0.02259353532542963
2020-01-31,residual_1m,roe,0.010165181890659486
2020-01-31,residual_1m,roa,0.0069101084734183105
2020-01-31,residual_1m,gross_margin,0.011664029895431811
2020-01-31,residual_1m,cash_conversion,0.008156754390640794
2020-01-31,residual_1m,medium_reversal_3m,0.0008529212403110305
2020-01-31,residual_1m,medium_reversal_6m,-9.045811768507267e-05
2020-01-31,residual_1m,return_stability_6m,-0.0008833350599511424
2020-01-31,residual_1m,return_stability_12m,0.0038206159380102674
2020-01-31,residual_1m,downside_stability_12m,-0.00027288056020542873
2020-01-31,residual_1m,low_turnover,-0.022753370925229558
2020-01-31,residual_1m,lottery_avoidance,0.005325112393999514
2020-01-31,residual_1m,residual_reversal,-0.0118759980197593
2020-01-31,residual_1m,profitability_momentum,0.004401425143452407
2020-01-31,residual_1m,value_composite,0.005212747119154402
2020-01-31,residual_1m,quality_composite,-0.0185220524500324
2020-01-31,residual_1m,long_term_reversal_12_1_missing,0.0008990877120043701
2020-01-31,residual_1m,earnings_yield_missing,-0.004490285338454132
2020-01-31,residual_1m,book_to_market_missing,-0.00041624067180237416
2020-01-31,residual_1m,sales_to_price_missing,-0.00020178092561417353
2020-01-31,residual_1m,low_volatility_missing,0.0
2020-01-31,residual_1m,large_cap_stability_missing,0.0
2020-01-31,residual_1m,short_reversal_missing,0.0
2020-01-31,residual_1m,illiquidity_premium_missing,0.0
2020-01-31,residual_1m,roe_missing,-0.005170827104565921
2020-01-31,residual_1m,roa_missing,-0.0074958820768450665
2020-01-31,residual_1m,gross_margin_missing,0.004206074340685227
2020-01-31,residual_1m,cash_conversion_missing,-0.0009796986677542267
2020-01-31,residual_1m,medium_reversal_3m_missing,0.0
2020-01-31,residual_1m,medium_reversal_6m_missing,0.0
2020-01-31,residual_1m,return_stability_6m_missing,0.0
2020-01-31,residual_1m,return_stability_12m_missing,0.0
2020-01-31,residual_1m,downside_stability_12m_missing,0.002898166552512015
2020-01-31,residual_1m,low_turnover_missing,0.0
2020-01-31,residual_1m,lottery_avoidance_missing,0.0
2020-01-31,residual_1m,residual_reversal_missing,0.0
2020-01-31,residual_1m,profitability_momentum_missing,-0.0027239573996378943
2020-01-31,residual_1m,value_composite_missing,-0.0005314231687425176
2020-01-31,residual_1m,quality_composite_missing,0.008091234631463958
2020-04-30,residual_1m,long_term_reversal_12_1,-0.001232380733670558
2020-04-30,residual_1m,earnings_yield,0.006248964634046054
2020-04-30,residual_1m,book_to_market,0.0016291586914525774
2020-04-30,residual_1m,sales_to_price,0.003552746215065561
2020-04-30,residual_1m,low_volatility,0.007085586157034457
2020-04-30,residual_1m,large_cap_stability,-0.0007551051260211028
2020-04-30,residual_1m,short_reversal,0.025886634078286664
2020-04-30,residual_1m,illiquidity_premium,-0.02155258303929814
2020-04-30,residual_1m,roe,0.010092975802130652
2020-04-30,residual_1m,roa,0.00658777931790672
2020-04-30,residual_1m,gross_margin,0.01190379273646626
2020-04-30,residual_1m,cash_conversion,0.00792074574336028
2020-04-30,residual_1m,medium_reversal_3m,0.0009590210975147208
2020-04-30,residual_1m,medium_reversal_6m,-0.00035689260276302703
2020-04-30,residual_1m,return_stability_6m,-0.00036591390395614365
2020-04-30,residual_1m,return_stability_12m,0.004586656720188039
2020-04-30,residual_1m,downside_stability_12m,-0.0001393948152093189
2020-04-30,residual_1m,low_turnover,-0.02181444570572502
2020-04-30,residual_1m,lottery_avoidance,0.005131021681187015
2020-04-30,residual_1m,residual_reversal,-0.012020734761630975
2020-04-30,residual_1m,profitability_momentum,0.0047895083480157885
2020-04-30,residual_1m,value_composite,0.005839655528923957
2020-04-30,residual_1m,quality_composite,-0.018013430602284036
2020-04-30,residual_1m,long_term_reversal_12_1_missing,0.0009755319843187467
2020-04-30,residual_1m,earnings_yield_missing,-0.005304087643476503
2020-04-30,residual_1m,book_to_market_missing,-0.0009080641625181592
2020-04-30,residual_1m,sales_to_price_missing,0.00012268582971711536
2020-04-30,residual_1m,low_volatility_missing,0.0
2020-04-30,residual_1m,large_cap_stability_missing,0.0
2020-04-30,residual_1m,short_reversal_missing,0.0
2020-04-30,residual_1m,illiquidity_premium_missing,0.0
2020-04-30,residual_1m,roe_missing,-0.005048255745097519
2020-04-30,residual_1m,roa_missing,-0.008607756032728483
2020-04-30,residual_1m,gross_margin_missing,0.004433458481651558
2020-04-30,residual_1m,cash_conversion_missing,-0.0008588021296029654
2020-04-30,residual_1m,medium_reversal_3m_missing,0.0
2020-04-30,residual_1m,medium_reversal_6m_missing,0.0
2020-04-30,residual_1m,return_stability_6m_missing,0.0
2020-04-30,residual_1m,return_stability_12m_missing,0.0
2020-04-30,residual_1m,downside_stability_12m_missing,0.0024136214823851617
2020-04-30,residual_1m,low_turnover_missing,0.0
2020-04-30,residual_1m,lottery_avoidance_missing,0.0
2020-04-30,residual_1m,residual_reversal_missing,0.0
2020-04-30,residual_1m,profitability_momentum_missing,-0.0023773983137638796
2020-04-30,residual_1m,value_composite_missing,-0.0004375787087332833
2020-04-30,residual_1m,quality_composite_missing,0.008410937246865929
2020-07-31,residual_1m,long_term_reversal_12_1,-0.002863629754240015
2020-07-31,residual_1m,earnings_yield,0.006004198342904891
2020-07-31,residual_1m,book_to_market,0.0006037301356424287
2020-07-31,residual_1m,sales_to_price,0.002748115899133499
2020-07-31,residual_1m,low_volatility,0.007104940224207787
2020-07-31,residual_1m,large_cap_stability,-0.0013855895353290697
2020-07-31,residual_1m,short_reversal,0.024839501062578127
2020-07-31,residual_1m,illiquidity_premium,-0.02063171052644738
2020-07-31,residual_1m,roe,0.01049958373406747
2020-07-31,residual_1m,roa,0.00841272815207735
2020-07-31,residual_1m,gross_margin,0.012731185575151032
2020-07-31,residual_1m,cash_conversion,0.008573481925180404
2020-07-31,residual_1m,medium_reversal_3m,0.001433733900065951
2020-07-31,residual_1m,medium_reversal_6m,-0.0003654561925576371
2020-07-31,residual_1m,return_stability_6m,-0.0009112402030016681
2020-07-31,residual_1m,return_stability_12m,0.003723002602046455
2020-07-31,residual_1m,downside_stability_12m,0.0004930776858678753
2020-07-31,residual_1m,low_turnover,-0.020183388771382788
2020-07-31,residual_1m,lottery_avoidance,0.0050045313661281265
2020-07-31,residual_1m,residual_reversal,-0.011616326737972308
2020-07-31,residual_1m,profitability_momentum,0.004393136356573649
2020-07-31,residual_1m,value_composite,0.005192440554327052
2020-07-31,residual_1m,quality_composite,-0.019078060038058352
2020-07-31,residual_1m,long_term_reversal_12_1_missing,0.0005983557446466757
2020-07-31,residual_1m,earnings_yield_missing,-0.005954077076855694
2020-07-31,residual_1m,book_to_market_missing,-0.0009264238342550821
2020-07-31,residual_1m,sales_to_price_missing,-0.00043659531097675847
2020-07-31,residual_1m,low_volatility_missing,0.0
2020-07-31,residual_1m,large_cap_stability_missing,0.0
2020-07-31,residual_1m,short_reversal_missing,0.0
2020-07-31,residual_1m,illiquidity_premium_missing,0.0
2020-07-31,residual_1m,roe_missing,-0.006541580240365823
2020-07-31,residual_1m,roa_missing,-0.010126462129119296
2020-07-31,residual_1m,gross_margin_missing,0.004654647599884167
2020-07-31,residual_1m,cash_conversion_missing,-0.0007907715807642989
2020-07-31,residual_1m,medium_reversal_3m_missing,0.0
2020-07-31,residual_1m,medium_reversal_6m_missing,0.0
2020-07-31,residual_1m,return_stability_6m_missing,0.0
2020-07-31,residual_1m,return_stability_12m_missing,0.0
2020-07-31,residual_1m,downside_stability_12m_missing,0.003749759601794249
2020-07-31,residual_1m,low_turnover_missing,0.0
2020-07-31,residual_1m,lottery_avoidance_missing,0.0
2020-07-31,residual_1m,residual_reversal_missing,0.0
2020-07-31,residual_1m,profitability_momentum_missing,-0.0023628304005344435
2020-07-31,residual_1m,value_composite_missing,-0.00041840400005788565
2020-07-31,residual_1m,quality_composite_missing,0.01220845544659367
2020-10-31,residual_1m,long_term_reversal_12_1,-0.0013146436277116493
2020-10-31,residual_1m,earnings_yield,0.006948834461149875
2020-10-31,residual_1m,book_to_market,0.00024109082015846478
2020-10-31,residual_1m,sales_to_price,0.0036606846949125476
2020-10-31,residual_1m,low_volatility,0.00714350658470075
2020-10-31,residual_1m,large_cap_stability,-0.0032379106416717367
2020-10-31,residual_1m,short_reversal,0.027772810243672254
2020-10-31,residual_1m,illiquidity_premium,-0.021377636715886588
2020-10-31,residual_1m,roe,0.010530906702056931
2020-10-31,residual_1m,roa,0.005956076438405909
2020-10-31,residual_1m,gross_margin,0.013323477892921747
2020-10-31,residual_1m,cash_conversion,0.008422251922868334
2020-10-31,residual_1m,medium_reversal_3m,0.00041316669998547656
2020-10-31,residual_1m,medium_reversal_6m,-0.0001611835591891194
2020-10-31,residual_1m,return_stability_6m,-0.000460516375271187
2020-10-31,residual_1m,return_stability_12m,0.004417257464149285
2020-10-31,residual_1m,downside_stability_12m,0.00021024135274578157
2020-10-31,residual_1m,low_turnover,-0.018764004717680614
2020-10-31,residual_1m,lottery_avoidance,0.004455955922754852
2020-10-31,residual_1m,residual_reversal,-0.014686828816513854
2020-10-31,residual_1m,profitability_momentum,0.005078749332551553
2020-10-31,residual_1m,value_composite,0.0045823949302341805
2020-10-31,residual_1m,quality_composite,-0.018296997296511776
2020-10-31,residual_1m,long_term_reversal_12_1_missing,0.0012704957827324238
2020-10-31,residual_1m,earnings_yield_missing,-0.005183322810597251
2020-10-31,residual_1m,book_to_market_missing,-0.0016241517486055336
2020-10-31,residual_1m,sales_to_price_missing,-0.0006768573383755704
2020-10-31,residual_1m,low_volatility_missing,0.0
2020-10-31,residual_1m,large_cap_stability_missing,0.0
2020-10-31,residual_1m,short_reversal_missing,0.0
2020-10-31,residual_1m,illiquidity_premium_missing,0.0
2020-10-31,residual_1m,roe_missing,-0.003773288823122832
2020-10-31,residual_1m,roa_missing,-0.010860643893904402
2020-10-31,residual_1m,gross_margin_missing,0.004969342648839346
2020-10-31,residual_1m,cash_conversion_missing,-0.0007562610187238157
2020-10-31,residual_1m,medium_reversal_3m_missing,0.0
2020-10-31,residual_1m,medium_reversal_6m_missing,0.0
2020-10-31,residual_1m,return_stability_6m_missing,0.0
2020-10-31,residual_1m,return_stability_12m_missing,0.0
2020-10-31,residual_1m,downside_stability_12m_missing,0.002933262421872004
2020-10-31,residual_1m,low_turnover_missing,0.0
2020-10-31,residual_1m,lottery_avoidance_missing,0.0
2020-10-31,residual_1m,residual_reversal_missing,0.0
2020-10-31,residual_1m,profitability_momentum_missing,-0.0020959968647718463
2020-10-31,residual_1m,value_composite_missing,-0.00010839847202390404
2020-10-31,residual_1m,quality_composite_missing,0.009208584827149329
2021-01-31,residual_1m,long_term_reversal_12_1,-0.0017493970003917877
2021-01-31,residual_1m,earnings_yield,0.005030228132847764
2021-01-31,residual_1m,book_to_market,-0.001501385536736797
2021-01-31,residual_1m,sales_to_price,0.002272484822808599
2021-01-31,residual_1m,low_volatility,0.005782699943703192
2021-01-31,residual_1m,large_cap_stability,-0.003866866650372186
2021-01-31,residual_1m,short_reversal,0.022451146937461367
2021-01-31,residual_1m,illiquidity_premium,-0.02113863619198768
2021-01-31,residual_1m,roe,0.010440822901483718
2021-01-31,residual_1m,roa,0.005479516354574833
2021-01-31,residual_1m,gross_margin,0.011808331950618776
2021-01-31,residual_1m,cash_conversion,0.00817138520564523
2021-01-31,residual_1m,medium_reversal_3m,0.0013123637428437457
2021-01-31,residual_1m,medium_reversal_6m,0.0004985231309850576
2021-01-31,residual_1m,return_stability_6m,-0.00015433435228744342
2021-01-31,residual_1m,return_stability_12m,0.005747790169560546
2021-01-31,residual_1m,downside_stability_12m,0.0003696055830350518
2021-01-31,residual_1m,low_turnover,-0.017409211965987634
2021-01-31,residual_1m,lottery_avoidance,0.005502081009846658
2021-01-31,residual_1m,residual_reversal,-0.010489751712920435
2021-01-31,residual_1m,profitability_momentum,0.00445971836494157
2021-01-31,residual_1m,value_composite,0.00760787665387833
2021-01-31,residual_1m,quality_composite,-0.017128152916335838
2021-01-31,residual_1m,long_term_reversal_12_1_missing,0.0010599676665988098
2021-01-31,residual_1m,earnings_yield_missing,-0.005266428427716947
2021-01-31,residual_1m,book_to_market_missing,-0.0006729497174758795
2021-01-31,residual_1m,sales_to_price_missing,-0.00041410383470088055
2021-01-31,residual_1m,low_volatility_missing,0.0
2021-01-31,residual_1m,large_cap_stability_missing,0.0
2021-01-31,residual_1m,short_reversal_missing,0.0
2021-01-31,residual_1m,illiquidity_premium_missing,0.0
2021-01-31,residual_1m,roe_missing,-0.005302657284781575
2021-01-31,residual_1m,roa_missing,-0.010574337416788475
2021-01-31,residual_1m,gross_margin_missing,0.004846696554734612
2021-01-31,residual_1m,cash_conversion_missing,-0.0006827899556225563
2021-01-31,residual_1m,medium_reversal_3m_missing,0.0
2021-01-31,residual_1m,medium_reversal_6m_missing,0.0
2021-01-31,residual_1m,return_stability_6m_missing,0.0
2021-01-31,residual_1m,return_stability_12m_missing,0.0
2021-01-31,residual_1m,downside_stability_12m_missing,0.002922044218107264
2021-01-31,residual_1m,low_turnover_missing,0.0
2021-01-31,residual_1m,lottery_avoidance_missing,0.0
2021-01-31,residual_1m,residual_reversal_missing,0.0
2021-01-31,residual_1m,profitability_momentum_missing,-0.002292314919185397
2021-01-31,residual_1m,value_composite_missing,-0.0008883690474911558
2021-01-31,residual_1m,quality_composite_missing,0.011998006973185111
2021-04-30,residual_1m,long_term_reversal_12_1,-0.0016076235883587548
2021-04-30,residual_1m,earnings_yield,0.007286084635371872
2021-04-30,residual_1m,book_to_market,0.0010033922856173075
2021-04-30,residual_1m,sales_to_price,0.003721520621087267
2021-04-30,residual_1m,low_volatility,0.005180140356384158
2021-04-30,residual_1m,large_cap_stability,-0.0037692546122614886
2021-04-30,residual_1m,short_reversal,0.025609139867817658
2021-04-30,residual_1m,illiquidity_premium,-0.020024668143538392
2021-04-30,residual_1m,roe,0.01303853827755346
2021-04-30,residual_1m,roa,0.005258473742000437
2021-04-30,residual_1m,gross_margin,0.012775804394981766
2021-04-30,residual_1m,cash_conversion,0.008800359989220238
2021-04-30,residual_1m,medium_reversal_3m,0.00256997467259892
2021-04-30,residual_1m,medium_reversal_6m,-0.0004249478083886927
2021-04-30,residual_1m,return_stability_6m,-0.0009477938238885099
2021-04-30,residual_1m,return_stability_12m,0.0054480078282095525
2021-04-30,residual_1m,downside_stability_12m,0.0005806980153671048
2021-04-30,residual_1m,low_turnover,-0.0159507199207021
2021-04-30,residual_1m,lottery_avoidance,0.004986562245543834
2021-04-30,residual_1m,residual_reversal,-0.013610826191783774
2021-04-30,residual_1m,profitability_momentum,0.004184312635026877
2021-04-30,residual_1m,value_composite,0.0037316997787391736
2021-04-30,residual_1m,quality_composite,-0.01982494096134106
2021-04-30,residual_1m,long_term_reversal_12_1_missing,0.0007032258112916542
2021-04-30,residual_1m,earnings_yield_missing,-0.005944845452869312
2021-04-30,residual_1m,book_to_market_missing,-0.0009502140833769796
2021-04-30,residual_1m,sales_to_price_missing,0.0003541359706015916
2021-04-30,residual_1m,low_volatility_missing,0.0
2021-04-30,residual_1m,large_cap_stability_missing,0.0
2021-04-30,residual_1m,short_reversal_missing,0.0
2021-04-30,residual_1m,illiquidity_premium_missing,0.0
2021-04-30,residual_1m,roe_missing,-0.006001136674176745
2021-04-30,residual_1m,roa_missing,-0.009248807146170483
2021-04-30,residual_1m,gross_margin_missing,0.005059537622193632
2021-04-30,residual_1m,cash_conversion_missing,-0.0008848813235201073
2021-04-30,residual_1m,medium_reversal_3m_missing,0.0
2021-04-30,residual_1m,medium_reversal_6m_missing,0.0
2021-04-30,residual_1m,return_stability_6m_missing,0.0
2021-04-30,residual_1m,return_stability_12m_missing,0.0
2021-04-30,residual_1m,downside_stability_12m_missing,0.002497641076562997
2021-04-30,residual_1m,low_turnover_missing,0.0
2021-04-30,residual_1m,lottery_avoidance_missing,0.0
2021-04-30,residual_1m,residual_reversal_missing,0.0
2021-04-30,residual_1m,profitability_momentum_missing,-0.0009511374075528597
2021-04-30,residual_1m,value_composite_missing,-0.0003225135370692993
2021-04-30,residual_1m,quality_composite_missing,0.00927304652486792
2021-07-31,residual_1m,long_term_reversal_12_1,-0.0031573384677732355
2021-07-31,residual_1m,earnings_yield,0.004222294129530873
2021-07-31,residual_1m,book_to_market,-0.0024103405424813415
2021-07-31,residual_1m,sales_to_price,0.000809580922282146
2021-07-31,residual_1m,low_volatility,0.007312263937335156
2021-07-31,residual_1m,large_cap_stability,-0.004964855097665696
2021-07-31,residual_1m,short_reversal,0.024727912042499148
2021-07-31,residual_1m,illiquidity_premium,-0.020195920415256714
2021-07-31,residual_1m,roe,0.009030207716231548
2021-07-31,residual_1m,roa,0.004078741925813194
2021-07-31,residual_1m,gross_margin,0.011164139173621522
2021-07-31,residual_1m,cash_conversion,0.00829195097964794
2021-07-31,residual_1m,medium_reversal_3m,0.0029321119038536133
2021-07-31,residual_1m,medium_reversal_6m,0.0005306816664029831
2021-07-31,residual_1m,return_stability_6m,-0.0023975138680575243
2021-07-31,residual_1m,return_stability_12m,0.006073730033952581
2021-07-31,residual_1m,downside_stability_12m,6.205929861983822e-05
2021-07-31,residual_1m,low_turnover,-0.014866114673617797
2021-07-31,residual_1m,lottery_avoidance,0.003911399819375507
2021-07-31,residual_1m,residual_reversal,-0.013868259000507442
2021-07-31,residual_1m,profitability_momentum,0.004113638557157123
2021-07-31,residual_1m,value_composite,0.00988210604911123
2021-07-31,residual_1m,quality_composite,-0.014217853896824926
2021-07-31,residual_1m,long_term_reversal_12_1_missing,0.001735889180524679
2021-07-31,residual_1m,earnings_yield_missing,-0.006529852649185991
2021-07-31,residual_1m,book_to_market_missing,-0.001559197727639841
2021-07-31,residual_1m,sales_to_price_missing,0.00035935755222339297
2021-07-31,residual_1m,low_volatility_missing,0.0
2021-07-31,residual_1m,large_cap_stability_missing,0.0
2021-07-31,residual_1m,short_reversal_missing,0.0
2021-07-31,residual_1m,illiquidity_premium_missing,0.0
2021-07-31,residual_1m,roe_missing,-0.004250939682439723
2021-07-31,residual_1m,roa_missing,-0.008859085440359911
2021-07-31,residual_1m,gross_margin_missing,0.004405181529632078
2021-07-31,residual_1m,cash_conversion_missing,-0.0001525624298419314
2021-07-31,residual_1m,medium_reversal_3m_missing,0.0
2021-07-31,residual_1m,medium_reversal_6m_missing,0.0
2021-07-31,residual_1m,return_stability_6m_missing,0.0
2021-07-31,residual_1m,return_stability_12m_missing,0.0
2021-07-31,residual_1m,downside_stability_12m_missing,0.0024871569427540935
2021-07-31,residual_1m,low_turnover_missing,0.0
2021-07-31,residual_1m,lottery_avoidance_missing,0.0
2021-07-31,residual_1m,residual_reversal_missing,0.0
2021-07-31,residual_1m,profitability_momentum_missing,-0.001772938856957957
2021-07-31,residual_1m,value_composite_missing,-0.0007063121453689728
2021-07-31,residual_1m,quality_composite_missing,0.006915835280297641
2021-10-31,residual_1m,long_term_reversal_12_1,-0.0028102272774879903
2021-10-31,residual_1m,earnings_yield,0.004962020217751926
2021-10-31,residual_1m,book_to_market,-0.0031483621571802207
2021-10-31,residual_1m,sales_to_price,-0.0008550997954834264
2021-10-31,residual_1m,low_volatility,0.006668679423944923
2021-10-31,residual_1m,large_cap_stability,-0.0034917273357222816
2021-10-31,residual_1m,short_reversal,0.02217085821808587
2021-10-31,residual_1m,illiquidity_premium,-0.0193479589365709
2021-10-31,residual_1m,roe,0.006736951470680547
2021-10-31,residual_1m,roa,0.0027649800558447227
2021-10-31,residual_1m,gross_margin,0.011280454142643085
2021-10-31,residual_1m,cash_conversion,0.008110717618048439
2021-10-31,residual_1m,medium_reversal_3m,0.0032436523641191867
2021-10-31,residual_1m,medium_reversal_6m,0.0005258039850295539
2021-10-31,residual_1m,return_stability_6m,-0.001403820397488893
2021-10-31,residual_1m,return_stability_12m,0.006173498871158408
2021-10-31,residual_1m,downside_stability_12m,-0.0005210216458936645
2021-10-31,residual_1m,low_turnover,-0.01588858155847226
2021-10-31,residual_1m,lottery_avoidance,0.004835375530799025
2021-10-31,residual_1m,residual_reversal,-0.01232168724284074
2021-10-31,residual_1m,profitability_momentum,0.0041071744918330134
2021-10-31,residual_1m,value_composite,0.01244495527506935
2021-10-31,residual_1m,quality_composite,-0.014639266986152904
2021-10-31,residual_1m,long_term_reversal_12_1_missing,0.002071924050610771
2021-10-31,residual_1m,earnings_yield_missing,-0.007637612363597638
2021-10-31,residual_1m,book_to_market_missing,-0.0010803590471558527
2021-10-31,residual_1m,sales_to_price_missing,8.898925792606299e-05
2021-10-31,residual_1m,low_volatility_missing,0.0
2021-10-31,residual_1m,large_cap_stability_missing,0.0
2021-10-31,residual_1m,short_reversal_missing,0.0
2021-10-31,residual_1m,illiquidity_premium_missing,0.0
2021-10-31,residual_1m,roe_missing,-0.0074060460769134915
2021-10-31,residual_1m,roa_missing,-0.00962506635893455
2021-10-31,residual_1m,gross_margin_missing,0.00520584635235948
2021-10-31,residual_1m,cash_conversion_missing,0.00029066918677094216
2021-10-31,residual_1m,medium_reversal_3m_missing,0.0
2021-10-31,residual_1m,medium_reversal_6m_missing,0.0
2021-10-31,residual_1m,return_stability_6m_missing,0.0
2021-10-31,residual_1m,return_stability_12m_missing,0.0
2021-10-31,residual_1m,downside_stability_12m_missing,0.002590116744676223
2021-10-31,residual_1m,low_turnover_missing,0.0
2021-10-31,residual_1m,lottery_avoidance_missing,0.0
2021-10-31,residual_1m,residual_reversal_missing,0.0
2021-10-31,residual_1m,profitability_momentum_missing,-0.0012528462958985055
2021-10-31,residual_1m,value_composite_missing,0.0002914124473563049
2021-10-31,residual_1m,quality_composite_missing,0.00923933421755767
2022-01-31,residual_1m,long_term_reversal_12_1,-0.002449820409029067
2022-01-31,residual_1m,earnings_yield,0.002543188633381835
2022-01-31,residual_1m,book_to_market,-0.0034938232926649245
2022-01-31,residual_1m,sales_to_price,-0.0010983740033271953
2022-01-31,residual_1m,low_volatility,0.00903651455248754
2022-01-31,residual_1m,large_cap_stability,-0.005526876502381308
2022-01-31,residual_1m,short_reversal,0.024018962568265363
2022-01-31,residual_1m,illiquidity_premium,-0.02010849713072549
2022-01-31,residual_1m,roe,0.00865700005403289
2022-01-31,residual_1m,roa,0.002756203244936941
2022-01-31,residual_1m,gross_margin,0.010748189835750738
2022-01-31,residual_1m,cash_conversion,0.007043766583743084
2022-01-31,residual_1m,medium_reversal_3m,0.004230912979103428
2022-01-31,residual_1m,medium_reversal_6m,-0.0011147558919198286
2022-01-31,residual_1m,return_stability_6m,-0.001158244158912743
2022-01-31,residual_1m,return_stability_12m,0.005065323858196513
2022-01-31,residual_1m,downside_stability_12m,-0.00011804084944647109
2022-01-31,residual_1m,low_turnover,-0.013450107333362157
2022-01-31,residual_1m,lottery_avoidance,0.002823601129961241
2022-01-31,residual_1m,residual_reversal,-0.012553707857997668
2022-01-31,residual_1m,profitability_momentum,0.003133342421464474
2022-01-31,residual_1m,value_composite,0.013611644556099216
2022-01-31,residual_1m,quality_composite,-0.013426365292335396
2022-01-31,residual_1m,long_term_reversal_12_1_missing,0.0012411593762683194
2022-01-31,residual_1m,earnings_yield_missing,-0.005674087165366114
2022-01-31,residual_1m,book_to_market_missing,-0.0017304139136588405
2022-01-31,residual_1m,sales_to_price_missing,-0.0004959913876418276
2022-01-31,residual_1m,low_volatility_missing,0.0
2022-01-31,residual_1m,large_cap_stability_missing,0.0
2022-01-31,residual_1m,short_reversal_missing,0.0
2022-01-31,residual_1m,illiquidity_premium_missing,0.0
2022-01-31,residual_1m,roe_missing,-0.006578014350283831
2022-01-31,residual_1m,roa_missing,-0.008798328518340653
2022-01-31,residual_1m,gross_margin_missing,0.005956500857274813
2022-01-31,residual_1m,cash_conversion_missing,-0.0005128155512926999
2022-01-31,residual_1m,medium_reversal_3m_missing,0.0
2022-01-31,residual_1m,medium_reversal_6m_missing,0.0
2022-01-31,residual_1m,return_stability_6m_missing,0.0
2022-01-31,residual_1m,return_stability_12m_missing,0.0
2022-01-31,residual_1m,downside_stability_12m_missing,0.0030723282404670725
2022-01-31,residual_1m,low_turnover_missing,0.0
2022-01-31,residual_1m,lottery_avoidance_missing,0.0
2022-01-31,residual_1m,residual_reversal_missing,0.0
2022-01-31,residual_1m,profitability_momentum_missing,-0.001543079985856311
2022-01-31,residual_1m,value_composite_missing,0.0003260618254455721
2022-01-31,residual_1m,quality_composite_missing,0.007950846432657184
2022-04-30,residual_1m,long_term_reversal_12_1,-0.002964899453744148
2022-04-30,residual_1m,earnings_yield,0.0030543047880527223
2022-04-30,residual_1m,book_to_market,-0.003366011010327732
2022-04-30,residual_1m,sales_to_price,-0.0009067828443280425
2022-04-30,residual_1m,low_volatility,0.007265462845519619
2022-04-30,residual_1m,large_cap_stability,-0.006884598151895868
2022-04-30,residual_1m,short_reversal,0.020611798852357293
2022-04-30,residual_1m,illiquidity_premium,-0.01890526657057029
2022-04-30,residual_1m,roe,0.008169297784331135
2022-04-30,residual_1m,roa,0.003920396207349787
2022-04-30,residual_1m,gross_margin,0.011302577083633268
2022-04-30,residual_1m,cash_conversion,0.008287718158963724
2022-04-30,residual_1m,medium_reversal_3m,0.003811844113589322
2022-04-30,residual_1m,medium_reversal_6m,-0.0016276639874587137
2022-04-30,residual_1m,return_stability_6m,0.00011176656789782161
2022-04-30,residual_1m,return_stability_12m,0.005917623417670785
2022-04-30,residual_1m,downside_stability_12m,0.0016241097907643187
2022-04-30,residual_1m,low_turnover,-0.014134754247015642
2022-04-30,residual_1m,lottery_avoidance,0.0032861957044310656
2022-04-30,residual_1m,residual_reversal,-0.009493991692834504
2022-04-30,residual_1m,profitability_momentum,0.002896690863800779
2022-04-30,residual_1m,value_composite,0.014556354765289487
2022-04-30,residual_1m,quality_composite,-0.013931259335051046
2022-04-30,residual_1m,long_term_reversal_12_1_missing,0.0014871436770460087
2022-04-30,residual_1m,earnings_yield_missing,-0.00524668875423223
2022-04-30,residual_1m,book_to_market_missing,-0.0016738033632485378
2022-04-30,residual_1m,sales_to_price_missing,0.00010879026673224403
2022-04-30,residual_1m,low_volatility_missing,0.0
2022-04-30,residual_1m,large_cap_stability_missing,0.0
2022-04-30,residual_1m,short_reversal_missing,0.0
2022-04-30,residual_1m,illiquidity_premium_missing,0.0
2022-04-30,residual_1m,roe_missing,-0.005041567688291229
2022-04-30,residual_1m,roa_missing,-0.010415802529657354
2022-04-30,residual_1m,gross_margin_missing,0.00501294384186532
2022-04-30,residual_1m,cash_conversion_missing,0.00026410564251120314
2022-04-30,residual_1m,medium_reversal_3m_missing,0.0
2022-04-30,residual_1m,medium_reversal_6m_missing,0.0
2022-04-30,residual_1m,return_stability_6m_missing,0.0
2022-04-30,residual_1m,return_stability_12m_missing,0.0
2022-04-30,residual_1m,downside_stability_12m_missing,0.0028635057839821944
2022-04-30,residual_1m,low_turnover_missing,0.0
2022-04-30,residual_1m,lottery_avoidance_missing,0.0
2022-04-30,residual_1m,residual_reversal_missing,0.0
2022-04-30,residual_1m,profitability_momentum_missing,-0.002438488653255368
2022-04-30,residual_1m,value_composite_missing,-0.000473929333147792
2022-04-30,residual_1m,quality_composite_missing,0.006933594625905549
2022-07-31,residual_1m,long_term_reversal_12_1,-0.00394588169072479
2022-07-31,residual_1m,earnings_yield,0.00382408515435435
2022-07-31,residual_1m,book_to_market,-0.00734808950818808
2022-07-31,residual_1m,sales_to_price,-0.0019473084300263403
2022-07-31,residual_1m,low_volatility,0.005086299107306763
2022-07-31,residual_1m,large_cap_stability,-0.010455252443031937
2022-07-31,residual_1m,short_reversal,0.020950705336095093
2022-07-31,residual_1m,illiquidity_premium,-0.01932982419291445
2022-07-31,residual_1m,roe,0.007917386403963535
2022-07-31,residual_1m,roa,0.0033056769233617196
2022-07-31,residual_1m,gross_margin,0.009860326065523659
2022-07-31,residual_1m,cash_conversion,0.00797147074771035
2022-07-31,residual_1m,medium_reversal_3m,0.00467292130916318
2022-07-31,residual_1m,medium_reversal_6m,0.0008119414363203596
2022-07-31,residual_1m,return_stability_6m,0.0005751044526578812
2022-07-31,residual_1m,return_stability_12m,0.0069132364666079985
2022-07-31,residual_1m,downside_stability_12m,-0.00021106843029325702
2022-07-31,residual_1m,low_turnover,-0.009207805159116176
2022-07-31,residual_1m,lottery_avoidance,0.0024614516443569926
2022-07-31,residual_1m,residual_reversal,-0.01089249562633527
2022-07-31,residual_1m,profitability_momentum,0.002444649426300558
2022-07-31,residual_1m,value_composite,0.01607727596643318
2022-07-31,residual_1m,quality_composite,-0.013349175124664332
2022-07-31,residual_1m,long_term_reversal_12_1_missing,0.0017709566182177786
2022-07-31,residual_1m,earnings_yield_missing,-0.005961435574301602
2022-07-31,residual_1m,book_to_market_missing,-0.0030255773367230112
2022-07-31,residual_1m,sales_to_price_missing,-0.00027450935044416624
2022-07-31,residual_1m,low_volatility_missing,0.0
2022-07-31,residual_1m,large_cap_stability_missing,0.0
2022-07-31,residual_1m,short_reversal_missing,0.0
2022-07-31,residual_1m,illiquidity_premium_missing,0.0
2022-07-31,residual_1m,roe_missing,-0.004808758491121752
2022-07-31,residual_1m,roa_missing,-0.008849478721275806
2022-07-31,residual_1m,gross_margin_missing,0.006326940744806851
2022-07-31,residual_1m,cash_conversion_missing,0.0002828875635047235
2022-07-31,residual_1m,medium_reversal_3m_missing,0.0
2022-07-31,residual_1m,medium_reversal_6m_missing,0.0
2022-07-31,residual_1m,return_stability_6m_missing,0.0
2022-07-31,residual_1m,return_stability_12m_missing,0.0
2022-07-31,residual_1m,downside_stability_12m_missing,0.0016418387936504286
2022-07-31,residual_1m,low_turnover_missing,0.0
2022-07-31,residual_1m,lottery_avoidance_missing,0.0
2022-07-31,residual_1m,residual_reversal_missing,0.0
2022-07-31,residual_1m,profitability_momentum_missing,-0.0036813226687329747
2022-07-31,residual_1m,value_composite_missing,0.00030971129863660064
2022-07-31,residual_1m,quality_composite_missing,0.0056855708437416426
2022-10-31,residual_1m,long_term_reversal_12_1,-0.004724373742545573
2022-10-31,residual_1m,earnings_yield,0.0035409312392936034
2022-10-31,residual_1m,book_to_market,-0.004373503637484392
2022-10-31,residual_1m,sales_to_price,-0.0005667559529337447
2022-10-31,residual_1m,low_volatility,0.005842674327808706
2022-10-31,residual_1m,large_cap_stability,-0.009235938811297884
2022-10-31,residual_1m,short_reversal,0.024081405862037056
2022-10-31,residual_1m,illiquidity_premium,-0.018194862870125308
2022-10-31,residual_1m,roe,0.00683200671774495
2022-10-31,residual_1m,roa,0.004321783278711654
2022-10-31,residual_1m,gross_margin,0.009326572503256893
2022-10-31,residual_1m,cash_conversion,0.007001128458274183
2022-10-31,residual_1m,medium_reversal_3m,0.002883741802766285
2022-10-31,residual_1m,medium_reversal_6m,2.3735085780476627e-05
2022-10-31,residual_1m,return_stability_6m,-0.00022724511620137488
2022-10-31,residual_1m,return_stability_12m,0.007497759605294455
2022-10-31,residual_1m,downside_stability_12m,-0.0004927918272563766
2022-10-31,residual_1m,low_turnover,-0.00924702030607828
2022-10-31,residual_1m,lottery_avoidance,0.002384266624760512
2022-10-31,residual_1m,residual_reversal,-0.013201174705963806
2022-10-31,residual_1m,profitability_momentum,0.0014593683772602172
2022-10-31,residual_1m,value_composite,0.01244834585134248
2022-10-31,residual_1m,quality_composite,-0.012933927263122992
2022-10-31,residual_1m,long_term_reversal_12_1_missing,-2.7785757280571575e-07
2022-10-31,residual_1m,earnings_yield_missing,-0.006044913360209781
2022-10-31,residual_1m,book_to_market_missing,-0.002945545942495848
2022-10-31,residual_1m,sales_to_price_missing,0.0006629521606841997
2022-10-31,residual_1m,low_volatility_missing,0.0
2022-10-31,residual_1m,large_cap_stability_missing,0.0
2022-10-31,residual_1m,short_reversal_missing,0.0
2022-10-31,residual_1m,illiquidity_premium_missing,0.0
2022-10-31,residual_1m,roe_missing,-0.00323975067525852
2022-10-31,residual_1m,roa_missing,-0.009439753370255856
2022-10-31,residual_1m,gross_margin_missing,0.006392407846309507
2022-10-31,residual_1m,cash_conversion_missing,0.00018063602703048082
2022-10-31,residual_1m,medium_reversal_3m_missing,0.0
2022-10-31,residual_1m,medium_reversal_6m_missing,0.0
2022-10-31,residual_1m,return_stability_6m_missing,0.0
2022-10-31,residual_1m,return_stability_12m_missing,0.0
2022-10-31,residual_1m,downside_stability_12m_missing,0.002830524090845853
2022-10-31,residual_1m,low_turnover_missing,0.0
2022-10-31,residual_1m,lottery_avoidance_missing,0.0
2022-10-31,residual_1m,residual_reversal_missing,0.0
2022-10-31,residual_1m,profitability_momentum_missing,-0.003555980907269099
2022-10-31,residual_1m,value_composite_missing,-0.00015783361758173818
2022-10-31,residual_1m,quality_composite_missing,0.005716998758881004
2023-01-31,residual_1m,long_term_reversal_12_1,-0.004757055749700811
2023-01-31,residual_1m,earnings_yield,0.0031406556174317134
2023-01-31,residual_1m,book_to_market,-0.004755886358518895
2023-01-31,residual_1m,sales_to_price,-0.0018274878640671746
2023-01-31,residual_1m,low_volatility,0.006548002242001896
2023-01-31,residual_1m,large_cap_stability,-0.011924589518108654
2023-01-31,residual_1m,short_reversal,0.023798676178875853
2023-01-31,residual_1m,illiquidity_premium,-0.017506940183553636
2023-01-31,residual_1m,roe,0.006878862068975819
2023-01-31,residual_1m,roa,0.001157537525108175
2023-01-31,residual_1m,gross_margin,0.0090993201158729
2023-01-31,residual_1m,cash_conversion,0.005622177200051227
2023-01-31,residual_1m,medium_reversal_3m,0.0016437469816722608
2023-01-31,residual_1m,medium_reversal_6m,0.0008645897070109038
2023-01-31,residual_1m,return_stability_6m,-0.0002791564580176748
2023-01-31,residual_1m,return_stability_12m,0.0054618594502663445
2023-01-31,residual_1m,downside_stability_12m,0.0003909256101203714
2023-01-31,residual_1m,low_turnover,-0.006337218911147341
2023-01-31,residual_1m,lottery_avoidance,0.0013900382503730796
2023-01-31,residual_1m,residual_reversal,-0.011809641226185255
2023-01-31,residual_1m,profitability_momentum,0.0008733885312519215
2023-01-31,residual_1m,value_composite,0.014602333999143652
2023-01-31,residual_1m,quality_composite,-0.009781520065771434
2023-01-31,residual_1m,long_term_reversal_12_1_missing,0.000310420561796862
2023-01-31,residual_1m,earnings_yield_missing,-0.005116459326469412
2023-01-31,residual_1m,book_to_market_missing,-0.002890064029917024
2023-01-31,residual_1m,sales_to_price_missing,0.000949133273759029
2023-01-31,residual_1m,low_volatility_missing,0.0
2023-01-31,residual_1m,large_cap_stability_missing,0.0
2023-01-31,residual_1m,short_reversal_missing,0.0
2023-01-31,residual_1m,illiquidity_premium_missing,0.0
2023-01-31,residual_1m,roe_missing,-0.0046449275664281284
2023-01-31,residual_1m,roa_missing,-0.008007732763857162
2023-01-31,residual_1m,gross_margin_missing,0.0062393662767627886
2023-01-31,residual_1m,cash_conversion_missing,0.00017540774893786958
2023-01-31,residual_1m,medium_reversal_3m_missing,0.0
2023-01-31,residual_1m,medium_reversal_6m_missing,0.0
2023-01-31,residual_1m,return_stability_6m_missing,0.0
2023-01-31,residual_1m,return_stability_12m_missing,0.0
2023-01-31,residual_1m,downside_stability_12m_missing,0.002898274308358279
2023-01-31,residual_1m,low_turnover_missing,0.0
2023-01-31,residual_1m,lottery_avoidance_missing,0.0
2023-01-31,residual_1m,residual_reversal_missing,0.0
2023-01-31,residual_1m,profitability_momentum_missing,-0.004648228358346606
2023-01-31,residual_1m,value_composite_missing,-0.0004132840059229106
2023-01-31,residual_1m,quality_composite_missing,0.0050722245871408
2023-04-30,residual_1m,long_term_reversal_12_1,-0.0028823793570721843
2023-04-30,residual_1m,earnings_yield,0.004031561100718016
2023-04-30,residual_1m,book_to_market,-0.0038734687904086866
2023-04-30,residual_1m,sales_to_price,-0.0010226347504774661
2023-04-30,residual_1m,low_volatility,0.006399582055178696
2023-04-30,residual_1m,large_cap_stability,-0.0123219535632037
2023-04-30,residual_1m,short_reversal,0.026381854016189518
2023-04-30,residual_1m,illiquidity_premium,-0.01636957202526773
2023-04-30,residual_1m,roe,0.0051422305927798975
2023-04-30,residual_1m,roa,0.004933274251139281
2023-04-30,residual_1m,gross_margin,0.011433133534536776
2023-04-30,residual_1m,cash_conversion,0.007112675747296212
2023-04-30,residual_1m,medium_reversal_3m,0.0014485823484742338
2023-04-30,residual_1m,medium_reversal_6m,0.0009945577666016926
2023-04-30,residual_1m,return_stability_6m,-0.0009655580132358899
2023-04-30,residual_1m,return_stability_12m,0.0067029917944747075
2023-04-30,residual_1m,downside_stability_12m,0.0005285005155109657
2023-04-30,residual_1m,low_turnover,-0.004869959138306097
2023-04-30,residual_1m,lottery_avoidance,-0.0005643410101677155
2023-04-30,residual_1m,residual_reversal,-0.015628308115556225
2023-04-30,residual_1m,profitability_momentum,0.0017804785850431375
2023-04-30,residual_1m,value_composite,0.013207541175738788
2023-04-30,residual_1m,quality_composite,-0.012570827201415084
2023-04-30,residual_1m,long_term_reversal_12_1_missing,0.0006118290675330442
2023-04-30,residual_1m,earnings_yield_missing,-0.005763607218040437
2023-04-30,residual_1m,book_to_market_missing,-0.003262000210495363
2023-04-30,residual_1m,sales_to_price_missing,0.0009064243286562631
2023-04-30,residual_1m,low_volatility_missing,0.0
2023-04-30,residual_1m,large_cap_stability_missing,0.0
2023-04-30,residual_1m,short_reversal_missing,0.0
2023-04-30,residual_1m,illiquidity_premium_missing,0.0
2023-04-30,residual_1m,roe_missing,-0.004285858501099356
2023-04-30,residual_1m,roa_missing,-0.006529176030242496
2023-04-30,residual_1m,gross_margin_missing,0.005817234205637565
2023-04-30,residual_1m,cash_conversion_missing,0.00035046568924974257
2023-04-30,residual_1m,medium_reversal_3m_missing,0.0
2023-04-30,residual_1m,medium_reversal_6m_missing,0.0
2023-04-30,residual_1m,return_stability_6m_missing,0.0
2023-04-30,residual_1m,return_stability_12m_missing,0.0
2023-04-30,residual_1m,downside_stability_12m_missing,0.0030138009225301717
2023-04-30,residual_1m,low_turnover_missing,0.0
2023-04-30,residual_1m,lottery_avoidance_missing,0.0
2023-04-30,residual_1m,residual_reversal_missing,0.0
2023-04-30,residual_1m,profitability_momentum_missing,-0.004835126914602553
2023-04-30,residual_1m,value_composite_missing,-0.0007698143197101911
2023-04-30,residual_1m,quality_composite_missing,0.003932528742417241
2023-07-31,residual_1m,long_term_reversal_12_1,-0.003970709476256226
2023-07-31,residual_1m,earnings_yield,0.0022217941262886415
2023-07-31,residual_1m,book_to_market,-0.011031880594455411
2023-07-31,residual_1m,sales_to_price,-0.006309511564640743
2023-07-31,residual_1m,low_volatility,0.002702344728106307
2023-07-31,residual_1m,large_cap_stability,-0.011020643201919249
2023-07-31,residual_1m,short_reversal,0.023414959818300433
2023-07-31,residual_1m,illiquidity_premium,-0.013268369302907505
2023-07-31,residual_1m,roe,0.0020062567304053014
2023-07-31,residual_1m,roa,0.0010001864630466647
2023-07-31,residual_1m,gross_margin,0.007428720026840583
2023-07-31,residual_1m,cash_conversion,0.004659785927715827
2023-07-31,residual_1m,medium_reversal_3m,0.0010539771763847362
2023-07-31,residual_1m,medium_reversal_6m,9.054996677432304e-05
2023-07-31,residual_1m,return_stability_6m,-0.001527490822286216
2023-07-31,residual_1m,return_stability_12m,0.008598392945698535
2023-07-31,residual_1m,downside_stability_12m,-0.0009571446413799359
2023-07-31,residual_1m,low_turnover,-0.0027630916160807325
2023-07-31,residual_1m,lottery_avoidance,0.0015802202156223516
2023-07-31,residual_1m,residual_reversal,-0.012994805909881365
2023-07-31,residual_1m,profitability_momentum,0.0010335907569458769
2023-07-31,residual_1m,value_composite,0.026167261166531185
2023-07-31,residual_1m,quality_composite,-0.007672946571893342
2023-07-31,residual_1m,long_term_reversal_12_1_missing,0.0010154267538834132
2023-07-31,residual_1m,earnings_yield_missing,-0.008539049313910299
2023-07-31,residual_1m,book_to_market_missing,-0.001954544971801185
2023-07-31,residual_1m,sales_to_price_missing,0.0014703933307462522
2023-07-31,residual_1m,low_volatility_missing,0.0
2023-07-31,residual_1m,large_cap_stability_missing,0.0
2023-07-31,residual_1m,short_reversal_missing,0.0
2023-07-31,residual_1m,illiquidity_premium_missing,0.0
2023-07-31,residual_1m,roe_missing,-0.0038249683985989566
2023-07-31,residual_1m,roa_missing,-0.010009301864067812
2023-07-31,residual_1m,gross_margin_missing,0.005437874042873661
2023-07-31,residual_1m,cash_conversion_missing,-0.0005585181072631917
2023-07-31,residual_1m,medium_reversal_3m_missing,0.0
2023-07-31,residual_1m,medium_reversal_6m_missing,0.0
2023-07-31,residual_1m,return_stability_6m_missing,0.0
2023-07-31,residual_1m,return_stability_12m_missing,0.0
2023-07-31,residual_1m,downside_stability_12m_missing,0.0036993807452396876
2023-07-31,residual_1m,low_turnover_missing,0.0
2023-07-31,residual_1m,lottery_avoidance_missing,0.0
2023-07-31,residual_1m,residual_reversal_missing,0.0
2023-07-31,residual_1m,profitability_momentum_missing,-0.004458415681116058
2023-07-31,residual_1m,value_composite_missing,-0.00031947996763028103
2023-07-31,residual_1m,quality_composite_missing,0.0068137000302558705
2023-10-31,residual_1m,long_term_reversal_12_1,-0.006451794326713129
2023-10-31,residual_1m,earnings_yield,0.00289696293548644
2023-10-31,residual_1m,book_to_market,-0.010772810712464963
2023-10-31,residual_1m,sales_to_price,-0.0037613587882384635
2023-10-31,residual_1m,low_volatility,0.003676153835291887
2023-10-31,residual_1m,large_cap_stability,-0.010666400552051241
2023-10-31,residual_1m,short_reversal,0.024666722092590958
2023-10-31,residual_1m,illiquidity_premium,-0.008884179805037229
2023-10-31,residual_1m,roe,-0.0001646121367841775
2023-10-31,residual_1m,roa,-0.00018804660119057885
2023-10-31,residual_1m,gross_margin,0.008918443091043279
2023-10-31,residual_1m,cash_conversion,0.004187302140064327
2023-10-31,residual_1m,medium_reversal_3m,0.0013748880241044852
2023-10-31,residual_1m,medium_reversal_6m,0.0004018377648336978
2023-10-31,residual_1m,return_stability_6m,-0.0003955047835624463
2023-10-31,residual_1m,return_stability_12m,0.008191842143467406
2023-10-31,residual_1m,downside_stability_12m,-0.00019107080214268696
2023-10-31,residual_1m,low_turnover,-0.0007226184818197598
2023-10-31,residual_1m,lottery_avoidance,-0.00016142387030966565
2023-10-31,residual_1m,residual_reversal,-0.014720097512466156
2023-10-31,residual_1m,profitability_momentum,-0.0002869548813641885
2023-10-31,residual_1m,value_composite,0.025006067652138367
2023-10-31,residual_1m,quality_composite,-0.004848947219332286
2023-10-31,residual_1m,long_term_reversal_12_1_missing,0.0008165365843322864
2023-10-31,residual_1m,earnings_yield_missing,-0.0070033456300233905
2023-10-31,residual_1m,book_to_market_missing,-0.0014971253371882562
2023-10-31,residual_1m,sales_to_price_missing,0.0004902402588558121
2023-10-31,residual_1m,low_volatility_missing,0.0
2023-10-31,residual_1m,large_cap_stability_missing,0.0
2023-10-31,residual_1m,short_reversal_missing,0.0
2023-10-31,residual_1m,illiquidity_premium_missing,0.0
2023-10-31,residual_1m,roe_missing,-0.005312265438708549
2023-10-31,residual_1m,roa_missing,-0.010227372247534334
2023-10-31,residual_1m,gross_margin_missing,0.005743497571292677
2023-10-31,residual_1m,cash_conversion_missing,-0.0002141218708092755
2023-10-31,residual_1m,medium_reversal_3m_missing,0.0
2023-10-31,residual_1m,medium_reversal_6m_missing,0.0
2023-10-31,residual_1m,return_stability_6m_missing,0.0
2023-10-31,residual_1m,return_stability_12m_missing,0.0
2023-10-31,residual_1m,downside_stability_12m_missing,0.002431591290774383
2023-10-31,residual_1m,low_turnover_missing,0.0
2023-10-31,residual_1m,lottery_avoidance_missing,0.0
2023-10-31,residual_1m,residual_reversal_missing,0.0
2023-10-31,residual_1m,profitability_momentum_missing,-0.0032837772617841953
2023-10-31,residual_1m,value_composite_missing,-0.00012394932193457203
2023-10-31,residual_1m,quality_composite_missing,0.008559349617976646
2024-01-31,residual_1m,long_term_reversal_12_1,-0.005684936146229648
2024-01-31,residual_1m,earnings_yield,0.0019490669447498857
2024-01-31,residual_1m,book_to_market,-0.010055760191898185
2024-01-31,residual_1m,sales_to_price,-0.003429219540749875
2024-01-31,residual_1m,low_volatility,0.002938221247521253
2024-01-31,residual_1m,large_cap_stability,-0.011081571030336836
2024-01-31,residual_1m,short_reversal,0.027307593216941983
2024-01-31,residual_1m,illiquidity_premium,-0.011850908063438742
2024-01-31,residual_1m,roe,0.0008544938299010111
2024-01-31,residual_1m,roa,0.004451556288158379
2024-01-31,residual_1m,gross_margin,0.010745300717238202
2024-01-31,residual_1m,cash_conversion,0.005938795714854418
2024-01-31,residual_1m,medium_reversal_3m,0.0025375977909225054
2024-01-31,residual_1m,medium_reversal_6m,0.001131083321561737
2024-01-31,residual_1m,return_stability_6m,-0.0006638094580823072
2024-01-31,residual_1m,return_stability_12m,0.008753991141222892
2024-01-31,residual_1m,downside_stability_12m,-0.0007803581530529434
2024-01-31,residual_1m,low_turnover,0.001159351594622
2024-01-31,residual_1m,lottery_avoidance,4.3253526278629644e-05
2024-01-31,residual_1m,residual_reversal,-0.017775597686273275
2024-01-31,residual_1m,profitability_momentum,0.00037868551694450394
2024-01-31,residual_1m,value_composite,0.022963366034976444
2024-01-31,residual_1m,quality_composite,-0.010619774859805916
2024-01-31,residual_1m,long_term_reversal_12_1_missing,-0.0019255445751908482
2024-01-31,residual_1m,earnings_yield_missing,-0.006278575346571738
2024-01-31,residual_1m,book_to_market_missing,-0.002170205659811831
2024-01-31,residual_1m,sales_to_price_missing,0.0005607783600253109
2024-01-31,residual_1m,low_volatility_missing,0.0
2024-01-31,residual_1m,large_cap_stability_missing,0.0
2024-01-31,residual_1m,short_reversal_missing,0.0
2024-01-31,residual_1m,illiquidity_premium_missing,0.0
2024-01-31,residual_1m,roe_missing,-0.006264889123474642
2024-01-31,residual_1m,roa_missing,-0.006780462717004408
2024-01-31,residual_1m,gross_margin_missing,0.005712103483638465
2024-01-31,residual_1m,cash_conversion_missing,-0.001333322518654888
2024-01-31,residual_1m,medium_reversal_3m_missing,0.0
2024-01-31,residual_1m,medium_reversal_6m_missing,0.0
2024-01-31,residual_1m,return_stability_6m_missing,0.0
2024-01-31,residual_1m,return_stability_12m_missing,0.0
2024-01-31,residual_1m,downside_stability_12m_missing,0.002701523806030346
2024-01-31,residual_1m,low_turnover_missing,0.0
2024-01-31,residual_1m,lottery_avoidance_missing,0.0
2024-01-31,residual_1m,residual_reversal_missing,0.0
2024-01-31,residual_1m,profitability_momentum_missing,-0.005139405915738279
2024-01-31,residual_1m,value_composite_missing,-0.000557652068131217
2024-01-31,residual_1m,quality_composite_missing,0.009748137629281287
2024-04-30,residual_1m,long_term_reversal_12_1,-0.007941666078592523
2024-04-30,residual_1m,earnings_yield,0.002081307561413155
2024-04-30,residual_1m,book_to_market,-0.010305791222288729
2024-04-30,residual_1m,sales_to_price,-0.004105712076285328
2024-04-30,residual_1m,low_volatility,0.0036571127102631835
2024-04-30,residual_1m,large_cap_stability,-0.009711115575436536
2024-04-30,residual_1m,short_reversal,0.022898427566702597
2024-04-30,residual_1m,illiquidity_premium,-0.008546292096434803
2024-04-30,residual_1m,roe,0.00412969779484193
2024-04-30,residual_1m,roa,0.005324811536626412
2024-04-30,residual_1m,gross_margin,0.011031367184522647
2024-04-30,residual_1m,cash_conversion,0.00855608074224402
2024-04-30,residual_1m,medium_reversal_3m,0.004719372593928183
2024-04-30,residual_1m,medium_reversal_6m,-0.00013329594581301175
2024-04-30,residual_1m,return_stability_6m,-0.0001618343162436538
2024-04-30,residual_1m,return_stability_12m,0.007863848249154039
2024-04-30,residual_1m,downside_stability_12m,-0.0011236226615621752
2024-04-30,residual_1m,low_turnover,0.0004708313887698598
2024-04-30,residual_1m,lottery_avoidance,-0.0005615007263644932
2024-04-30,residual_1m,residual_reversal,-0.01336618539827171
2024-04-30,residual_1m,profitability_momentum,0.0004748063274469659
2024-04-30,residual_1m,value_composite,0.023509267036825054
2024-04-30,residual_1m,quality_composite,-0.015673125548769276
2024-04-30,residual_1m,long_term_reversal_12_1_missing,0.0005630350213568282
2024-04-30,residual_1m,earnings_yield_missing,-0.0059887212833128365
2024-04-30,residual_1m,book_to_market_missing,-0.003831551427283386
2024-04-30,residual_1m,sales_to_price_missing,0.001565336070787547
2024-04-30,residual_1m,low_volatility_missing,0.0
2024-04-30,residual_1m,large_cap_stability_missing,0.0
2024-04-30,residual_1m,short_reversal_missing,0.0
2024-04-30,residual_1m,illiquidity_premium_missing,0.0
2024-04-30,residual_1m,roe_missing,-0.0034634288402554695
2024-04-30,residual_1m,roa_missing,-0.009944766940969728
2024-04-30,residual_1m,gross_margin_missing,0.006509560190286018
2024-04-30,residual_1m,cash_conversion_missing,-0.0022482995590816903
2024-04-30,residual_1m,medium_reversal_3m_missing,0.0
2024-04-30,residual_1m,medium_reversal_6m_missing,0.0
2024-04-30,residual_1m,return_stability_6m_missing,0.0
2024-04-30,residual_1m,return_stability_12m_missing,0.0
2024-04-30,residual_1m,downside_stability_12m_missing,0.0026393193412811186
2024-04-30,residual_1m,low_turnover_missing,0.0
2024-04-30,residual_1m,lottery_avoidance_missing,0.0
2024-04-30,residual_1m,residual_reversal_missing,0.0
2024-04-30,residual_1m,profitability_momentum_missing,-0.004924791216297622
2024-04-30,residual_1m,value_composite_missing,0.0001184982709264889
2024-04-30,residual_1m,quality_composite_missing,0.006989141774232127
2024-07-31,residual_1m,long_term_reversal_12_1,-0.007908563028628171
2024-07-31,residual_1m,earnings_yield,0.005129731472055695
2024-07-31,residual_1m,book_to_market,-0.007219304220793618
2024-07-31,residual_1m,sales_to_price,-0.0012847255349834146
2024-07-31,residual_1m,low_volatility,0.002418919346011816
2024-07-31,residual_1m,large_cap_stability,-0.011269769492683428
2024-07-31,residual_1m,short_reversal,0.022161459610602154
2024-07-31,residual_1m,illiquidity_premium,-0.008530308534651185
2024-07-31,residual_1m,roe,-0.0035794156799553757
2024-07-31,residual_1m,roa,0.007308285354601688
2024-07-31,residual_1m,gross_margin,0.007816731379081406
2024-07-31,residual_1m,cash_conversion,0.006139685086881272
2024-07-31,residual_1m,medium_reversal_3m,0.0038369584875017583
2024-07-31,residual_1m,medium_reversal_6m,-0.0006917807712597221
2024-07-31,residual_1m,return_stability_6m,-5.544095533659444e-05
2024-07-31,residual_1m,return_stability_12m,0.007072984128022282
2024-07-31,residual_1m,downside_stability_12m,-0.0008871918150923799
2024-07-31,residual_1m,low_turnover,0.004406332597109616
2024-07-31,residual_1m,lottery_avoidance,-0.00015475215723841364
2024-07-31,residual_1m,residual_reversal,-0.01401428603968425
2024-07-31,residual_1m,profitability_momentum,0.0004213090801640151
2024-07-31,residual_1m,value_composite,0.01776543313564741
2024-07-31,residual_1m,quality_composite,-0.00860965420540754
2024-07-31,residual_1m,long_term_reversal_12_1_missing,-6.515251745983024e-05
2024-07-31,residual_1m,earnings_yield_missing,-0.009465264067405384
2024-07-31,residual_1m,book_to_market_missing,-0.003765870918873572
2024-07-31,residual_1m,sales_to_price_missing,0.0010871026472646227
2024-07-31,residual_1m,low_volatility_missing,0.0
2024-07-31,residual_1m,large_cap_stability_missing,0.0
2024-07-31,residual_1m,short_reversal_missing,0.0
2024-07-31,residual_1m,illiquidity_premium_missing,0.0
2024-07-31,residual_1m,roe_missing,-0.0024717573269061794
2024-07-31,residual_1m,roa_missing,-0.009538373088957275
2024-07-31,residual_1m,gross_margin_missing,0.0049314069038473955
2024-07-31,residual_1m,cash_conversion_missing,-0.002425014745448648
2024-07-31,residual_1m,medium_reversal_3m_missing,0.0
2024-07-31,residual_1m,medium_reversal_6m_missing,0.0
2024-07-31,residual_1m,return_stability_6m_missing,0.0
2024-07-31,residual_1m,return_stability_12m_missing,0.0
2024-07-31,residual_1m,downside_stability_12m_missing,0.002429443024207515
2024-07-31,residual_1m,low_turnover_missing,0.0
2024-07-31,residual_1m,lottery_avoidance_missing,0.0
2024-07-31,residual_1m,residual_reversal_missing,0.0
2024-07-31,residual_1m,profitability_momentum_missing,-0.0031970813195294264
2024-07-31,residual_1m,value_composite_missing,0.0007471775662072837
2024-07-31,residual_1m,quality_composite_missing,0.007010973360169246
2024-10-31,residual_1m,long_term_reversal_12_1,-0.007889816640843676
2024-10-31,residual_1m,earnings_yield,0.0014940162382814693
2024-10-31,residual_1m,book_to_market,-0.011384226297508753
2024-10-31,residual_1m,sales_to_price,-0.005083493568049796
2024-10-31,residual_1m,low_volatility,0.0014501757142261866
2024-10-31,residual_1m,large_cap_stability,-0.008352180412331633
2024-10-31,residual_1m,short_reversal,0.02405988207072772
2024-10-31,residual_1m,illiquidity_premium,-0.007771545364779968
2024-10-31,residual_1m,roe,-0.002162904010911662
2024-10-31,residual_1m,roa,0.005709822212749379
2024-10-31,residual_1m,gross_margin,0.008198746345378757
2024-10-31,residual_1m,cash_conversion,0.007006085466737032
2024-10-31,residual_1m,medium_reversal_3m,0.003921847049663682
2024-10-31,residual_1m,medium_reversal_6m,0.0015701072084018412
2024-10-31,residual_1m,return_stability_6m,6.078534556833986e-05
2024-10-31,residual_1m,return_stability_12m,0.009214420225477131
2024-10-31,residual_1m,downside_stability_12m,-0.001181346730856135
2024-10-31,residual_1m,low_turnover,0.0033558666200472665
2024-10-31,residual_1m,lottery_avoidance,5.882038028298579e-06
2024-10-31,residual_1m,residual_reversal,-0.0162335397633484
2024-10-31,residual_1m,profitability_momentum,0.0007765586129299356
2024-10-31,residual_1m,value_composite,0.027444529807861395
2024-10-31,residual_1m,quality_composite,-0.00879435041209984
2024-10-31,residual_1m,long_term_reversal_12_1_missing,0.0005389361271872366
2024-10-31,residual_1m,earnings_yield_missing,-0.006933939139050083
2024-10-31,residual_1m,book_to_market_missing,-0.0026788275218351362
2024-10-31,residual_1m,sales_to_price_missing,0.0016115102589507975
2024-10-31,residual_1m,low_volatility_missing,0.0
2024-10-31,residual_1m,large_cap_stability_missing,0.0
2024-10-31,residual_1m,short_reversal_missing,0.0
2024-10-31,residual_1m,illiquidity_premium_missing,0.0
2024-10-31,residual_1m,roe_missing,-0.003928849062616852
2024-10-31,residual_1m,roa_missing,-0.008591091723669059
2024-10-31,residual_1m,gross_margin_missing,0.006586374902485825
2024-10-31,residual_1m,cash_conversion_missing,-0.000985190358747138
2024-10-31,residual_1m,medium_reversal_3m_missing,0.0
2024-10-31,residual_1m,medium_reversal_6m_missing,0.0
2024-10-31,residual_1m,return_stability_6m_missing,0.0
2024-10-31,residual_1m,return_stability_12m_missing,0.0
2024-10-31,residual_1m,downside_stability_12m_missing,0.003615459649517876
2024-10-31,residual_1m,low_turnover_missing,0.0
2024-10-31,residual_1m,lottery_avoidance_missing,0.0
2024-10-31,residual_1m,residual_reversal_missing,0.0
2024-10-31,residual_1m,profitability_momentum_missing,-0.003061942630171591
2024-10-31,residual_1m,value_composite_missing,-4.883062957434673e-05
2024-10-31,residual_1m,quality_composite_missing,0.0065041407029127665
2025-01-31,residual_1m,long_term_reversal_12_1,-0.008321298838521106
2025-01-31,residual_1m,earnings_yield,0.002433565413661728
2025-01-31,residual_1m,book_to_market,-0.011194000935906522
2025-01-31,residual_1m,sales_to_price,-0.004772370616061661
2025-01-31,residual_1m,low_volatility,0.0032838774087250075
2025-01-31,residual_1m,large_cap_stability,-0.008818840699791953
2025-01-31,residual_1m,short_reversal,0.024520730004341015
2025-01-31,residual_1m,illiquidity_premium,-0.008733951852827207
2025-01-31,residual_1m,roe,-0.004528331720861827
2025-01-31,residual_1m,roa,0.0013260995145122887
2025-01-31,residual_1m,gross_margin,0.007189159854640585
2025-01-31,residual_1m,cash_conversion,0.005333474701867871
2025-01-31,residual_1m,medium_reversal_3m,0.002135109652686168
2025-01-31,residual_1m,medium_reversal_6m,0.004296271059236956
2025-01-31,residual_1m,return_stability_6m,0.0008790497357485598
2025-01-31,residual_1m,return_stability_12m,0.009034325721099705
2025-01-31,residual_1m,downside_stability_12m,-0.0006290257668623343
2025-01-31,residual_1m,low_turnover,0.0032900853589728275
2025-01-31,residual_1m,lottery_avoidance,-0.0015574168807681581
2025-01-31,residual_1m,residual_reversal,-0.015056752197773133
2025-01-31,residual_1m,profitability_momentum,0.0011052055631984073
2025-01-31,residual_1m,value_composite,0.023697427389713834
2025-01-31,residual_1m,quality_composite,-0.005275044466754147
2025-01-31,residual_1m,long_term_reversal_12_1_missing,-0.0024318337412315757
2025-01-31,residual_1m,earnings_yield_missing,-0.008497296699579125
2025-01-31,residual_1m,book_to_market_missing,-0.0023490256356659485
2025-01-31,residual_1m,sales_to_price_missing,0.001332294535875038
2025-01-31,residual_1m,low_volatility_missing,0.0
2025-01-31,residual_1m,large_cap_stability_missing,0.0
2025-01-31,residual_1m,short_reversal_missing,0.0
2025-01-31,residual_1m,illiquidity_premium_missing,0.0
2025-01-31,residual_1m,roe_missing,-0.004326898933447589
2025-01-31,residual_1m,roa_missing,-0.007622479004705882
2025-01-31,residual_1m,gross_margin_missing,0.006980691717145113
2025-01-31,residual_1m,cash_conversion_missing,-0.0021985918009230967
2025-01-31,residual_1m,medium_reversal_3m_missing,0.0
2025-01-31,residual_1m,medium_reversal_6m_missing,0.0
2025-01-31,residual_1m,return_stability_6m_missing,0.0
2025-01-31,residual_1m,return_stability_12m_missing,0.0
2025-01-31,residual_1m,downside_stability_12m_missing,0.0012849043702282082
2025-01-31,residual_1m,low_turnover_missing,0.0
2025-01-31,residual_1m,lottery_avoidance_missing,0.0
2025-01-31,residual_1m,residual_reversal_missing,0.0
2025-01-31,residual_1m,profitability_momentum_missing,-0.003683932524672545
2025-01-31,residual_1m,value_composite_missing,4.805017540354888e-05
2025-01-31,residual_1m,quality_composite_missing,0.006450913919940683
2025-04-30,residual_1m,long_term_reversal_12_1,-0.007151100461404071
2025-04-30,residual_1m,earnings_yield,0.0024839198598285064
2025-04-30,residual_1m,book_to_market,-0.007753031333428712
2025-04-30,residual_1m,sales_to_price,-0.0015006858346626056
2025-04-30,residual_1m,low_volatility,0.001041917964031186
2025-04-30,residual_1m,large_cap_stability,-0.00907903591738639
2025-04-30,residual_1m,short_reversal,0.02198483131572519
2025-04-30,residual_1m,illiquidity_premium,-0.00852224141400421
2025-04-30,residual_1m,roe,-0.006463392734062376
2025-04-30,residual_1m,roa,0.006092768848055027
2025-04-30,residual_1m,gross_margin,0.006254707214213621
2025-04-30,residual_1m,cash_conversion,0.0060156102052050875
2025-04-30,residual_1m,medium_reversal_3m,0.00254073804588954
2025-04-30,residual_1m,medium_reversal_6m,0.003945271202954045
2025-04-30,residual_1m,return_stability_6m,0.0005638577286501378
2025-04-30,residual_1m,return_stability_12m,0.008395683273192466
2025-04-30,residual_1m,downside_stability_12m,-0.0003232988798464185
2025-04-30,residual_1m,low_turnover,0.004435492966182186
2025-04-30,residual_1m,lottery_avoidance,-0.0006807743107584283
2025-04-30,residual_1m,residual_reversal,-0.012161112808243193
2025-04-30,residual_1m,profitability_momentum,0.0009302029245719627
2025-04-30,residual_1m,value_composite,0.01907413411387211
2025-04-30,residual_1m,quality_composite,-0.005371960717165185
2025-04-30,residual_1m,long_term_reversal_12_1_missing,-0.0003665903556668374
2025-04-30,residual_1m,earnings_yield_missing,-0.0075654065457741075
2025-04-30,residual_1m,book_to_market_missing,-0.0029216285681685
2025-04-30,residual_1m,sales_to_price_missing,0.0004631584013347731
2025-04-30,residual_1m,low_volatility_missing,0.0
2025-04-30,residual_1m,large_cap_stability_missing,0.0
2025-04-30,residual_1m,short_reversal_missing,0.0
2025-04-30,residual_1m,illiquidity_premium_missing,0.0
2025-04-30,residual_1m,roe_missing,-0.002784389152938795
2025-04-30,residual_1m,roa_missing,-0.0017838303087279075
2025-04-30,residual_1m,gross_margin_missing,0.005850346987789532
2025-04-30,residual_1m,cash_conversion_missing,-0.003231777560983563
2025-04-30,residual_1m,medium_reversal_3m_missing,0.0
2025-04-30,residual_1m,medium_reversal_6m_missing,0.0
2025-04-30,residual_1m,return_stability_6m_missing,0.0
2025-04-30,residual_1m,return_stability_12m_missing,0.0
2025-04-30,residual_1m,downside_stability_12m_missing,0.0017723491590557782
2025-04-30,residual_1m,low_turnover_missing,0.0
2025-04-30,residual_1m,lottery_avoidance_missing,0.0
2025-04-30,residual_1m,residual_reversal_missing,0.0
2025-04-30,residual_1m,profitability_momentum_missing,-0.005637082081681153
2025-04-30,residual_1m,value_composite_missing,-0.0005592444024965758
2025-04-30,residual_1m,quality_composite_missing,0.0001802440042375373
2025-07-31,residual_1m,long_term_reversal_12_1,-0.007478324775947273
2025-07-31,residual_1m,earnings_yield,0.004296867744163182
2025-07-31,residual_1m,book_to_market,-0.009325279884357421
2025-07-31,residual_1m,sales_to_price,8.759796294066607e-05
2025-07-31,residual_1m,low_volatility,0.0002655215933821134
2025-07-31,residual_1m,large_cap_stability,-0.006423386930971759
2025-07-31,residual_1m,short_reversal,0.021101467802948765
2025-07-31,residual_1m,illiquidity_premium,-0.007322562369398141
2025-07-31,residual_1m,roe,-0.008512034345802862
2025-07-31,residual_1m,roa,0.0025321187189420876
2025-07-31,residual_1m,gross_margin,0.007128005410921711
2025-07-31,residual_1m,cash_conversion,0.004328895556515407
2025-07-31,residual_1m,medium_reversal_3m,0.0025721018223655036
2025-07-31,residual_1m,medium_reversal_6m,0.005092607802511769
2025-07-31,residual_1m,return_stability_6m,0.002097797501344206
2025-07-31,residual_1m,return_stability_12m,0.008954117770780352
2025-07-31,residual_1m,downside_stability_12m,-0.0020182565181444114
2025-07-31,residual_1m,low_turnover,0.0035811033731536447
2025-07-31,residual_1m,lottery_avoidance,-0.00022609920811400946
2025-07-31,residual_1m,residual_reversal,-0.011700447797350086
2025-07-31,residual_1m,profitability_momentum,0.0038734234600020616
2025-07-31,residual_1m,value_composite,0.01701644548274727
2025-07-31,residual_1m,quality_composite,-0.00393819777583133
2025-07-31,residual_1m,long_term_reversal_12_1_missing,-0.0006385982876491786
2025-07-31,residual_1m,earnings_yield_missing,-0.00796924423750206
2025-07-31,residual_1m,book_to_market_missing,-0.002236579102763189
2025-07-31,residual_1m,sales_to_price_missing,0.0007084373127158442
2025-07-31,residual_1m,low_volatility_missing,0.0
2025-07-31,residual_1m,large_cap_stability_missing,0.0
2025-07-31,residual_1m,short_reversal_missing,0.0
2025-07-31,residual_1m,illiquidity_premium_missing,0.0
2025-07-31,residual_1m,roe_missing,-0.0017121705992984469
2025-07-31,residual_1m,roa_missing,-0.0038209301552168504
2025-07-31,residual_1m,gross_margin_missing,0.0066703295256578185
2025-07-31,residual_1m,cash_conversion_missing,-0.0027504049689293145
2025-07-31,residual_1m,medium_reversal_3m_missing,0.0
2025-07-31,residual_1m,medium_reversal_6m_missing,0.0
2025-07-31,residual_1m,return_stability_6m_missing,0.0
2025-07-31,residual_1m,return_stability_12m_missing,0.0
2025-07-31,residual_1m,downside_stability_12m_missing,0.0008216420793143509
2025-07-31,residual_1m,low_turnover_missing,0.0
2025-07-31,residual_1m,lottery_avoidance_missing,0.0
2025-07-31,residual_1m,residual_reversal_missing,0.0
2025-07-31,residual_1m,profitability_momentum_missing,-0.005374227989429795
2025-07-31,residual_1m,value_composite_missing,0.00047893721633425544
2025-07-31,residual_1m,quality_composite_missing,-0.0003631662074588731
2025-10-31,residual_1m,long_term_reversal_12_1,-0.008554775213501089
2025-10-31,residual_1m,earnings_yield,-0.00030299088611397944
2025-10-31,residual_1m,book_to_market,-0.012600565277811532
2025-10-31,residual_1m,sales_to_price,-0.009073280865873907
2025-10-31,residual_1m,low_volatility,0.000998212175071638
2025-10-31,residual_1m,large_cap_stability,-0.00719878019937836
2025-10-31,residual_1m,short_reversal,0.02179325952552255
2025-10-31,residual_1m,illiquidity_premium,-0.008003366202877973
2025-10-31,residual_1m,roe,-0.004680948698906131
2025-10-31,residual_1m,roa,-0.0010233382094130914
2025-10-31,residual_1m,gross_margin,0.007385035892395394
2025-10-31,residual_1m,cash_conversion,0.004448760860553084
2025-10-31,residual_1m,medium_reversal_3m,0.002523068525007258
2025-10-31,residual_1m,medium_reversal_6m,0.004894156198573909
2025-10-31,residual_1m,return_stability_6m,0.001993229531005314
2025-10-31,residual_1m,return_stability_12m,0.007034362175764245
2025-10-31,residual_1m,downside_stability_12m,-0.0016517440901040895
2025-10-31,residual_1m,low_turnover,0.005527861337582357
2025-10-31,residual_1m,lottery_avoidance,-0.001724556507327898
2025-10-31,residual_1m,residual_reversal,-0.012711722155304014
2025-10-31,residual_1m,profitability_momentum,0.0025634672299936377
2025-10-31,residual_1m,value_composite,0.03130644021932697
2025-10-31,residual_1m,quality_composite,-0.004731085862055348
2025-10-31,residual_1m,long_term_reversal_12_1_missing,-0.0003171730436975566
2025-10-31,residual_1m,earnings_yield_missing,-0.00877567778729323
2025-10-31,residual_1m,book_to_market_missing,-0.001315251192471715
2025-10-31,residual_1m,sales_to_price_missing,0.0007621793069095341
2025-10-31,residual_1m,low_volatility_missing,0.0
2025-10-31,residual_1m,large_cap_stability_missing,0.0
2025-10-31,residual_1m,short_reversal_missing,0.0
2025-10-31,residual_1m,illiquidity_premium_missing,0.0
2025-10-31,residual_1m,roe_missing,-0.0023483026101804015
2025-10-31,residual_1m,roa_missing,-0.006407391750009764
2025-10-31,residual_1m,gross_margin_missing,0.007211932592072458
2025-10-31,residual_1m,cash_conversion_missing,-0.002207782918413147
2025-10-31,residual_1m,medium_reversal_3m_missing,0.0
2025-10-31,residual_1m,medium_reversal_6m_missing,0.0
2025-10-31,residual_1m,return_stability_6m_missing,0.0
2025-10-31,residual_1m,return_stability_12m_missing,0.0
2025-10-31,residual_1m,downside_stability_12m_missing,0.0012864740714658607
2025-10-31,residual_1m,low_turnover_missing,0.0
2025-10-31,residual_1m,lottery_avoidance_missing,0.0
2025-10-31,residual_1m,residual_reversal_missing,0.0
2025-10-31,residual_1m,profitability_momentum_missing,-0.0032036113397286513
2025-10-31,residual_1m,value_composite_missing,-0.0009302264989614908
2025-10-31,residual_1m,quality_composite_missing,0.0008400375353842023
2018-01-31,residual_3m,long_term_reversal_12_1,-0.00607623137637382
2018-01-31,residual_3m,earnings_yield,0.019062059167101512
2018-01-31,residual_3m,book_to_market,0.006163822985429355
2018-01-31,residual_3m,sales_to_price,0.007981704469928625
2018-01-31,residual_3m,low_volatility,-0.0002263641186735215
2018-01-31,residual_3m,large_cap_stability,0.0020494645782967026
2018-01-31,residual_3m,short_reversal,0.017010613522872055
2018-01-31,residual_3m,illiquidity_premium,-0.014525848514662886
2018-01-31,residual_3m,roe,0.0013683113941594367
2018-01-31,residual_3m,roa,0.0013242338195755907
2018-01-31,residual_3m,gross_margin,0.010992684928242421
2018-01-31,residual_3m,cash_conversion,0.005443003880992874
2018-01-31,residual_3m,medium_reversal_3m,-0.000490723301597126
2018-01-31,residual_3m,medium_reversal_6m,0.004713361063938039
2018-01-31,residual_3m,return_stability_6m,-0.006352090972606716
2018-01-31,residual_3m,return_stability_12m,0.007774060940434144
2018-01-31,residual_3m,downside_stability_12m,-0.004276734769779884
2018-01-31,residual_3m,low_turnover,-0.02003908920370617
2018-01-31,residual_3m,lottery_avoidance,0.0060081558404294745
2018-01-31,residual_3m,residual_reversal,-0.009126281536254336
2018-01-31,residual_3m,profitability_momentum,0.010084498493196278
2018-01-31,residual_3m,value_composite,0.008955717939740199
2018-01-31,residual_3m,quality_composite,-0.008739884857847106
2018-01-31,residual_3m,long_term_reversal_12_1_missing,0.00028990201940571724
2018-01-31,residual_3m,earnings_yield_missing,-0.007338512660333389
2018-01-31,residual_3m,book_to_market_missing,-0.0006508944232773678
2018-01-31,residual_3m,sales_to_price_missing,-0.0009799911454908725
2018-01-31,residual_3m,low_volatility_missing,0.0
2018-01-31,residual_3m,large_cap_stability_missing,0.0
2018-01-31,residual_3m,short_reversal_missing,0.0
2018-01-31,residual_3m,illiquidity_premium_missing,0.0
2018-01-31,residual_3m,roe_missing,-0.0007334389382585449
2018-01-31,residual_3m,roa_missing,-0.010756880067350105
2018-01-31,residual_3m,gross_margin_missing,0.004907267717948202
2018-01-31,residual_3m,cash_conversion_missing,0.0024504393602457495
2018-01-31,residual_3m,medium_reversal_3m_missing,0.0
2018-01-31,residual_3m,medium_reversal_6m_missing,0.0
2018-01-31,residual_3m,return_stability_6m_missing,0.0
2018-01-31,residual_3m,return_stability_12m_missing,0.0
2018-01-31,residual_3m,downside_stability_12m_missing,-0.0017588336541494182
2018-01-31,residual_3m,low_turnover_missing,0.0
2018-01-31,residual_3m,lottery_avoidance_missing,0.0
2018-01-31,residual_3m,residual_reversal_missing,0.0
2018-01-31,residual_3m,profitability_momentum_missing,-0.0012492261654078705
2018-01-31,residual_3m,value_composite_missing,-0.0024683927217074237
2018-01-31,residual_3m,quality_composite_missing,0.006609661119810774
2018-04-30,residual_3m,long_term_reversal_12_1,-0.006290105834030641
2018-04-30,residual_3m,earnings_yield,0.019623146688583587
2018-04-30,residual_3m,book_to_market,0.007935312979706122
2018-04-30,residual_3m,sales_to_price,0.010268938426918001
2018-04-30,residual_3m,low_volatility,0.0007880530045685265
2018-04-30,residual_3m,large_cap_stability,0.0016414397544128809
2018-04-30,residual_3m,short_reversal,0.018243765921476356
2018-04-30,residual_3m,illiquidity_premium,-0.013114651851570056
2018-04-30,residual_3m,roe,0.0057956966244873745
2018-04-30,residual_3m,roa,0.0036381575362374576
2018-04-30,residual_3m,gross_margin,0.01294441457030358
2018-04-30,residual_3m,cash_conversion,0.006638736428574656
2018-04-30,residual_3m,medium_reversal_3m,-0.0009532934107062678
2018-04-30,residual_3m,medium_reversal_6m,0.0037356328396619372
2018-04-30,residual_3m,return_stability_6m,-0.005333441791727351
2018-04-30,residual_3m,return_stability_12m,0.006379492262831314
2018-04-30,residual_3m,downside_stability_12m,-0.0037419845014212516
2018-04-30,residual_3m,low_turnover,-0.02036558444169839
2018-04-30,residual_3m,lottery_avoidance,0.005921660712489458
2018-04-30,residual_3m,residual_reversal,-0.01047736641329969
2018-04-30,residual_3m,profitability_momentum,0.009173365508280594
2018-04-30,residual_3m,value_composite,0.004971338374787812
2018-04-30,residual_3m,quality_composite,-0.011458744405694846
2018-04-30,residual_3m,long_term_reversal_12_1_missing,0.0002479457679418662
2018-04-30,residual_3m,earnings_yield_missing,-0.006068530129475424
2018-04-30,residual_3m,book_to_market_missing,-0.00105426209896656
2018-04-30,residual_3m,sales_to_price_missing,-0.0006675230398200554
2018-04-30,residual_3m,low_volatility_missing,0.0
2018-04-30,residual_3m,large_cap_stability_missing,0.0
2018-04-30,residual_3m,short_reversal_missing,0.0
2018-04-30,residual_3m,illiquidity_premium_missing,0.0
2018-04-30,residual_3m,roe_missing,-0.0029955930983940945
2018-04-30,residual_3m,roa_missing,-0.008257459589366524
2018-04-30,residual_3m,gross_margin_missing,0.004601436373726153
2018-04-30,residual_3m,cash_conversion_missing,0.00198191311717661
2018-04-30,residual_3m,medium_reversal_3m_missing,0.0
2018-04-30,residual_3m,medium_reversal_6m_missing,0.0
2018-04-30,residual_3m,return_stability_6m_missing,0.0
2018-04-30,residual_3m,return_stability_12m_missing,0.0
2018-04-30,residual_3m,downside_stability_12m_missing,-0.0009534920197039603
2018-04-30,residual_3m,low_turnover_missing,0.0
2018-04-30,residual_3m,lottery_avoidance_missing,0.0
2018-04-30,residual_3m,residual_reversal_missing,0.0
2018-04-30,residual_3m,profitability_momentum_missing,-0.0007940399108136311
2018-04-30,residual_3m,value_composite_missing,-0.002292691256167317
2018-04-30,residual_3m,quality_composite_missing,0.007240193032637706
2018-07-31,residual_3m,long_term_reversal_12_1,-0.0062312164403842156
2018-07-31,residual_3m,earnings_yield,0.017687327860238154
2018-07-31,residual_3m,book_to_market,0.005130260534961896
2018-07-31,residual_3m,sales_to_price,0.010106871895065567
2018-07-31,residual_3m,low_volatility,0.0025747378403739684
2018-07-31,residual_3m,large_cap_stability,0.0005372405142436732
2018-07-31,residual_3m,short_reversal,0.020245178733984612
2018-07-31,residual_3m,illiquidity_premium,-0.012617629449032336
2018-07-31,residual_3m,roe,0.006613796929150023
2018-07-31,residual_3m,roa,0.0059453416213308815
2018-07-31,residual_3m,gross_margin,0.014588096178933578
2018-07-31,residual_3m,cash_conversion,0.007343693487870992
2018-07-31,residual_3m,medium_reversal_3m,-0.001176127002277356
2018-07-31,residual_3m,medium_reversal_6m,0.0002795207128493952
2018-07-31,residual_3m,return_stability_6m,-0.006676943485301081
2018-07-31,residual_3m,return_stability_12m,0.008093819402349088
2018-07-31,residual_3m,downside_stability_12m,-0.0030883774869767556
2018-07-31,residual_3m,low_turnover,-0.01668879999367438
2018-07-31,residual_3m,lottery_avoidance,0.005079123893703816
2018-07-31,residual_3m,residual_reversal,-0.011624898229665871
2018-07-31,residual_3m,profitability_momentum,0.006920022791271757
2018-07-31,residual_3m,value_composite,0.004498267284834104
2018-07-31,residual_3m,quality_composite,-0.013374023805791873
2018-07-31,residual_3m,long_term_reversal_12_1_missing,-0.000571573859279748
2018-07-31,residual_3m,earnings_yield_missing,-0.006819483041735878
2018-07-31,residual_3m,book_to_market_missing,-0.001826177662658796
2018-07-31,residual_3m,sales_to_price_missing,-0.0020074415914482376
2018-07-31,residual_3m,low_volatility_missing,0.0
2018-07-31,residual_3m,large_cap_stability_missing,0.0
2018-07-31,residual_3m,short_reversal_missing,0.0
2018-07-31,residual_3m,illiquidity_premium_missing,0.0
2018-07-31,residual_3m,roe_missing,-0.0030885423703326254
2018-07-31,residual_3m,roa_missing,-0.009467153843760973
2018-07-31,residual_3m,gross_margin_missing,0.005275023768161945
2018-07-31,residual_3m,cash_conversion_missing,0.0020618845400340808
2018-07-31,residual_3m,medium_reversal_3m_missing,0.0
2018-07-31,residual_3m,medium_reversal_6m_missing,0.0
2018-07-31,residual_3m,return_stability_6m_missing,0.0
2018-07-31,residual_3m,return_stability_12m_missing,0.0
2018-07-31,residual_3m,downside_stability_12m_missing,-0.0001496696582115947
2018-07-31,residual_3m,low_turnover_missing,0.0
2018-07-31,residual_3m,lottery_avoidance_missing,0.0
2018-07-31,residual_3m,residual_reversal_missing,0.0
2018-07-31,residual_3m,profitability_momentum_missing,0.0010550344514278175
2018-07-31,residual_3m,value_composite_missing,-0.0015412624338590952
2018-07-31,residual_3m,quality_composite_missing,0.011039351623630659
2018-10-31,residual_3m,long_term_reversal_12_1,-0.006089208148295804
2018-10-31,residual_3m,earnings_yield,0.017596745643753693
2018-10-31,residual_3m,book_to_market,0.00690871824727836
2018-10-31,residual_3m,sales_to_price,0.011321491282553975
2018-10-31,residual_3m,low_volatility,0.002401245834909812
2018-10-31,residual_3m,large_cap_stability,-0.0008674893751409603
2018-10-31,residual_3m,short_reversal,0.02024075407349762
2018-10-31,residual_3m,illiquidity_premium,-0.011988588069001856
2018-10-31,residual_3m,roe,0.007794120546166473
2018-10-31,residual_3m,roa,0.007826222595700236
2018-10-31,residual_3m,gross_margin,0.014977985483311843
2018-10-31,residual_3m,cash_conversion,0.00869867425803513
2018-10-31,residual_3m,medium_reversal_3m,-0.002487650269284675
2018-10-31,residual_3m,medium_reversal_6m,0.0008571730599185016
2018-10-31,residual_3m,return_stability_6m,-0.006879060147050092
2018-10-31,residual_3m,return_stability_12m,0.007777785109294843
2018-10-31,residual_3m,downside_stability_12m,-0.0026181210195901955
2018-10-31,residual_3m,low_turnover,-0.015442527783027191
2018-10-31,residual_3m,lottery_avoidance,0.00494224184888395
2018-10-31,residual_3m,residual_reversal,-0.010770500236636912
2018-10-31,residual_3m,profitability_momentum,0.00663478718710946
2018-10-31,residual_3m,value_composite,0.0025573774305733096
2018-10-31,residual_3m,quality_composite,-0.016126749261704168
2018-10-31,residual_3m,long_term_reversal_12_1_missing,-0.001310191355430128
2018-10-31,residual_3m,earnings_yield_missing,-0.0059851045867161555
2018-10-31,residual_3m,book_to_market_missing,-0.0017200505358642086
2018-10-31,residual_3m,sales_to_price_missing,-0.0038240275277868037
2018-10-31,residual_3m,low_volatility_missing,0.0
2018-10-31,residual_3m,large_cap_stability_missing,0.0
2018-10-31,residual_3m,short_reversal_missing,0.0
2018-10-31,residual_3m,illiquidity_premium_missing,0.0
2018-10-31,residual_3m,roe_missing,-0.0024789126136187008
2018-10-31,residual_3m,roa_missing,-0.010987797310280432
2018-10-31,residual_3m,gross_margin_missing,0.005591939890069786
2018-10-31,residual_3m,cash_conversion_missing,0.0006610064743913718
2018-10-31,residual_3m,medium_reversal_3m_missing,0.0
2018-10-31,residual_3m,medium_reversal_6m_missing,0.0
2018-10-31,residual_3m,return_stability_6m_missing,0.0
2018-10-31,residual_3m,return_stability_12m_missing,0.0
2018-10-31,residual_3m,downside_stability_12m_missing,0.0006749764714758416
2018-10-31,residual_3m,low_turnover_missing,0.0
2018-10-31,residual_3m,lottery_avoidance_missing,0.0
2018-10-31,residual_3m,residual_reversal_missing,0.0
2018-10-31,residual_3m,profitability_momentum_missing,0.0018142517114702428
2018-10-31,residual_3m,value_composite_missing,-0.0011765549679357537
2018-10-31,residual_3m,quality_composite_missing,0.011911322827866591
2019-01-31,residual_3m,long_term_reversal_12_1,-0.004566121197785264
2019-01-31,residual_3m,earnings_yield,0.016961035808374963
2019-01-31,residual_3m,book_to_market,0.007667514697252608
2019-01-31,residual_3m,sales_to_price,0.01037513250914929
2019-01-31,residual_3m,low_volatility,0.0019957665013765817
2019-01-31,residual_3m,large_cap_stability,-0.001699783971577349
2019-01-31,residual_3m,short_reversal,0.0197115346474
2019-01-31,residual_3m,illiquidity_premium,-0.012036527546298118
2019-01-31,residual_3m,roe,0.007437764462837477
2019-01-31,residual_3m,roa,0.0078147349280158
2019-01-31,residual_3m,gross_margin,0.014073307934148738
2019-01-31,residual_3m,cash_conversion,0.009117852969879985
2019-01-31,residual_3m,medium_reversal_3m,-0.0031086777521667345
2019-01-31,residual_3m,medium_reversal_6m,0.001321879571296546
2019-01-31,residual_3m,return_stability_6m,-0.007541000698784382
2019-01-31,residual_3m,return_stability_12m,0.008677942590342765
2019-01-31,residual_3m,downside_stability_12m,-0.0027440788221900236
2019-01-31,residual_3m,low_turnover,-0.01367603334692108
2019-01-31,residual_3m,lottery_avoidance,0.0050965282908932204
2019-01-31,residual_3m,residual_reversal,-0.011676219553433221
2019-01-31,residual_3m,profitability_momentum,0.004717264689349854
2019-01-31,residual_3m,value_composite,0.0023155121508528667
2019-01-31,residual_3m,quality_composite,-0.01706695821217479
2019-01-31,residual_3m,long_term_reversal_12_1_missing,-0.001794636226863791
2019-01-31,residual_3m,earnings_yield_missing,-0.006116794769509743
2019-01-31,residual_3m,book_to_market_missing,-0.0011234240839367053
2019-01-31,residual_3m,sales_to_price_missing,-0.002661547757726436
2019-01-31,residual_3m,low_volatility_missing,0.0
2019-01-31,residual_3m,large_cap_stability_missing,0.0
2019-01-31,residual_3m,short_reversal_missing,0.0
2019-01-31,residual_3m,illiquidity_premium_missing,0.0
2019-01-31,residual_3m,roe_missing,-0.0030269451554413725
2019-01-31,residual_3m,roa_missing,-0.011041259671247914
2019-01-31,residual_3m,gross_margin_missing,0.005617168730922318
2019-01-31,residual_3m,cash_conversion_missing,-0.00046836966557265775
2019-01-31,residual_3m,medium_reversal_3m_missing,0.0
2019-01-31,residual_3m,medium_reversal_6m_missing,0.0
2019-01-31,residual_3m,return_stability_6m_missing,0.0
2019-01-31,residual_3m,return_stability_12m_missing,0.0
2019-01-31,residual_3m,downside_stability_12m_missing,0.0018301628247666681
2019-01-31,residual_3m,low_turnover_missing,0.0
2019-01-31,residual_3m,lottery_avoidance_missing,0.0
2019-01-31,residual_3m,residual_reversal_missing,0.0
2019-01-31,residual_3m,profitability_momentum_missing,0.0015938882384405543
2019-01-31,residual_3m,value_composite_missing,-0.0015809534200368629
2019-01-31,residual_3m,quality_composite_missing,0.011610077028179889
2019-04-30,residual_3m,long_term_reversal_12_1,-0.002263214226009972
2019-04-30,residual_3m,earnings_yield,0.016007804849207018
2019-04-30,residual_3m,book_to_market,0.00797063095011444
2019-04-30,residual_3m,sales_to_price,0.010340033571257599
2019-04-30,residual_3m,low_volatility,0.001782919429896341
2019-04-30,residual_3m,large_cap_stability,0.0013685216975407853
2019-04-30,residual_3m,short_reversal,0.021939778056395437
2019-04-30,residual_3m,illiquidity_premium,-0.009039694427941877
2019-04-30,residual_3m,roe,0.008024390818224487
2019-04-30,residual_3m,roa,0.008396535574877961
2019-04-30,residual_3m,gross_margin,0.014625069844681593
2019-04-30,residual_3m,cash_conversion,0.009337418732118376
2019-04-30,residual_3m,medium_reversal_3m,-0.0022089815035024503
2019-04-30,residual_3m,medium_reversal_6m,0.0004933860112932957
2019-04-30,residual_3m,return_stability_6m,-0.0062787406326812595
2019-04-30,residual_3m,return_stability_12m,0.008306091968645636
2019-04-30,residual_3m,downside_stability_12m,-0.002369970756534965
2019-04-30,residual_3m,low_turnover,-0.015382211139306184
2019-04-30,residual_3m,lottery_avoidance,0.0044261200085698
2019-04-30,residual_3m,residual_reversal,-0.011904902698047826
2019-04-30,residual_3m,profitability_momentum,0.004979667901694452
2019-04-30,residual_3m,value_composite,0.001736482440539587
2019-04-30,residual_3m,quality_composite,-0.01867658852468077
2019-04-30,residual_3m,long_term_reversal_12_1_missing,-0.0014702045969502513
2019-04-30,residual_3m,earnings_yield_missing,-0.006573720295873805
2019-04-30,residual_3m,book_to_market_missing,-0.0011251895199582411
2019-04-30,residual_3m,sales_to_price_missing,-0.0032419132722859797
2019-04-30,residual_3m,low_volatility_missing,0.0
2019-04-30,residual_3m,large_cap_stability_missing,0.0
2019-04-30,residual_3m,short_reversal_missing,0.0
2019-04-30,residual_3m,illiquidity_premium_missing,0.0
2019-04-30,residual_3m,roe_missing,-0.003765552283164529
2019-04-30,residual_3m,roa_missing,-0.01097517664497703
2019-04-30,residual_3m,gross_margin_missing,0.005468955639084076
2019-04-30,residual_3m,cash_conversion_missing,-0.0009227148136354071
2019-04-30,residual_3m,medium_reversal_3m_missing,0.0
2019-04-30,residual_3m,medium_reversal_6m_missing,0.0
2019-04-30,residual_3m,return_stability_6m_missing,0.0
2019-04-30,residual_3m,return_stability_12m_missing,0.0
2019-04-30,residual_3m,downside_stability_12m_missing,0.002740416468908686
2019-04-30,residual_3m,low_turnover_missing,0.0
2019-04-30,residual_3m,lottery_avoidance_missing,0.0
2019-04-30,residual_3m,residual_reversal_missing,0.0
2019-04-30,residual_3m,profitability_momentum_missing,0.0005311269239756451
2019-04-30,residual_3m,value_composite_missing,-0.0012706253335459997
2019-04-30,residual_3m,quality_composite_missing,0.012255333440618353
2019-07-31,residual_3m,long_term_reversal_12_1,-0.0028853803619876823
2019-07-31,residual_3m,earnings_yield,0.014857592399949658
2019-07-31,residual_3m,book_to_market,0.007513005276815925
2019-07-31,residual_3m,sales_to_price,0.009949349986447696
2019-07-31,residual_3m,low_volatility,0.0021426664923775234
2019-07-31,residual_3m,large_cap_stability,0.002827031459061956
2019-07-31,residual_3m,short_reversal,0.019288038797324023
2019-07-31,residual_3m,illiquidity_premium,-0.007240467096557554
2019-07-31,residual_3m,roe,0.008348948929323198
2019-07-31,residual_3m,roa,0.007564981416860295
2019-07-31,residual_3m,gross_margin,0.015375949460730853
2019-07-31,residual_3m,cash_conversion,0.009476709894688492
2019-07-31,residual_3m,medium_reversal_3m,-0.002449458657569282
2019-07-31,residual_3m,medium_reversal_6m,0.0005284354876948602
2019-07-31,residual_3m,return_stability_6m,-0.006107039164804649
2019-07-31,residual_3m,return_stability_12m,0.007981600062974131
2019-07-31,residual_3m,downside_stability_12m,-0.0022020002822049
2019-07-31,residual_3m,low_turnover,-0.01559221771230958
2019-07-31,residual_3m,lottery_avoidance,0.00366768214912751
2019-07-31,residual_3m,residual_reversal,-0.009479740494602725
2019-07-31,residual_3m,profitability_momentum,0.004308772772389041
2019-07-31,residual_3m,value_composite,0.0026414552517796345
2019-07-31,residual_3m,quality_composite,-0.020503509144075022
2019-07-31,residual_3m,long_term_reversal_12_1_missing,-0.0008307491044224445
2019-07-31,residual_3m,earnings_yield_missing,-0.00685712998695648
2019-07-31,residual_3m,book_to_market_missing,-0.0030730297428459316
2019-07-31,residual_3m,sales_to_price_missing,-0.0018697537323491295
2019-07-31,residual_3m,low_volatility_missing,0.0
2019-07-31,residual_3m,large_cap_stability_missing,0.0
2019-07-31,residual_3m,short_reversal_missing,0.0
2019-07-31,residual_3m,illiquidity_premium_missing,0.0
2019-07-31,residual_3m,roe_missing,-0.001606219433068466
2019-07-31,residual_3m,roa_missing,-0.012541629810750634
2019-07-31,residual_3m,gross_margin_missing,0.004944102480947227
2019-07-31,residual_3m,cash_conversion_missing,-0.0011988833958627803
2019-07-31,residual_3m,medium_reversal_3m_missing,0.0
2019-07-31,residual_3m,medium_reversal_6m_missing,0.0
2019-07-31,residual_3m,return_stability_6m_missing,0.0
2019-07-31,residual_3m,return_stability_12m_missing,0.0
2019-07-31,residual_3m,downside_stability_12m_missing,0.0031988325693391093
2019-07-31,residual_3m,low_turnover_missing,0.0
2019-07-31,residual_3m,lottery_avoidance_missing,0.0
2019-07-31,residual_3m,residual_reversal_missing,0.0
2019-07-31,residual_3m,profitability_momentum_missing,-0.0006347785167567128
2019-07-31,residual_3m,value_composite_missing,-0.00114542420905085
2019-07-31,residual_3m,quality_composite_missing,0.010243218307106079
2019-10-31,residual_3m,long_term_reversal_12_1,-0.0027359794446766843
2019-10-31,residual_3m,earnings_yield,0.013304076880047956
2019-10-31,residual_3m,book_to_market,0.005229120797637575
2019-10-31,residual_3m,sales_to_price,0.009201472050732377
2019-10-31,residual_3m,low_volatility,0.00244614310033473
2019-10-31,residual_3m,large_cap_stability,0.0008909956877628071
2019-10-31,residual_3m,short_reversal,0.019890327387033162
2019-10-31,residual_3m,illiquidity_premium,-0.00807808471744173
2019-10-31,residual_3m,roe,0.009955385966431491
2019-10-31,residual_3m,roa,0.009732356595862366
2019-10-31,residual_3m,gross_margin,0.015907635791043772
2019-10-31,residual_3m,cash_conversion,0.010653533129475885
2019-10-31,residual_3m,medium_reversal_3m,-0.0022199708028059913
2019-10-31,residual_3m,medium_reversal_6m,-0.0008493768046024553
2019-10-31,residual_3m,return_stability_6m,-0.005841245825749366
2019-10-31,residual_3m,return_stability_12m,0.008587839784641468
2019-10-31,residual_3m,downside_stability_12m,-0.0026831173492223915
2019-10-31,residual_3m,low_turnover,-0.013483394049021963
2019-10-31,residual_3m,lottery_avoidance,0.0034028199334474292
2019-10-31,residual_3m,residual_reversal,-0.010064103403765852
2019-10-31,residual_3m,profitability_momentum,0.004478523585897161
2019-10-31,residual_3m,value_composite,0.0026865177063611877
2019-10-31,residual_3m,quality_composite,-0.02234124178267106
2019-10-31,residual_3m,long_term_reversal_12_1_missing,-0.0012522663377334188
2019-10-31,residual_3m,earnings_yield_missing,-0.006958685420432149
2019-10-31,residual_3m,book_to_market_missing,-0.0027492998374581833
2019-10-31,residual_3m,sales_to_price_missing,-0.001996981934831769
2019-10-31,residual_3m,low_volatility_missing,0.0
2019-10-31,residual_3m,large_cap_stability_missing,0.0
2019-10-31,residual_3m,short_reversal_missing,0.0
2019-10-31,residual_3m,illiquidity_premium_missing,0.0
2019-10-31,residual_3m,roe_missing,-0.005048025686648852
2019-10-31,residual_3m,roa_missing,-0.013082605141256453
2019-10-31,residual_3m,gross_margin_missing,0.005345658642449617
2019-10-31,residual_3m,cash_conversion_missing,-0.0014215624546693466
2019-10-31,residual_3m,medium_reversal_3m_missing,0.0
2019-10-31,residual_3m,medium_reversal_6m_missing,0.0
2019-10-31,residual_3m,return_stability_6m_missing,0.0
2019-10-31,residual_3m,return_stability_12m_missing,0.0
2019-10-31,residual_3m,downside_stability_12m_missing,0.003060713163979144
2019-10-31,residual_3m,low_turnover_missing,0.0
2019-10-31,residual_3m,lottery_avoidance_missing,0.0
2019-10-31,residual_3m,residual_reversal_missing,0.0
2019-10-31,residual_3m,profitability_momentum_missing,-4.584207627867902e-06
2019-10-31,residual_3m,value_composite_missing,-0.0009282899283850064
2019-10-31,residual_3m,quality_composite_missing,0.01324916614242243
2020-01-31,residual_3m,long_term_reversal_12_1,-0.0027774846436799455
2020-01-31,residual_3m,earnings_yield,0.013707605723466727
2020-01-31,residual_3m,book_to_market,0.003025456196438229
2020-01-31,residual_3m,sales_to_price,0.00919838569602545
2020-01-31,residual_3m,low_volatility,0.0026160276110065647
2020-01-31,residual_3m,large_cap_stability,0.0007025865000722057
2020-01-31,residual_3m,short_reversal,0.019752075236218695
2020-01-31,residual_3m,illiquidity_premium,-0.007549837651571193
2020-01-31,residual_3m,roe,0.009514703632672868
2020-01-31,residual_3m,roa,0.010372493177692083
2020-01-31,residual_3m,gross_margin,0.016668451219915965
2020-01-31,residual_3m,cash_conversion,0.01107468014123031
2020-01-31,residual_3m,medium_reversal_3m,-0.0035750753190607392
2020-01-31,residual_3m,medium_reversal_6m,-0.00013638863047406543
2020-01-31,residual_3m,return_stability_6m,-0.004616187642390829
2020-01-31,residual_3m,return_stability_12m,0.00858134646119616
2020-01-31,residual_3m,downside_stability_12m,-0.002916461881393981
2020-01-31,residual_3m,low_turnover,-0.013080365159845132
2020-01-31,residual_3m,lottery_avoidance,0.0031570172813346225
2020-01-31,residual_3m,residual_reversal,-0.010569489678102218
2020-01-31,residual_3m,profitability_momentum,0.0037749130261378796
2020-01-31,residual_3m,value_composite,0.0029060771901211744
2020-01-31,residual_3m,quality_composite,-0.0222324975500456
2020-01-31,residual_3m,long_term_reversal_12_1_missing,-0.0013726837967187188
2020-01-31,residual_3m,earnings_yield_missing,-0.007718462568442461
2020-01-31,residual_3m,book_to_market_missing,-0.002005046562364462
2020-01-31,residual_3m,sales_to_price_missing,-0.002210110247173396
2020-01-31,residual_3m,low_volatility_missing,0.0
2020-01-31,residual_3m,large_cap_stability_missing,0.0
2020-01-31,residual_3m,short_reversal_missing,0.0
2020-01-31,residual_3m,illiquidity_premium_missing,0.0
2020-01-31,residual_3m,roe_missing,-0.006920558229718286
2020-01-31,residual_3m,roa_missing,-0.01140756732864089
2020-01-31,residual_3m,gross_margin_missing,0.005254553284434058
2020-01-31,residual_3m,cash_conversion_missing,-0.001477913534281913
2020-01-31,residual_3m,medium_reversal_3m_missing,0.0
2020-01-31,residual_3m,medium_reversal_6m_missing,0.0
2020-01-31,residual_3m,return_stability_6m_missing,0.0
2020-01-31,residual_3m,return_stability_12m_missing,0.0
2020-01-31,residual_3m,downside_stability_12m_missing,0.0030982206223679073
2020-01-31,residual_3m,low_turnover_missing,0.0
2020-01-31,residual_3m,lottery_avoidance_missing,0.0
2020-01-31,residual_3m,residual_reversal_missing,0.0
2020-01-31,residual_3m,profitability_momentum_missing,-0.00014595344650668407
2020-01-31,residual_3m,value_composite_missing,-0.000982638580574023
2020-01-31,residual_3m,quality_composite_missing,0.013415103658155776
2020-04-30,residual_3m,long_term_reversal_12_1,-0.0030020857047059362
2020-04-30,residual_3m,earnings_yield,0.011785291732969584
2020-04-30,residual_3m,book_to_market,0.00275075896579923
2020-04-30,residual_3m,sales_to_price,0.008958613636962914
2020-04-30,residual_3m,low_volatility,0.0021641585013544825
2020-04-30,residual_3m,large_cap_stability,0.0006797669916553856
2020-04-30,residual_3m,short_reversal,0.01922735229070746
2020-04-30,residual_3m,illiquidity_premium,-0.006936310088223174
2020-04-30,residual_3m,roe,0.01070039847376974
2020-04-30,residual_3m,roa,0.010193451612597618
2020-04-30,residual_3m,gross_margin,0.017557803955839068
2020-04-30,residual_3m,cash_conversion,0.011075402066086966
2020-04-30,residual_3m,medium_reversal_3m,-0.00390110877242009
2020-04-30,residual_3m,medium_reversal_6m,-0.0008663459015672867
2020-04-30,residual_3m,return_stability_6m,-0.004232708242698583
2020-04-30,residual_3m,return_stability_12m,0.00929903874072385
2020-04-30,residual_3m,downside_stability_12m,-0.0024134926370124603
2020-04-30,residual_3m,low_turnover,-0.012642157681004407
2020-04-30,residual_3m,lottery_avoidance,0.003180555695353361
2020-04-30,residual_3m,residual_reversal,-0.010113300873495878
2020-04-30,residual_3m,profitability_momentum,0.003830856712097661
2020-04-30,residual_3m,value_composite,0.0036060049662673035
2020-04-30,residual_3m,quality_composite,-0.022059662123563206
2020-04-30,residual_3m,long_term_reversal_12_1_missing,-0.0011506454915080602
2020-04-30,residual_3m,earnings_yield_missing,-0.007713084663160131
2020-04-30,residual_3m,book_to_market_missing,-0.002114898127083921
2020-04-30,residual_3m,sales_to_price_missing,-0.0025609628760535808
2020-04-30,residual_3m,low_volatility_missing,0.0
2020-04-30,residual_3m,large_cap_stability_missing,0.0
2020-04-30,residual_3m,short_reversal_missing,0.0
2020-04-30,residual_3m,illiquidity_premium_missing,0.0
2020-04-30,residual_3m,roe_missing,-0.007744899806352276
2020-04-30,residual_3m,roa_missing,-0.012772679555597542
2020-04-30,residual_3m,gross_margin_missing,0.0058782637435886844
2020-04-30,residual_3m,cash_conversion_missing,-0.001911808097542368
2020-04-30,residual_3m,medium_reversal_3m_missing,0.0
2020-04-30,residual_3m,medium_reversal_6m_missing,0.0
2020-04-30,residual_3m,return_stability_6m_missing,0.0
2020-04-30,residual_3m,return_stability_12m_missing,0.0
2020-04-30,residual_3m,downside_stability_12m_missing,0.002939555684991393
2020-04-30,residual_3m,low_turnover_missing,0.0
2020-04-30,residual_3m,lottery_avoidance_missing,0.0
2020-04-30,residual_3m,residual_reversal_missing,0.0
2020-04-30,residual_3m,profitability_momentum_missing,-0.0002517084577922192
2020-04-30,residual_3m,value_composite_missing,-0.0007341866425721853
2020-04-30,residual_3m,quality_composite_missing,0.015357225787448144
2020-07-31,residual_3m,long_term_reversal_12_1,-0.004690645767804591
2020-07-31,residual_3m,earnings_yield,0.010977326977835215
2020-07-31,residual_3m,book_to_market,0.0010354316822287553
2020-07-31,residual_3m,sales_to_price,0.007980601520368117
2020-07-31,residual_3m,low_volatility,0.0021164402567868577
2020-07-31,residual_3m,large_cap_stability,-0.0009698308582687283
2020-07-31,residual_3m,short_reversal,0.020353848702528213
2020-07-31,residual_3m,illiquidity_premium,-0.007345952064183232
2020-07-31,residual_3m,roe,0.01010372574348739
2020-07-31,residual_3m,roa,0.011847087656410328
2020-07-31,residual_3m,gross_margin,0.017934225370242418
2020-07-31,residual_3m,cash_conversion,0.011595335773133635
2020-07-31,residual_3m,medium_reversal_3m,-0.004101766456295102
2020-07-31,residual_3m,medium_reversal_6m,-0.00088801902529929
2020-07-31,residual_3m,return_stability_6m,-0.004973843590959496
2020-07-31,residual_3m,return_stability_12m,0.009496059140683423
2020-07-31,residual_3m,downside_stability_12m,-0.0026256602165670544
2020-07-31,residual_3m,low_turnover,-0.010217363004635667
2020-07-31,residual_3m,lottery_avoidance,0.003235198202795117
2020-07-31,residual_3m,residual_reversal,-0.011595156887134033
2020-07-31,residual_3m,profitability_momentum,0.0042649999450452124
2020-07-31,residual_3m,value_composite,0.004099991051416587
2020-07-31,residual_3m,quality_composite,-0.022765942279390706
2020-07-31,residual_3m,long_term_reversal_12_1_missing,-0.0012427306998924002
2020-07-31,residual_3m,earnings_yield_missing,-0.008689559095979571
2020-07-31,residual_3m,book_to_market_missing,-0.00307855130062477
2020-07-31,residual_3m,sales_to_price_missing,-0.002969016884986043
2020-07-31,residual_3m,low_volatility_missing,0.0
2020-07-31,residual_3m,large_cap_stability_missing,0.0
2020-07-31,residual_3m,short_reversal_missing,0.0
2020-07-31,residual_3m,illiquidity_premium_missing,0.0
2020-07-31,residual_3m,roe_missing,-0.007884139803797069
2020-07-31,residual_3m,roa_missing,-0.011768871924685873
2020-07-31,residual_3m,gross_margin_missing,0.006087016169339775
2020-07-31,residual_3m,cash_conversion_missing,-0.0019588161140015824
2020-07-31,residual_3m,medium_reversal_3m_missing,0.0
2020-07-31,residual_3m,medium_reversal_6m_missing,0.0
2020-07-31,residual_3m,return_stability_6m_missing,0.0
2020-07-31,residual_3m,return_stability_12m_missing,0.0
2020-07-31,residual_3m,downside_stability_12m_missing,0.003733580410052656
2020-07-31,residual_3m,low_turnover_missing,0.0
2020-07-31,residual_3m,lottery_avoidance_missing,0.0
2020-07-31,residual_3m,residual_reversal_missing,0.0
2020-07-31,residual_3m,profitability_momentum_missing,-0.00021934562678609036
2020-07-31,residual_3m,value_composite_missing,-0.00032808091184590663
2020-07-31,residual_3m,quality_composite_missing,0.015192916691713425
2020-10-31,residual_3m,long_term_reversal_12_1,-0.00495367956317368
2020-10-31,residual_3m,earnings_yield,0.010694616693712489
2020-10-31,residual_3m,book_to_market,0.0004940645605941348
2020-10-31,residual_3m,sales_to_price,0.007343897147803028
2020-10-31,residual_3m,low_volatility,0.0023379400687323386
2020-10-31,residual_3m,large_cap_stability,-0.0019480338209359517
2020-10-31,residual_3m,short_reversal,0.01937718701403535
2020-10-31,residual_3m,illiquidity_premium,-0.007124887226923426
2020-10-31,residual_3m,roe,0.011535217037905028
2020-10-31,residual_3m,roa,0.011199949541583615
2020-10-31,residual_3m,gross_margin,0.01865564397348237
2020-10-31,residual_3m,cash_conversion,0.011857054202737315
2020-10-31,residual_3m,medium_reversal_3m,-0.004070104170180475
2020-10-31,residual_3m,medium_reversal_6m,-0.00028735943920648894
2020-10-31,residual_3m,return_stability_6m,-0.005562089782738758
2020-10-31,residual_3m,return_stability_12m,0.00998580641419618
2020-10-31,residual_3m,downside_stability_12m,-0.0025068930233107024
2020-10-31,residual_3m,low_turnover,-0.009507271361284403
2020-10-31,residual_3m,lottery_avoidance,0.003567953738502672
2020-10-31,residual_3m,residual_reversal,-0.01195844879037682
2020-10-31,residual_3m,profitability_momentum,0.004958296928373616
2020-10-31,residual_3m,value_composite,0.0048375254658353335
2020-10-31,residual_3m,quality_composite,-0.023229029317168724
2020-10-31,residual_3m,long_term_reversal_12_1_missing,-0.0009310635350557185
2020-10-31,residual_3m,earnings_yield_missing,-0.008052468827347045
2020-10-31,residual_3m,book_to_market_missing,-0.003066748312109882
2020-10-31,residual_3m,sales_to_price_missing,-0.004440060127318502
2020-10-31,residual_3m,low_volatility_missing,0.0
2020-10-31,residual_3m,large_cap_stability_missing,0.0
2020-10-31,residual_3m,short_reversal_missing,0.0
2020-10-31,residual_3m,illiquidity_premium_missing,0.0
2020-10-31,residual_3m,roe_missing,-0.008276641766130537
2020-10-31,residual_3m,roa_missing,-0.012537558468259602
2020-10-31,residual_3m,gross_margin_missing,0.006207550084712665
2020-10-31,residual_3m,cash_conversion_missing,-0.0011378975571988187
2020-10-31,residual_3m,medium_reversal_3m_missing,0.0
2020-10-31,residual_3m,medium_reversal_6m_missing,0.0
2020-10-31,residual_3m,return_stability_6m_missing,0.0
2020-10-31,residual_3m,return_stability_12m_missing,0.0
2020-10-31,residual_3m,downside_stability_12m_missing,0.003616621510282482
2020-10-31,residual_3m,low_turnover_missing,0.0
2020-10-31,residual_3m,lottery_avoidance_missing,0.0
2020-10-31,residual_3m,residual_reversal_missing,0.0
2020-10-31,residual_3m,profitability_momentum_missing,-0.0008218690443884138
2020-10-31,residual_3m,value_composite_missing,-7.536557438592655e-05
2020-10-31,residual_3m,quality_composite_missing,0.016609298876571192
2021-01-31,residual_3m,long_term_reversal_12_1,-0.004181836613251869
2021-01-31,residual_3m,earnings_yield,0.009850408365657511
2021-01-31,residual_3m,book_to_market,-0.0008003378961525865
2021-01-31,residual_3m,sales_to_price,0.006896018790985741
2021-01-31,residual_3m,low_volatility,0.0004850003765407669
2021-01-31,residual_3m,large_cap_stability,-0.0036878092720124857
2021-01-31,residual_3m,short_reversal,0.018848914607762033
2021-01-31,residual_3m,illiquidity_premium,-0.008735644206569929
2021-01-31,residual_3m,roe,0.012129506020371775
2021-01-31,residual_3m,roa,0.008612246934439356
2021-01-31,residual_3m,gross_margin,0.01777229491987026
2021-01-31,residual_3m,cash_conversion,0.011084605577138086
2021-01-31,residual_3m,medium_reversal_3m,-0.0037251918827013006
2021-01-31,residual_3m,medium_reversal_6m,-0.00013718577576623815
2021-01-31,residual_3m,return_stability_6m,-0.005006869427775753
2021-01-31,residual_3m,return_stability_12m,0.010815826831382219
2021-01-31,residual_3m,downside_stability_12m,-0.0021550713137377473
2021-01-31,residual_3m,low_turnover,-0.007508535958921723
2021-01-31,residual_3m,lottery_avoidance,0.004372938630320009
2021-01-31,residual_3m,residual_reversal,-0.012252004988903345
2021-01-31,residual_3m,profitability_momentum,0.004105599068970011
2021-01-31,residual_3m,value_composite,0.0064197646168708
2021-01-31,residual_3m,quality_composite,-0.021341273627816775
2021-01-31,residual_3m,long_term_reversal_12_1_missing,-0.0014861962657596961
2021-01-31,residual_3m,earnings_yield_missing,-0.007868626407593605
2021-01-31,residual_3m,book_to_market_missing,-0.0029731537940103727
2021-01-31,residual_3m,sales_to_price_missing,-0.004079724808168959
2021-01-31,residual_3m,low_volatility_missing,0.0
2021-01-31,residual_3m,large_cap_stability_missing,0.0
2021-01-31,residual_3m,short_reversal_missing,0.0
2021-01-31,residual_3m,illiquidity_premium_missing,0.0
2021-01-31,residual_3m,roe_missing,-0.008215741104781306
2021-01-31,residual_3m,roa_missing,-0.011066671850066184
2021-01-31,residual_3m,gross_margin_missing,0.006083626209487073
2021-01-31,residual_3m,cash_conversion_missing,-0.000865078306905438
2021-01-31,residual_3m,medium_reversal_3m_missing,0.0
2021-01-31,residual_3m,medium_reversal_6m_missing,0.0
2021-01-31,residual_3m,return_stability_6m_missing,0.0
2021-01-31,residual_3m,return_stability_12m_missing,0.0
2021-01-31,residual_3m,downside_stability_12m_missing,0.002968424527841569
2021-01-31,residual_3m,low_turnover_missing,0.0
2021-01-31,residual_3m,lottery_avoidance_missing,0.0
2021-01-31,residual_3m,residual_reversal_missing,0.0
2021-01-31,residual_3m,profitability_momentum_missing,0.00045764973630235754
2021-01-31,residual_3m,value_composite_missing,4.710980159178592e-05
2021-01-31,residual_3m,quality_composite_missing,0.01497242863818753
2021-04-30,residual_3m,long_term_reversal_12_1,-0.003965155589172364
2021-04-30,residual_3m,earnings_yield,0.008574239619820546
2021-04-30,residual_3m,book_to_market,0.00032618266171162457
2021-04-30,residual_3m,sales_to_price,0.008203942793766822
2021-04-30,residual_3m,low_volatility,0.0009399561064031402
2021-04-30,residual_3m,large_cap_stability,-0.004217770124422061
2021-04-30,residual_3m,short_reversal,0.01879961373872342
2021-04-30,residual_3m,illiquidity_premium,-0.007912086233180994
2021-04-30,residual_3m,roe,0.01447029742501412
2021-04-30,residual_3m,roa,0.011047588680214937
2021-04-30,residual_3m,gross_margin,0.019700988149702402
2021-04-30,residual_3m,cash_conversion,0.012002646309219647
2021-04-30,residual_3m,medium_reversal_3m,-0.0043906431085070675
2021-04-30,residual_3m,medium_reversal_6m,-0.0004999516724246545
2021-04-30,residual_3m,return_stability_6m,-0.004787443890965067
2021-04-30,residual_3m,return_stability_12m,0.010166149859996292
2021-04-30,residual_3m,downside_stability_12m,-0.0013348602096636024
2021-04-30,residual_3m,low_turnover,-0.007769449977392082
2021-04-30,residual_3m,lottery_avoidance,0.0037790485478085838
2021-04-30,residual_3m,residual_reversal,-0.010958726791676629
2021-04-30,residual_3m,profitability_momentum,0.005389088561886434
2021-04-30,residual_3m,value_composite,0.005377748661244769
2021-04-30,residual_3m,quality_composite,-0.02518324885049727
2021-04-30,residual_3m,long_term_reversal_12_1_missing,-0.0019268115123523312
2021-04-30,residual_3m,earnings_yield_missing,-0.007314021760091292
2021-04-30,residual_3m,book_to_market_missing,-0.0031385633331067636
2021-04-30,residual_3m,sales_to_price_missing,-0.0035544153393296577
2021-04-30,residual_3m,low_volatility_missing,0.0
2021-04-30,residual_3m,large_cap_stability_missing,0.0
2021-04-30,residual_3m,short_reversal_missing,0.0
2021-04-30,residual_3m,illiquidity_premium_missing,0.0
2021-04-30,residual_3m,roe_missing,-0.006555636995093225
2021-04-30,residual_3m,roa_missing,-0.009851458873467235
2021-04-30,residual_3m,gross_margin_missing,0.006261980900797427
2021-04-30,residual_3m,cash_conversion_missing,-0.0013080863010846515
2021-04-30,residual_3m,medium_reversal_3m_missing,0.0
2021-04-30,residual_3m,medium_reversal_6m_missing,0.0
2021-04-30,residual_3m,return_stability_6m_missing,0.0
2021-04-30,residual_3m,return_stability_12m_missing,0.0
2021-04-30,residual_3m,downside_stability_12m_missing,0.00312289188788535
2021-04-30,residual_3m,low_turnover_missing,0.0
2021-04-30,residual_3m,lottery_avoidance_missing,0.0
2021-04-30,residual_3m,residual_reversal_missing,0.0
2021-04-30,residual_3m,profitability_momentum_missing,0.0008336958038957952
2021-04-30,residual_3m,value_composite_missing,-0.00014127538556932062
2021-04-30,residual_3m,quality_composite_missing,0.012217602301225518
2021-07-31,residual_3m,long_term_reversal_12_1,-0.004404895896790447
2021-07-31,residual_3m,earnings_yield,0.007395775847724848
2021-07-31,residual_3m,book_to_market,-0.0006803852000813914
2021-07-31,residual_3m,sales_to_price,0.006522668840935525
2021-07-31,residual_3m,low_volatility,0.0017546868758306874
2021-07-31,residual_3m,large_cap_stability,-0.0029524206476823195
2021-07-31,residual_3m,short_reversal,0.021067703733882018
2021-07-31,residual_3m,illiquidity_premium,-0.007295698636822455
2021-07-31,residual_3m,roe,0.014949858837445519
2021-07-31,residual_3m,roa,0.010136506472671367
2021-07-31,residual_3m,gross_margin,0.019604525540141828
2021-07-31,residual_3m,cash_conversion,0.013140929710380072
2021-07-31,residual_3m,medium_reversal_3m,-0.0028329335398404806
2021-07-31,residual_3m,medium_reversal_6m,-0.00133853114327972
2021-07-31,residual_3m,return_stability_6m,-0.00671022372891572
2021-07-31,residual_3m,return_stability_12m,0.01211169070928402
2021-07-31,residual_3m,downside_stability_12m,-0.0026041877721417017
2021-07-31,residual_3m,low_turnover,-0.0077971414626362605
2021-07-31,residual_3m,lottery_avoidance,0.0036271030598953786
2021-07-31,residual_3m,residual_reversal,-0.012512051145553869
2021-07-31,residual_3m,profitability_momentum,0.00404552081318271
2021-07-31,residual_3m,value_composite,0.007931378179671975
2021-07-31,residual_3m,quality_composite,-0.02631951459193771
2021-07-31,residual_3m,long_term_reversal_12_1_missing,-0.0012740492622365853
2021-07-31,residual_3m,earnings_yield_missing,-0.007410818654980769
2021-07-31,residual_3m,book_to_market_missing,-0.0033330692558932334
2021-07-31,residual_3m,sales_to_price_missing,-0.003442354930112737
2021-07-31,residual_3m,low_volatility_missing,0.0
2021-07-31,residual_3m,large_cap_stability_missing,0.0
2021-07-31,residual_3m,short_reversal_missing,0.0
2021-07-31,residual_3m,illiquidity_premium_missing,0.0
2021-07-31,residual_3m,roe_missing,-0.006905448879154271
2021-07-31,residual_3m,roa_missing,-0.010368832959027855
2021-07-31,residual_3m,gross_margin_missing,0.007250943161004782
2021-07-31,residual_3m,cash_conversion_missing,-0.0010590373341123074
2021-07-31,residual_3m,medium_reversal_3m_missing,0.0
2021-07-31,residual_3m,medium_reversal_6m_missing,0.0
2021-07-31,residual_3m,return_stability_6m_missing,0.0
2021-07-31,residual_3m,return_stability_12m_missing,0.0
2021-07-31,residual_3m,downside_stability_12m_missing,0.003145789359066836
2021-07-31,residual_3m,low_turnover_missing,0.0
2021-07-31,residual_3m,lottery_avoidance_missing,0.0
2021-07-31,residual_3m,residual_reversal_missing,0.0
2021-07-31,residual_3m,profitability_momentum_missing,0.0002100117104637966
2021-07-31,residual_3m,value_composite_missing,-0.0003402355824965816
2021-07-31,residual_3m,quality_composite_missing,0.012427878622503925
2021-10-31,residual_3m,long_term_reversal_12_1,-0.005302418207435151
2021-10-31,residual_3m,earnings_yield,0.006885534693208473
2021-10-31,residual_3m,book_to_market,-0.002719075304334275
2021-10-31,residual_3m,sales_to_price,0.0036683318944507105
2021-10-31,residual_3m,low_volatility,0.0025027747522849133
2021-10-31,residual_3m,large_cap_stability,-0.0015456668297273578
2021-10-31,residual_3m,short_reversal,0.019717758316141292
2021-10-31,residual_3m,illiquidity_premium,-0.005837228077109302
2021-10-31,residual_3m,roe,0.009834944117833882
2021-10-31,residual_3m,roa,0.005820524400950126
2021-10-31,residual_3m,gross_margin,0.014923487573795328
2021-10-31,residual_3m,cash_conversion,0.0101458896040523
2021-10-31,residual_3m,medium_reversal_3m,-0.002555754909088347
2021-10-31,residual_3m,medium_reversal_6m,-0.0013088824143058146
2021-10-31,residual_3m,return_stability_6m,-0.005844715107746492
2021-10-31,residual_3m,return_stability_12m,0.010977443174554307
2021-10-31,residual_3m,downside_stability_12m,-0.0010348104638800877
2021-10-31,residual_3m,low_turnover,-0.00856178175392962
2021-10-31,residual_3m,lottery_avoidance,0.003680430128765495
2021-10-31,residual_3m,residual_reversal,-0.012347827601015644
2021-10-31,residual_3m,profitability_momentum,0.0035035235907756286
2021-10-31,residual_3m,value_composite,0.010967500785762524
2021-10-31,residual_3m,quality_composite,-0.017094231590378053
2021-10-31,residual_3m,long_term_reversal_12_1_missing,-0.0018768045676564404
2021-10-31,residual_3m,earnings_yield_missing,-0.0075247344073601855
2021-10-31,residual_3m,book_to_market_missing,-0.00314269288883191
2021-10-31,residual_3m,sales_to_price_missing,-0.00393021852999881
2021-10-31,residual_3m,low_volatility_missing,0.0
2021-10-31,residual_3m,large_cap_stability_missing,0.0
2021-10-31,residual_3m,short_reversal_missing,0.0
2021-10-31,residual_3m,illiquidity_premium_missing,0.0
2021-10-31,residual_3m,roe_missing,-0.008795269787372712
2021-10-31,residual_3m,roa_missing,-0.008833789416599768
2021-10-31,residual_3m,gross_margin_missing,0.007533444385651167
2021-10-31,residual_3m,cash_conversion_missing,-0.0017950152437634958
2021-10-31,residual_3m,medium_reversal_3m_missing,0.0
2021-10-31,residual_3m,medium_reversal_6m_missing,0.0
2021-10-31,residual_3m,return_stability_6m_missing,0.0
2021-10-31,residual_3m,return_stability_12m_missing,0.0
2021-10-31,residual_3m,downside_stability_12m_missing,0.004249844163732405
2021-10-31,residual_3m,low_turnover_missing,0.0
2021-10-31,residual_3m,lottery_avoidance_missing,0.0
2021-10-31,residual_3m,residual_reversal_missing,0.0
2021-10-31,residual_3m,profitability_momentum_missing,0.0008974449466294448
2021-10-31,residual_3m,value_composite_missing,-8.299206440171648e-05
2021-10-31,residual_3m,quality_composite_missing,0.010960618237546908
2022-01-31,residual_3m,long_term_reversal_12_1,-0.004836053681372146
2022-01-31,residual_3m,earnings_yield,0.005915101848767874
2022-01-31,residual_3m,book_to_market,-0.002507115480486211
2022-01-31,residual_3m,sales_to_price,0.002354108113972387
2022-01-31,residual_3m,low_volatility,0.0031960362961802116
2022-01-31,residual_3m,large_cap_stability,-0.0031249144406528635
2022-01-31,residual_3m,short_reversal,0.0192802946303569
2022-01-31,residual_3m,illiquidity_premium,-0.006170612078650529
2022-01-31,residual_3m,roe,0.010267219093128287
2022-01-31,residual_3m,roa,0.004555386503996168
2022-01-31,residual_3m,gross_margin,0.014723596678609816
2022-01-31,residual_3m,cash_conversion,0.010642367021740097
2022-01-31,residual_3m,medium_reversal_3m,-0.0014434039830173101
2022-01-31,residual_3m,medium_reversal_6m,-0.0031033843480187577
2022-01-31,residual_3m,return_stability_6m,-0.005941002487989758
2022-01-31,residual_3m,return_stability_12m,0.012854875399142316
2022-01-31,residual_3m,downside_stability_12m,-0.0022093259750257223
2022-01-31,residual_3m,low_turnover,-0.007109934360430352
2022-01-31,residual_3m,lottery_avoidance,0.0018327266105508683
2022-01-31,residual_3m,residual_reversal,-0.01094013864853127
2022-01-31,residual_3m,profitability_momentum,0.003537954136532099
2022-01-31,residual_3m,value_composite,0.011686359879222086
2022-01-31,residual_3m,quality_composite,-0.01583423965694676
2022-01-31,residual_3m,long_term_reversal_12_1_missing,-0.0017103952157698455
2022-01-31,residual_3m,earnings_yield_missing,-0.00791728619524444
2022-01-31,residual_3m,book_to_market_missing,-0.0038491465287248715
2022-01-31,residual_3m,sales_to_price_missing,-0.004124798086803488
2022-01-31,residual_3m,low_volatility_missing,0.0
2022-01-31,residual_3m,large_cap_stability_missing,0.0
2022-01-31,residual_3m,short_reversal_missing,0.0
2022-01-31,residual_3m,illiquidity_premium_missing,0.0
2022-01-31,residual_3m,roe_missing,-0.007541166203658381
2022-01-31,residual_3m,roa_missing,-0.00815724330206974
2022-01-31,residual_3m,gross_margin_missing,0.00697450108144049
2022-01-31,residual_3m,cash_conversion_missing,-0.001254461382643511
2022-01-31,residual_3m,medium_reversal_3m_missing,0.0
2022-01-31,residual_3m,medium_reversal_6m_missing,0.0
2022-01-31,residual_3m,return_stability_6m_missing,0.0
2022-01-31,residual_3m,return_stability_12m_missing,0.0
2022-01-31,residual_3m,downside_stability_12m_missing,0.0036317304188186704
2022-01-31,residual_3m,low_turnover_missing,0.0
2022-01-31,residual_3m,lottery_avoidance_missing,0.0
2022-01-31,residual_3m,residual_reversal_missing,0.0
2022-01-31,residual_3m,profitability_momentum_missing,0.0006356648699246699
2022-01-31,residual_3m,value_composite_missing,0.00019157880297464457
2022-01-31,residual_3m,quality_composite_missing,0.009759570380131219
2022-04-30,residual_3m,long_term_reversal_12_1,-0.004877317573891745
2022-04-30,residual_3m,earnings_yield,0.005996779408353092
2022-04-30,residual_3m,book_to_market,-0.0034446354763947623
2022-04-30,residual_3m,sales_to_price,0.0018724057898870169
2022-04-30,residual_3m,low_volatility,0.0015406164970290727
2022-04-30,residual_3m,large_cap_stability,-0.006041892111410548
2022-04-30,residual_3m,short_reversal,0.019554062611112862
2022-04-30,residual_3m,illiquidity_premium,-0.007826095562798847
2022-04-30,residual_3m,roe,0.010861379682982425
2022-04-30,residual_3m,roa,0.00666977413955362
2022-04-30,residual_3m,gross_margin,0.01609389253773204
2022-04-30,residual_3m,cash_conversion,0.01233563868474518
2022-04-30,residual_3m,medium_reversal_3m,-0.00166091088325446
2022-04-30,residual_3m,medium_reversal_6m,-0.0027635689055397405
2022-04-30,residual_3m,return_stability_6m,-0.003522107248095344
2022-04-30,residual_3m,return_stability_12m,0.012292385845582036
2022-04-30,residual_3m,downside_stability_12m,-0.002556941293388915
2022-04-30,residual_3m,low_turnover,-0.006923222436436522
2022-04-30,residual_3m,lottery_avoidance,0.0020752618538280973
2022-04-30,residual_3m,residual_reversal,-0.011278219870801874
2022-04-30,residual_3m,profitability_momentum,0.002892966841518008
2022-04-30,residual_3m,value_composite,0.015580693888040245
2022-04-30,residual_3m,quality_composite,-0.019820400852373347
2022-04-30,residual_3m,long_term_reversal_12_1_missing,-0.004876908912931785
2022-04-30,residual_3m,earnings_yield_missing,-0.007904202496143967
2022-04-30,residual_3m,book_to_market_missing,-0.005056553497201445
2022-04-30,residual_3m,sales_to_price_missing,-0.004059203325285694
2022-04-30,residual_3m,low_volatility_missing,0.0
2022-04-30,residual_3m,large_cap_stability_missing,0.0
2022-04-30,residual_3m,short_reversal_missing,0.0
2022-04-30,residual_3m,illiquidity_premium_missing,0.0
2022-04-30,residual_3m,roe_missing,-0.0061034640452280195
2022-04-30,residual_3m,roa_missing,-0.01038610580470163
2022-04-30,residual_3m,gross_margin_missing,0.007814561309887568
2022-04-30,residual_3m,cash_conversion_missing,-0.0016365543182271672
2022-04-30,residual_3m,medium_reversal_3m_missing,0.0
2022-04-30,residual_3m,medium_reversal_6m_missing,0.0
2022-04-30,residual_3m,return_stability_6m_missing,0.0
2022-04-30,residual_3m,return_stability_12m_missing,0.0
2022-04-30,residual_3m,downside_stability_12m_missing,0.003024160772085879
2022-04-30,residual_3m,low_turnover_missing,0.0
2022-04-30,residual_3m,lottery_avoidance_missing,0.0
2022-04-30,residual_3m,residual_reversal_missing,0.0
2022-04-30,residual_3m,profitability_momentum_missing,-0.0004955864422682055
2022-04-30,residual_3m,value_composite_missing,-6.546275395652311e-05
2022-04-30,residual_3m,quality_composite_missing,0.01174741198216026
2022-07-31,residual_3m,long_term_reversal_12_1,-0.005391823205383714
2022-07-31,residual_3m,earnings_yield,0.005893637527344994
2022-07-31,residual_3m,book_to_market,-0.004281491412598753
2022-07-31,residual_3m,sales_to_price,0.0006286986589979504
2022-07-31,residual_3m,low_volatility,-0.00020672302203445596
2022-07-31,residual_3m,large_cap_stability,-0.006883402618157937
2022-07-31,residual_3m,short_reversal,0.019572466181481882
2022-07-31,residual_3m,illiquidity_premium,-0.006277262549031507
2022-07-31,residual_3m,roe,0.010119058237629385
2022-07-31,residual_3m,roa,0.005941100952583732
2022-07-31,residual_3m,gross_margin,0.015247195952350027
2022-07-31,residual_3m,cash_conversion,0.011481790091361802
2022-07-31,residual_3m,medium_reversal_3m,-0.001396195282452684
2022-07-31,residual_3m,medium_reversal_6m,-0.004073400583601562
2022-07-31,residual_3m,return_stability_6m,-0.002045210200926215
2022-07-31,residual_3m,return_stability_12m,0.011684454584644413
2022-07-31,residual_3m,downside_stability_12m,-0.0011792439225907893
2022-07-31,residual_3m,low_turnover,-0.006172299886569693
2022-07-31,residual_3m,lottery_avoidance,0.002555814296305134
2022-07-31,residual_3m,residual_reversal,-0.011315660118781875
2022-07-31,residual_3m,profitability_momentum,0.002905219227310037
2022-07-31,residual_3m,value_composite,0.01787418704188597
2022-07-31,residual_3m,quality_composite,-0.018048474860329046
2022-07-31,residual_3m,long_term_reversal_12_1_missing,-0.004710629954192442
2022-07-31,residual_3m,earnings_yield_missing,-0.007116361380029789
2022-07-31,residual_3m,book_to_market_missing,-0.005609789267303523
2022-07-31,residual_3m,sales_to_price_missing,-0.004138351348350815
2022-07-31,residual_3m,low_volatility_missing,0.0
2022-07-31,residual_3m,large_cap_stability_missing,0.0
2022-07-31,residual_3m,short_reversal_missing,0.0
2022-07-31,residual_3m,illiquidity_premium_missing,0.0
2022-07-31,residual_3m,roe_missing,-0.004442256406765407
2022-07-31,residual_3m,roa_missing,-0.009117615147329481
2022-07-31,residual_3m,gross_margin_missing,0.008350341880726366
2022-07-31,residual_3m,cash_conversion_missing,-0.0004403264306891267
2022-07-31,residual_3m,medium_reversal_3m_missing,0.0
2022-07-31,residual_3m,medium_reversal_6m_missing,0.0
2022-07-31,residual_3m,return_stability_6m_missing,0.0
2022-07-31,residual_3m,return_stability_12m_missing,0.0
2022-07-31,residual_3m,downside_stability_12m_missing,0.0028286576461073088
2022-07-31,residual_3m,low_turnover_missing,0.0
2022-07-31,residual_3m,lottery_avoidance_missing,0.0
2022-07-31,residual_3m,residual_reversal_missing,0.0
2022-07-31,residual_3m,profitability_momentum_missing,-0.002203141472610853
2022-07-31,residual_3m,value_composite_missing,0.000728588471430101
2022-07-31,residual_3m,quality_composite_missing,0.009896122320397552
2022-10-31,residual_3m,long_term_reversal_12_1,-0.0074154650025834564
2022-10-31,residual_3m,earnings_yield,0.0032838082129802875
2022-10-31,residual_3m,book_to_market,-0.005562291804005108
2022-10-31,residual_3m,sales_to_price,0.0013381775650640189
2022-10-31,residual_3m,low_volatility,0.0018237531460888376
2022-10-31,residual_3m,large_cap_stability,-0.008216744227880256
2022-10-31,residual_3m,short_reversal,0.01966351347298329
2022-10-31,residual_3m,illiquidity_premium,-0.006147051804527572
2022-10-31,residual_3m,roe,0.010514529490824981
2022-10-31,residual_3m,roa,0.0060016994693164365
2022-10-31,residual_3m,gross_margin,0.013913762501074102
2022-10-31,residual_3m,cash_conversion,0.01125354353920355
2022-10-31,residual_3m,medium_reversal_3m,-0.0018769054220569947
2022-10-31,residual_3m,medium_reversal_6m,-0.0022063394539095275
2022-10-31,residual_3m,return_stability_6m,-0.0034958693701984916
2022-10-31,residual_3m,return_stability_12m,0.013773359674483645
2022-10-31,residual_3m,downside_stability_12m,-0.002631640712422197
2022-10-31,residual_3m,low_turnover,-0.005042497383350034
2022-10-31,residual_3m,lottery_avoidance,0.000980013716216633
2022-10-31,residual_3m,residual_reversal,-0.01167119814850619
2022-10-31,residual_3m,profitability_momentum,0.0024048539833585953
2022-10-31,residual_3m,value_composite,0.01965308947022523
2022-10-31,residual_3m,quality_composite,-0.017286728644835346
2022-10-31,residual_3m,long_term_reversal_12_1_missing,-0.005490926971410878
2022-10-31,residual_3m,earnings_yield_missing,-0.005499128605387251
2022-10-31,residual_3m,book_to_market_missing,-0.005223404651165854
2022-10-31,residual_3m,sales_to_price_missing,-0.004236297606978293
2022-10-31,residual_3m,low_volatility_missing,0.0
2022-10-31,residual_3m,large_cap_stability_missing,0.0
2022-10-31,residual_3m,short_reversal_missing,0.0
2022-10-31,residual_3m,illiquidity_premium_missing,0.0
2022-10-31,residual_3m,roe_missing,-0.007356152791225938
2022-10-31,residual_3m,roa_missing,-0.009025705140946883
2022-10-31,residual_3m,gross_margin_missing,0.008295692273111008
2022-10-31,residual_3m,cash_conversion_missing,-0.0006652924486914794
2022-10-31,residual_3m,medium_reversal_3m_missing,0.0
2022-10-31,residual_3m,medium_reversal_6m_missing,0.0
2022-10-31,residual_3m,return_stability_6m_missing,0.0
2022-10-31,residual_3m,return_stability_12m_missing,0.0
2022-10-31,residual_3m,downside_stability_12m_missing,0.0037588871322236195
2022-10-31,residual_3m,low_turnover_missing,0.0
2022-10-31,residual_3m,lottery_avoidance_missing,0.0
2022-10-31,residual_3m,residual_reversal_missing,0.0
2022-10-31,residual_3m,profitability_momentum_missing,-0.002895411023215169
2022-10-31,residual_3m,value_composite_missing,0.0010561350676770317
2022-10-31,residual_3m,quality_composite_missing,0.011840825856100027
2023-01-31,residual_3m,long_term_reversal_12_1,-0.008399147159271297
2023-01-31,residual_3m,earnings_yield,0.0017960875955407112
2023-01-31,residual_3m,book_to_market,-0.006240232646519399
2023-01-31,residual_3m,sales_to_price,0.001731200973443592
2023-01-31,residual_3m,low_volatility,0.0034337165296435576
2023-01-31,residual_3m,large_cap_stability,-0.007809416788324094
2023-01-31,residual_3m,short_reversal,0.0182838559110305
2023-01-31,residual_3m,illiquidity_premium,-0.004309125844595071
2023-01-31,residual_3m,roe,0.006942234873838351
2023-01-31,residual_3m,roa,0.00395155893017452
2023-01-31,residual_3m,gross_margin,0.012892418695598871
2023-01-31,residual_3m,cash_conversion,0.009033535423515607
2023-01-31,residual_3m,medium_reversal_3m,-0.0014729616178978582
2023-01-31,residual_3m,medium_reversal_6m,-0.0013543896102263253
2023-01-31,residual_3m,return_stability_6m,-0.0036332826955686173
2023-01-31,residual_3m,return_stability_12m,0.013241231512996351
2023-01-31,residual_3m,downside_stability_12m,-0.00219701357692628
2023-01-31,residual_3m,low_turnover,-0.0042744254985319485
2023-01-31,residual_3m,lottery_avoidance,-0.00015883990339704028
2023-01-31,residual_3m,residual_reversal,-0.011495740324775142
2023-01-31,residual_3m,profitability_momentum,0.0011799443601065356
2023-01-31,residual_3m,value_composite,0.020965862347705665
2023-01-31,residual_3m,quality_composite,-0.010976258694403466
2023-01-31,residual_3m,long_term_reversal_12_1_missing,-0.007542622816329098
2023-01-31,residual_3m,earnings_yield_missing,-0.0054892431379985115
2023-01-31,residual_3m,book_to_market_missing,-0.004873421601070373
2023-01-31,residual_3m,sales_to_price_missing,-0.004754825613753494
2023-01-31,residual_3m,low_volatility_missing,0.0
2023-01-31,residual_3m,large_cap_stability_missing,0.0
2023-01-31,residual_3m,short_reversal_missing,0.0
2023-01-31,residual_3m,illiquidity_premium_missing,0.0
2023-01-31,residual_3m,roe_missing,-0.007590116589900333
2023-01-31,residual_3m,roa_missing,-0.009779023422340815
2023-01-31,residual_3m,gross_margin_missing,0.008702338496752034
2023-01-31,residual_3m,cash_conversion_missing,-0.0010571386275670242
2023-01-31,residual_3m,medium_reversal_3m_missing,0.0
2023-01-31,residual_3m,medium_reversal_6m_missing,0.0
2023-01-31,residual_3m,return_stability_6m_missing,0.0
2023-01-31,residual_3m,return_stability_12m_missing,0.0
2023-01-31,residual_3m,downside_stability_12m_missing,0.003778939216743311
2023-01-31,residual_3m,low_turnover_missing,0.0
2023-01-31,residual_3m,lottery_avoidance_missing,0.0
2023-01-31,residual_3m,residual_reversal_missing,0.0
2023-01-31,residual_3m,profitability_momentum_missing,-0.0028452981617751523
2023-01-31,residual_3m,value_composite_missing,0.00016589753256698249
2023-01-31,residual_3m,quality_composite_missing,0.01406429440103017
2023-04-30,residual_3m,long_term_reversal_12_1,-0.005944391018440924
2023-04-30,residual_3m,earnings_yield,0.0031731233140738974
2023-04-30,residual_3m,book_to_market,-0.006520617602641981
2023-04-30,residual_3m,sales_to_price,0.0006609353637735576
2023-04-30,residual_3m,low_volatility,0.003558850889213523
2023-04-30,residual_3m,large_cap_stability,-0.010981858725714626
2023-04-30,residual_3m,short_reversal,0.018353797387306504
2023-04-30,residual_3m,illiquidity_premium,-0.00559729093170145
2023-04-30,residual_3m,roe,0.006659372669144162
2023-04-30,residual_3m,roa,0.003971933016965155
2023-04-30,residual_3m,gross_margin,0.012676753580944304
2023-04-30,residual_3m,cash_conversion,0.009203718677812415
2023-04-30,residual_3m,medium_reversal_3m,5.710950224773271e-05
2023-04-30,residual_3m,medium_reversal_6m,-0.0014189908413394638
2023-04-30,residual_3m,return_stability_6m,-0.005074720252914047
2023-04-30,residual_3m,return_stability_12m,0.014264187890703679
2023-04-30,residual_3m,downside_stability_12m,-0.0029595591442114267
2023-04-30,residual_3m,low_turnover,-0.0014746322551461575
2023-04-30,residual_3m,lottery_avoidance,-0.0015501292075568458
2023-04-30,residual_3m,residual_reversal,-0.010695179850203615
2023-04-30,residual_3m,profitability_momentum,0.0006396055281614591
2023-04-30,residual_3m,value_composite,0.021907489279316815
2023-04-30,residual_3m,quality_composite,-0.01152758794638119
2023-04-30,residual_3m,long_term_reversal_12_1_missing,-0.006447574642328513
2023-04-30,residual_3m,earnings_yield_missing,-0.006288442118716118
2023-04-30,residual_3m,book_to_market_missing,-0.0055770405497530704
2023-04-30,residual_3m,sales_to_price_missing,-0.004022386610866408
2023-04-30,residual_3m,low_volatility_missing,0.0
2023-04-30,residual_3m,large_cap_stability_missing,0.0
2023-04-30,residual_3m,short_reversal_missing,0.0
2023-04-30,residual_3m,illiquidity_premium_missing,0.0
2023-04-30,residual_3m,roe_missing,-0.006994285776997383
2023-04-30,residual_3m,roa_missing,-0.00997654805667025
2023-04-30,residual_3m,gross_margin_missing,0.00803491413907454
2023-04-30,residual_3m,cash_conversion_missing,-0.0011922973210860143
2023-04-30,residual_3m,medium_reversal_3m_missing,0.0
2023-04-30,residual_3m,medium_reversal_6m_missing,0.0
2023-04-30,residual_3m,return_stability_6m_missing,0.0
2023-04-30,residual_3m,return_stability_12m_missing,0.0
2023-04-30,residual_3m,downside_stability_12m_missing,0.0046413668728141465
2023-04-30,residual_3m,low_turnover_missing,0.0
2023-04-30,residual_3m,lottery_avoidance_missing,0.0
2023-04-30,residual_3m,residual_reversal_missing,0.0
2023-04-30,residual_3m,profitability_momentum_missing,-0.0038897659725035854
2023-04-30,residual_3m,value_composite_missing,0.0018525615683630944
2023-04-30,residual_3m,quality_composite_missing,0.013310039671221699
2023-07-31,residual_3m,long_term_reversal_12_1,-0.005447578715546119
2023-07-31,residual_3m,earnings_yield,0.004278930427470889
2023-07-31,residual_3m,book_to_market,-0.00718964548894593
2023-07-31,residual_3m,sales_to_price,0.001678796572613051
2023-07-31,residual_3m,low_volatility,0.000454087718244278
2023-07-31,residual_3m,large_cap_stability,-0.011943375574234093
2023-07-31,residual_3m,short_reversal,0.016635828186214754
2023-07-31,residual_3m,illiquidity_premium,-0.0037558654000238037
2023-07-31,residual_3m,roe,0.0012396290618771585
2023-07-31,residual_3m,roa,0.0026246327203286123
2023-07-31,residual_3m,gross_margin,0.013177375749813388
2023-07-31,residual_3m,cash_conversion,0.007951235648680433
2023-07-31,residual_3m,medium_reversal_3m,0.0007445364990616981
2023-07-31,residual_3m,medium_reversal_6m,-0.0057581721374379315
2023-07-31,residual_3m,return_stability_6m,-0.005078929961925663
2023-07-31,residual_3m,return_stability_12m,0.014781775329529307
2023-07-31,residual_3m,downside_stability_12m,-0.0024784766749775923
2023-07-31,residual_3m,low_turnover,0.0007490701580564514
2023-07-31,residual_3m,lottery_avoidance,0.00032465440995025637
2023-07-31,residual_3m,residual_reversal,-0.01110771659715148
2023-07-31,residual_3m,profitability_momentum,0.0012591291836047522
2023-07-31,residual_3m,value_composite,0.022741243010924443
2023-07-31,residual_3m,quality_composite,-0.00898820491887577
2023-07-31,residual_3m,long_term_reversal_12_1_missing,-0.00660334776014229
2023-07-31,residual_3m,earnings_yield_missing,-0.007759080812815248
2023-07-31,residual_3m,book_to_market_missing,-0.005669072555455233
2023-07-31,residual_3m,sales_to_price_missing,-0.0033940247348904907
2023-07-31,residual_3m,low_volatility_missing,0.0
2023-07-31,residual_3m,large_cap_stability_missing,0.0
2023-07-31,residual_3m,short_reversal_missing,0.0
2023-07-31,residual_3m,illiquidity_premium_missing,0.0
2023-07-31,residual_3m,roe_missing,-0.005527171786854737
2023-07-31,residual_3m,roa_missing,-0.012117964894224419
2023-07-31,residual_3m,gross_margin_missing,0.008590221517899238
2023-07-31,residual_3m,cash_conversion_missing,-0.0019756524648976686
2023-07-31,residual_3m,medium_reversal_3m_missing,0.0
2023-07-31,residual_3m,medium_reversal_6m_missing,0.0
2023-07-31,residual_3m,return_stability_6m_missing,0.0
2023-07-31,residual_3m,return_stability_12m_missing,0.0
2023-07-31,residual_3m,downside_stability_12m_missing,0.004089658548861962
2023-07-31,residual_3m,low_turnover_missing,0.0
2023-07-31,residual_3m,lottery_avoidance_missing,0.0
2023-07-31,residual_3m,residual_reversal_missing,0.0
2023-07-31,residual_3m,profitability_momentum_missing,-0.00324348533146553
2023-07-31,residual_3m,value_composite_missing,-0.00026118503600575885
2023-07-31,residual_3m,quality_composite_missing,0.01513450907096242
2023-10-31,residual_3m,long_term_reversal_12_1,-0.006468771854651599
2023-10-31,residual_3m,earnings_yield,0.004991144647248355
2023-10-31,residual_3m,book_to_market,-0.005265271749245843
2023-10-31,residual_3m,sales_to_price,0.0020039705499883594
2023-10-31,residual_3m,low_volatility,0.0017871093609022335
2023-10-31,residual_3m,large_cap_stability,-0.012006399023907651
2023-10-31,residual_3m,short_reversal,0.01748522737977293
2023-10-31,residual_3m,illiquidity_premium,-0.0013166202604683323
2023-10-31,residual_3m,roe,0.003920339697122908
2023-10-31,residual_3m,roa,0.0034426054069799307
2023-10-31,residual_3m,gross_margin,0.014284460173073788
2023-10-31,residual_3m,cash_conversion,0.008880366800117
2023-10-31,residual_3m,medium_reversal_3m,0.000636533840145724
2023-10-31,residual_3m,medium_reversal_6m,-0.006750088781262747
2023-10-31,residual_3m,return_stability_6m,-0.004948706822200459
2023-10-31,residual_3m,return_stability_12m,0.014813356272922781
2023-10-31,residual_3m,downside_stability_12m,-0.0020525045881487677
2023-10-31,residual_3m,low_turnover,0.0020106330968333004
2023-10-31,residual_3m,lottery_avoidance,-0.0019600282793503787
2023-10-31,residual_3m,residual_reversal,-0.010514285213499846
2023-10-31,residual_3m,profitability_momentum,0.0004388930814581677
2023-10-31,residual_3m,value_composite,0.02125651947060451
2023-10-31,residual_3m,quality_composite,-0.012026885924323154
2023-10-31,residual_3m,long_term_reversal_12_1_missing,-0.006292548071567465
2023-10-31,residual_3m,earnings_yield_missing,-0.007598304652745158
2023-10-31,residual_3m,book_to_market_missing,-0.005703545020444474
2023-10-31,residual_3m,sales_to_price_missing,-0.005106139397230255
2023-10-31,residual_3m,low_volatility_missing,0.0
2023-10-31,residual_3m,large_cap_stability_missing,0.0
2023-10-31,residual_3m,short_reversal_missing,0.0
2023-10-31,residual_3m,illiquidity_premium_missing,0.0
2023-10-31,residual_3m,roe_missing,-0.005696758845431035
2023-10-31,residual_3m,roa_missing,-0.011680990099612801
2023-10-31,residual_3m,gross_margin_missing,0.008403564318361374
2023-10-31,residual_3m,cash_conversion_missing,-0.002197759451066653
2023-10-31,residual_3m,medium_reversal_3m_missing,0.0
2023-10-31,residual_3m,medium_reversal_6m_missing,0.0
2023-10-31,residual_3m,return_stability_6m_missing,0.0
2023-10-31,residual_3m,return_stability_12m_missing,0.0
2023-10-31,residual_3m,downside_stability_12m_missing,0.003647635393788503
2023-10-31,residual_3m,low_turnover_missing,0.0
2023-10-31,residual_3m,lottery_avoidance_missing,0.0
2023-10-31,residual_3m,residual_reversal_missing,0.0
2023-10-31,residual_3m,profitability_momentum_missing,-0.002869950513201519
2023-10-31,residual_3m,value_composite_missing,0.00034794655623341514
2023-10-31,residual_3m,quality_composite_missing,0.01574767065639311
2024-01-31,residual_3m,long_term_reversal_12_1,-0.006733453985270477
2024-01-31,residual_3m,earnings_yield,0.0030291281347664583
2024-01-31,residual_3m,book_to_market,-0.0074904099037186025
2024-01-31,residual_3m,sales_to_price,0.001726743628712406
2024-01-31,residual_3m,low_volatility,-0.0007039116889250371
2024-01-31,residual_3m,large_cap_stability,-0.012424805739538717
2024-01-31,residual_3m,short_reversal,0.01748262741693271
2024-01-31,residual_3m,illiquidity_premium,-0.0035638143129103263
2024-01-31,residual_3m,roe,3.2803614178288e-05
2024-01-31,residual_3m,roa,0.005548370925583887
2024-01-31,residual_3m,gross_margin,0.013113125239978969
2024-01-31,residual_3m,cash_conversion,0.008267597040855904
2024-01-31,residual_3m,medium_reversal_3m,0.0018882260249265107
2024-01-31,residual_3m,medium_reversal_6m,-0.0072869312794757
2024-01-31,residual_3m,return_stability_6m,-0.003921424178264164
2024-01-31,residual_3m,return_stability_12m,0.013887418061599736
2024-01-31,residual_3m,downside_stability_12m,-0.001550540054037476
2024-01-31,residual_3m,low_turnover,0.004753614491098518
2024-01-31,residual_3m,lottery_avoidance,-0.0011408802169324747
2024-01-31,residual_3m,residual_reversal,-0.010711388894336316
2024-01-31,residual_3m,profitability_momentum,0.0006044464867155071
2024-01-31,residual_3m,value_composite,0.022037367977497526
2024-01-31,residual_3m,quality_composite,-0.009856256652208375
2024-01-31,residual_3m,long_term_reversal_12_1_missing,-0.00675843426396639
2024-01-31,residual_3m,earnings_yield_missing,-0.004933882207780162
2024-01-31,residual_3m,book_to_market_missing,-0.00688492215735918
2024-01-31,residual_3m,sales_to_price_missing,-0.005329638356477662
2024-01-31,residual_3m,low_volatility_missing,0.0
2024-01-31,residual_3m,large_cap_stability_missing,0.0
2024-01-31,residual_3m,short_reversal_missing,0.0
2024-01-31,residual_3m,illiquidity_premium_missing,0.0
2024-01-31,residual_3m,roe_missing,-0.0070190017904666795
2024-01-31,residual_3m,roa_missing,-0.010804663706602406
2024-01-31,residual_3m,gross_margin_missing,0.009006581360353993
2024-01-31,residual_3m,cash_conversion_missing,-0.0010396237589644288
2024-01-31,residual_3m,medium_reversal_3m_missing,0.0
2024-01-31,residual_3m,medium_reversal_6m_missing,0.0
2024-01-31,residual_3m,return_stability_6m_missing,0.0
2024-01-31,residual_3m,return_stability_12m_missing,0.0
2024-01-31,residual_3m,downside_stability_12m_missing,0.0027736430074958495
2024-01-31,residual_3m,low_turnover_missing,0.0
2024-01-31,residual_3m,lottery_avoidance_missing,0.0
2024-01-31,residual_3m,residual_reversal_missing,0.0
2024-01-31,residual_3m,profitability_momentum_missing,-0.003355156794913425
2024-01-31,residual_3m,value_composite_missing,0.0011084491201038263
2024-01-31,residual_3m,quality_composite_missing,0.013186043272636144
2024-04-30,residual_3m,long_term_reversal_12_1,-0.008033698484036952
2024-04-30,residual_3m,earnings_yield,0.006473928097617373
2024-04-30,residual_3m,book_to_market,-0.005646117150577687
2024-04-30,residual_3m,sales_to_price,0.0047387028726379385
2024-04-30,residual_3m,low_volatility,-0.00015255404752595027
2024-04-30,residual_3m,large_cap_stability,-0.012584999439078464
2024-04-30,residual_3m,short_reversal,0.016658903750504914
2024-04-30,residual_3m,illiquidity_premium,-0.006830394667180806
2024-04-30,residual_3m,roe,-0.00047428430506509683
2024-04-30,residual_3m,roa,0.006777724166931698
2024-04-30,residual_3m,gross_margin,0.013395256275338078
2024-04-30,residual_3m,cash_conversion,0.009513517206503713
2024-04-30,residual_3m,medium_reversal_3m,0.0033988179782537347
2024-04-30,residual_3m,medium_reversal_6m,-0.005562400264470292
2024-04-30,residual_3m,return_stability_6m,-0.005381373362750796
2024-04-30,residual_3m,return_stability_12m,0.012972392026808827
2024-04-30,residual_3m,downside_stability_12m,-0.001352415280242026
2024-04-30,residual_3m,low_turnover,0.0046609111156292815
2024-04-30,residual_3m,lottery_avoidance,-0.0008172566126179966
2024-04-30,residual_3m,residual_reversal,-0.0107268473342512
2024-04-30,residual_3m,profitability_momentum,0.002389605170080084
2024-04-30,residual_3m,value_composite,0.017606318206261965
2024-04-30,residual_3m,quality_composite,-0.012859996222531783
2024-04-30,residual_3m,long_term_reversal_12_1_missing,-0.0072459935877910026
2024-04-30,residual_3m,earnings_yield_missing,-0.00588667688353457
2024-04-30,residual_3m,book_to_market_missing,-0.0055402974861046795
2024-04-30,residual_3m,sales_to_price_missing,-0.004330924218317125
2024-04-30,residual_3m,low_volatility_missing,0.0
2024-04-30,residual_3m,large_cap_stability_missing,0.0
2024-04-30,residual_3m,short_reversal_missing,0.0
2024-04-30,residual_3m,illiquidity_premium_missing,0.0
2024-04-30,residual_3m,roe_missing,-0.003920150485642814
2024-04-30,residual_3m,roa_missing,-0.009839220383093709
2024-04-30,residual_3m,gross_margin_missing,0.009083674367754799
2024-04-30,residual_3m,cash_conversion_missing,-0.0034703509652151544
2024-04-30,residual_3m,medium_reversal_3m_missing,0.0
2024-04-30,residual_3m,medium_reversal_6m_missing,0.0
2024-04-30,residual_3m,return_stability_6m_missing,0.0
2024-04-30,residual_3m,return_stability_12m_missing,0.0
2024-04-30,residual_3m,downside_stability_12m_missing,0.0035382948847330724
2024-04-30,residual_3m,low_turnover_missing,0.0
2024-04-30,residual_3m,lottery_avoidance_missing,0.0
2024-04-30,residual_3m,residual_reversal_missing,0.0
2024-04-30,residual_3m,profitability_momentum_missing,-0.0019373567183289765
2024-04-30,residual_3m,value_composite_missing,0.0003373536787172627
2024-04-30,residual_3m,quality_composite_missing,0.01039601931186365
2024-07-31,residual_3m,long_term_reversal_12_1,-0.009676460990566996
2024-07-31,residual_3m,earnings_yield,0.0046073572009433204
2024-07-31,residual_3m,book_to_market,-0.007512988862082668
2024-07-31,residual_3m,sales_to_price,0.001777855754311173
2024-07-31,residual_3m,low_volatility,0.00023833988188576383
2024-07-31,residual_3m,large_cap_stability,-0.014536015822029315
2024-07-31,residual_3m,short_reversal,0.015060616149689784
2024-07-31,residual_3m,illiquidity_premium,-0.007551999977912467
2024-07-31,residual_3m,roe,-0.003565572157296357
2024-07-31,residual_3m,roa,0.011769920872526244
2024-07-31,residual_3m,gross_margin,0.012784507316073798
2024-07-31,residual_3m,cash_conversion,0.00914025930438507
2024-07-31,residual_3m,medium_reversal_3m,0.0030166021104255257
2024-07-31,residual_3m,medium_reversal_6m,-0.006634738510403849
2024-07-31,residual_3m,return_stability_6m,-0.0031406021867963593
2024-07-31,residual_3m,return_stability_12m,0.013615729488700126
2024-07-31,residual_3m,downside_stability_12m,-0.002513450613586149
2024-07-31,residual_3m,low_turnover,0.0045817585054927215
2024-07-31,residual_3m,lottery_avoidance,-0.00021989015801418817
2024-07-31,residual_3m,residual_reversal,-0.009414405192806232
2024-07-31,residual_3m,profitability_momentum,0.001082741809809645
2024-07-31,residual_3m,value_composite,0.02232607859082498
2024-07-31,residual_3m,quality_composite,-0.013388072182105639
2024-07-31,residual_3m,long_term_reversal_12_1_missing,-0.006047071252860877
2024-07-31,residual_3m,earnings_yield_missing,-0.008484971310310698
2024-07-31,residual_3m,book_to_market_missing,-0.005595533900340956
2024-07-31,residual_3m,sales_to_price_missing,-0.00489494487167565
2024-07-31,residual_3m,low_volatility_missing,0.0
2024-07-31,residual_3m,large_cap_stability_missing,0.0
2024-07-31,residual_3m,short_reversal_missing,0.0
2024-07-31,residual_3m,illiquidity_premium_missing,0.0
2024-07-31,residual_3m,roe_missing,-0.006998558403352264
2024-07-31,residual_3m,roa_missing,-0.009622255997522963
2024-07-31,residual_3m,gross_margin_missing,0.009273370636056287
2024-07-31,residual_3m,cash_conversion_missing,-0.003081651197381278
2024-07-31,residual_3m,medium_reversal_3m_missing,0.0
2024-07-31,residual_3m,medium_reversal_6m_missing,0.0
2024-07-31,residual_3m,return_stability_6m_missing,0.0
2024-07-31,residual_3m,return_stability_12m_missing,0.0
2024-07-31,residual_3m,downside_stability_12m_missing,0.0025714455413544334
2024-07-31,residual_3m,low_turnover_missing,0.0
2024-07-31,residual_3m,lottery_avoidance_missing,0.0
2024-07-31,residual_3m,residual_reversal_missing,0.0
2024-07-31,residual_3m,profitability_momentum_missing,-0.0027466506808652524
2024-07-31,residual_3m,value_composite_missing,0.001364571138967198
2024-07-31,residual_3m,quality_composite_missing,0.01227367428341129
2024-10-31,residual_3m,long_term_reversal_12_1,-0.009093023610428519
2024-10-31,residual_3m,earnings_yield,0.006925877470321442
2024-10-31,residual_3m,book_to_market,-0.0039051630206630014
2024-10-31,residual_3m,sales_to_price,0.00210043405548618
2024-10-31,residual_3m,low_volatility,-0.0008583208873417632
2024-10-31,residual_3m,large_cap_stability,-0.013356353341863955
2024-10-31,residual_3m,short_reversal,0.01793944275501501
2024-10-31,residual_3m,illiquidity_premium,-0.007402752377100077
2024-10-31,residual_3m,roe,-0.003072004170086698
2024-10-31,residual_3m,roa,0.008796377563757172
2024-10-31,residual_3m,gross_margin,0.012337768216470984
2024-10-31,residual_3m,cash_conversion,0.010690625939552785
2024-10-31,residual_3m,medium_reversal_3m,0.0037861558074879635
2024-10-31,residual_3m,medium_reversal_6m,-0.004474731732148736
2024-10-31,residual_3m,return_stability_6m,-0.0032968405807762215
2024-10-31,residual_3m,return_stability_12m,0.01468486891203668
2024-10-31,residual_3m,downside_stability_12m,-0.0018999199157018036
2024-10-31,residual_3m,low_turnover,0.005454307675821665
2024-10-31,residual_3m,lottery_avoidance,-0.000437982904936872
2024-10-31,residual_3m,residual_reversal,-0.012583648698444265
2024-10-31,residual_3m,profitability_momentum,0.0017398555527412295
2024-10-31,residual_3m,value_composite,0.017926044122564766
2024-10-31,residual_3m,quality_composite,-0.012476978246497421
2024-10-31,residual_3m,long_term_reversal_12_1_missing,-0.007720404619849215
2024-10-31,residual_3m,earnings_yield_missing,-0.007758120110969283
2024-10-31,residual_3m,book_to_market_missing,-0.005870072372700908
2024-10-31,residual_3m,sales_to_price_missing,-0.004142750507288431
2024-10-31,residual_3m,low_volatility_missing,0.0
2024-10-31,residual_3m,large_cap_stability_missing,0.0
2024-10-31,residual_3m,short_reversal_missing,0.0
2024-10-31,residual_3m,illiquidity_premium_missing,0.0
2024-10-31,residual_3m,roe_missing,-0.003432907565864048
2024-10-31,residual_3m,roa_missing,-0.009531854195301585
2024-10-31,residual_3m,gross_margin_missing,0.008306088698893136
2024-10-31,residual_3m,cash_conversion_missing,-0.002655901846737116
2024-10-31,residual_3m,medium_reversal_3m_missing,0.0
2024-10-31,residual_3m,medium_reversal_6m_missing,0.0
2024-10-31,residual_3m,return_stability_6m_missing,0.0
2024-10-31,residual_3m,return_stability_12m_missing,0.0
2024-10-31,residual_3m,downside_stability_12m_missing,0.004006247192164226
2024-10-31,residual_3m,low_turnover_missing,0.0
2024-10-31,residual_3m,lottery_avoidance_missing,0.0
2024-10-31,residual_3m,residual_reversal_missing,0.0
2024-10-31,residual_3m,profitability_momentum_missing,-0.004281786074711999
2024-10-31,residual_3m,value_composite_missing,0.0007570847609529897
2024-10-31,residual_3m,quality_composite_missing,0.012096901554104911
2025-01-31,residual_3m,long_term_reversal_12_1,-0.010149604758076927
2025-01-31,residual_3m,earnings_yield,0.00503367239727369
2025-01-31,residual_3m,book_to_market,-0.009686115168603415
2025-01-31,residual_3m,sales_to_price,0.0009965998486975952
2025-01-31,residual_3m,low_volatility,0.0013836285803619343
2025-01-31,residual_3m,large_cap_stability,-0.009179217800550157
2025-01-31,residual_3m,short_reversal,0.016375430784652027
2025-01-31,residual_3m,illiquidity_premium,-0.007179329738921202
2025-01-31,residual_3m,roe,-0.004116952902441814
2025-01-31,residual_3m,roa,0.006490265343272464
2025-01-31,residual_3m,gross_margin,0.011661371642098049
2025-01-31,residual_3m,cash_conversion,0.010137117473283719
2025-01-31,residual_3m,medium_reversal_3m,0.0035078553536059182
2025-01-31,residual_3m,medium_reversal_6m,-0.000829155349564747
2025-01-31,residual_3m,return_stability_6m,-0.00410587185979008
2025-01-31,residual_3m,return_stability_12m,0.015570745725483826
2025-01-31,residual_3m,downside_stability_12m,-0.0005395532955855823
2025-01-31,residual_3m,low_turnover,0.0033717319345045534
2025-01-31,residual_3m,lottery_avoidance,0.00010194005977338542
2025-01-31,residual_3m,residual_reversal,-0.01200273176804565
2025-01-31,residual_3m,profitability_momentum,0.0020525470963928543
2025-01-31,residual_3m,value_composite,0.022779597596434824
2025-01-31,residual_3m,quality_composite,-0.013004664142825268
2025-01-31,residual_3m,long_term_reversal_12_1_missing,-0.007414230737213023
2025-01-31,residual_3m,earnings_yield_missing,-0.008732002645113996
2025-01-31,residual_3m,book_to_market_missing,-0.005173337375547452
2025-01-31,residual_3m,sales_to_price_missing,-0.005242020517319162
2025-01-31,residual_3m,low_volatility_missing,0.0
2025-01-31,residual_3m,large_cap_stability_missing,0.0
2025-01-31,residual_3m,short_reversal_missing,0.0
2025-01-31,residual_3m,illiquidity_premium_missing,0.0
2025-01-31,residual_3m,roe_missing,-0.003911856414093743
2025-01-31,residual_3m,roa_missing,-0.009159294060941016
2025-01-31,residual_3m,gross_margin_missing,0.007848974695901699
2025-01-31,residual_3m,cash_conversion_missing,-0.0019502531333065478
2025-01-31,residual_3m,medium_reversal_3m_missing,0.0
2025-01-31,residual_3m,medium_reversal_6m_missing,0.0
2025-01-31,residual_3m,return_stability_6m_missing,0.0
2025-01-31,residual_3m,return_stability_12m_missing,0.0
2025-01-31,residual_3m,downside_stability_12m_missing,0.0034714107802427834
2025-01-31,residual_3m,low_turnover_missing,0.0
2025-01-31,residual_3m,lottery_avoidance_missing,0.0
2025-01-31,residual_3m,residual_reversal_missing,0.0
2025-01-31,residual_3m,profitability_momentum_missing,-0.004220767878521091
2025-01-31,residual_3m,value_composite_missing,-0.00015685769060216955
2025-01-31,residual_3m,quality_composite_missing,0.011402909153687043
2025-04-30,residual_3m,long_term_reversal_12_1,-0.0099152424127611
2025-04-30,residual_3m,earnings_yield,0.0026196228159949325
2025-04-30,residual_3m,book_to_market,-0.00740602548978412
2025-04-30,residual_3m,sales_to_price,0.0013351180710743493
2025-04-30,residual_3m,low_volatility,-0.0007174186949920311
2025-04-30,residual_3m,large_cap_stability,-0.010737399914095008
2025-04-30,residual_3m,short_reversal,0.015232256059170975
2025-04-30,residual_3m,illiquidity_premium,-0.009245396958127709
2025-04-30,residual_3m,roe,-0.00672378427240176
2025-04-30,residual_3m,roa,0.005857254891835437
2025-04-30,residual_3m,gross_margin,0.00935251225441621
2025-04-30,residual_3m,cash_conversion,0.007798314270351317
2025-04-30,residual_3m,medium_reversal_3m,0.004042929003406168
2025-04-30,residual_3m,medium_reversal_6m,0.0001660755516206884
2025-04-30,residual_3m,return_stability_6m,-0.0027346734349073883
2025-04-30,residual_3m,return_stability_12m,0.014609252352221866
2025-04-30,residual_3m,downside_stability_12m,-0.001983319279894145
2025-04-30,residual_3m,low_turnover,0.005123065366629331
2025-04-30,residual_3m,lottery_avoidance,-0.0007785066439894391
2025-04-30,residual_3m,residual_reversal,-0.010529136821953581
2025-04-30,residual_3m,profitability_momentum,0.0037682373136847533
2025-04-30,residual_3m,value_composite,0.022340029462399477
2025-04-30,residual_3m,quality_composite,-0.006926085843929185
2025-04-30,residual_3m,long_term_reversal_12_1_missing,-0.007210711689287932
2025-04-30,residual_3m,earnings_yield_missing,-0.0074512112246932815
2025-04-30,residual_3m,book_to_market_missing,-0.005600233369115255
2025-04-30,residual_3m,sales_to_price_missing,-0.003376816564850299
2025-04-30,residual_3m,low_volatility_missing,0.0
2025-04-30,residual_3m,large_cap_stability_missing,0.0
2025-04-30,residual_3m,short_reversal_missing,0.0
2025-04-30,residual_3m,illiquidity_premium_missing,0.0
2025-04-30,residual_3m,roe_missing,-0.0014229537757542408
2025-04-30,residual_3m,roa_missing,-0.011172766105220529
2025-04-30,residual_3m,gross_margin_missing,0.00823835785929186
2025-04-30,residual_3m,cash_conversion_missing,-0.003249813520418719
2025-04-30,residual_3m,medium_reversal_3m_missing,0.0
2025-04-30,residual_3m,medium_reversal_6m_missing,0.0
2025-04-30,residual_3m,return_stability_6m_missing,0.0
2025-04-30,residual_3m,return_stability_12m_missing,0.0
2025-04-30,residual_3m,downside_stability_12m_missing,0.0028821547807253585
2025-04-30,residual_3m,low_turnover_missing,0.0
2025-04-30,residual_3m,lottery_avoidance_missing,0.0
2025-04-30,residual_3m,residual_reversal_missing,0.0
2025-04-30,residual_3m,profitability_momentum_missing,-0.005340792504893437
2025-04-30,residual_3m,value_composite_missing,-0.00016684037344670186
2025-04-30,residual_3m,quality_composite_missing,0.010369708672440489
2025-07-31,residual_3m,long_term_reversal_12_1,-0.009336562678174513
2025-07-31,residual_3m,earnings_yield,0.005250659457310522
2025-07-31,residual_3m,book_to_market,-0.007302650783007632
2025-07-31,residual_3m,sales_to_price,0.0021055691301491274
2025-07-31,residual_3m,low_volatility,0.002166335569351185
2025-07-31,residual_3m,large_cap_stability,-0.008484939930657976
2025-07-31,residual_3m,short_reversal,0.01621239342839131
2025-07-31,residual_3m,illiquidity_premium,-0.008210067934475573
2025-07-31,residual_3m,roe,-0.007440000119270492
2025-07-31,residual_3m,roa,0.0010913809301986532
2025-07-31,residual_3m,gross_margin,0.008502384490576423
2025-07-31,residual_3m,cash_conversion,0.0056819681890635555
2025-07-31,residual_3m,medium_reversal_3m,0.004627667456274632
2025-07-31,residual_3m,medium_reversal_6m,-0.0016214710455782699
2025-07-31,residual_3m,return_stability_6m,-0.0019516610111203825
2025-07-31,residual_3m,return_stability_12m,0.013256129035978653
2025-07-31,residual_3m,downside_stability_12m,-0.0028206716135266525
2025-07-31,residual_3m,low_turnover,0.004211373392976084
2025-07-31,residual_3m,lottery_avoidance,-0.003626113242772524
2025-07-31,residual_3m,residual_reversal,-0.010927608163286752
2025-07-31,residual_3m,profitability_momentum,0.002219465960980443
2025-07-31,residual_3m,value_composite,0.01948493326962649
2025-07-31,residual_3m,quality_composite,-0.0035287935508583096
2025-07-31,residual_3m,long_term_reversal_12_1_missing,-0.008347517334892302
2025-07-31,residual_3m,earnings_yield_missing,-0.010611599746543549
2025-07-31,residual_3m,book_to_market_missing,-0.005153077778011455
2025-07-31,residual_3m,sales_to_price_missing,-0.004740808341957974
2025-07-31,residual_3m,low_volatility_missing,0.0
2025-07-31,residual_3m,large_cap_stability_missing,0.0
2025-07-31,residual_3m,short_reversal_missing,0.0
2025-07-31,residual_3m,illiquidity_premium_missing,0.0
2025-07-31,residual_3m,roe_missing,-0.0008941694317168419
2025-07-31,residual_3m,roa_missing,-0.010510805257757945
2025-07-31,residual_3m,gross_margin_missing,0.007908470199859385
2025-07-31,residual_3m,cash_conversion_missing,-0.0022757992793284026
2025-07-31,residual_3m,medium_reversal_3m_missing,0.0
2025-07-31,residual_3m,medium_reversal_6m_missing,0.0
2025-07-31,residual_3m,return_stability_6m_missing,0.0
2025-07-31,residual_3m,return_stability_12m_missing,0.0
2025-07-31,residual_3m,downside_stability_12m_missing,0.002403271591599293
2025-07-31,residual_3m,low_turnover_missing,0.0
2025-07-31,residual_3m,lottery_avoidance_missing,0.0
2025-07-31,residual_3m,residual_reversal_missing,0.0
2025-07-31,residual_3m,profitability_momentum_missing,-0.005308806774794523
2025-07-31,residual_3m,value_composite_missing,0.0007461216543828941
2025-07-31,residual_3m,quality_composite_missing,0.010014974513580532
2025-10-31,residual_3m,long_term_reversal_12_1,-0.011625486097901358
2025-10-31,residual_3m,earnings_yield,0.002959064798359728
2025-10-31,residual_3m,book_to_market,-0.009604975956379158
2025-10-31,residual_3m,sales_to_price,-0.004004933146945974
2025-10-31,residual_3m,low_volatility,0.0007193574130500369
2025-10-31,residual_3m,large_cap_stability,-0.007259510222136384
2025-10-31,residual_3m,short_reversal,0.01085117450975858
2025-10-31,residual_3m,illiquidity_premium,-0.006370770379902039
2025-10-31,residual_3m,roe,-0.004848298707502864
2025-10-31,residual_3m,roa,0.0001184441198175792
2025-10-31,residual_3m,gross_margin,0.010405590095689077
2025-10-31,residual_3m,cash_conversion,0.007425366905898667
2025-10-31,residual_3m,medium_reversal_3m,0.005235270683245354
2025-10-31,residual_3m,medium_reversal_6m,-0.00021441645016128633
2025-10-31,residual_3m,return_stability_6m,-0.0005644027554472928
2025-10-31,residual_3m,return_stability_12m,0.012630205768053702
2025-10-31,residual_3m,downside_stability_12m,-0.0015024418654408403
2025-10-31,residual_3m,low_turnover,0.00421101644836758
2025-10-31,residual_3m,lottery_avoidance,-0.0022874398771310736
2025-10-31,residual_3m,residual_reversal,-0.006682845814469902
2025-10-31,residual_3m,profitability_momentum,0.0041653023317727135
2025-10-31,residual_3m,value_composite,0.02685193704556929
2025-10-31,residual_3m,quality_composite,-0.007854495014318678
2025-10-31,residual_3m,long_term_reversal_12_1_missing,-0.007937971010084836
2025-10-31,residual_3m,earnings_yield_missing,-0.008607505663608737
2025-10-31,residual_3m,book_to_market_missing,-0.006358073774306754
2025-10-31,residual_3m,sales_to_price_missing,-0.0015994985014127707
2025-10-31,residual_3m,low_volatility_missing,0.0
2025-10-31,residual_3m,large_cap_stability_missing,0.0
2025-10-31,residual_3m,short_reversal_missing,0.0
2025-10-31,residual_3m,illiquidity_premium_missing,0.0
2025-10-31,residual_3m,roe_missing,-0.0004173344172200743
2025-10-31,residual_3m,roa_missing,-0.007616675387076184
2025-10-31,residual_3m,gross_margin_missing,0.008862504002063282
2025-10-31,residual_3m,cash_conversion_missing,-0.0038953764680921916
2025-10-31,residual_3m,medium_reversal_3m_missing,0.0
2025-10-31,residual_3m,medium_reversal_6m_missing,0.0
2025-10-31,residual_3m,return_stability_6m_missing,0.0
2025-10-31,residual_3m,return_stability_12m_missing,0.0
2025-10-31,residual_3m,downside_stability_12m_missing,0.0015663092892546882
2025-10-31,residual_3m,low_turnover_missing,0.0
2025-10-31,residual_3m,lottery_avoidance_missing,0.0
2025-10-31,residual_3m,residual_reversal_missing,0.0
2025-10-31,residual_3m,profitability_momentum_missing,-0.005630506111013089
2025-10-31,residual_3m,value_composite_missing,0.0001650187945767334
2025-10-31,residual_3m,quality_composite_missing,0.005304088145268208
